scenario,date,stamp,merge_path,vehicle_prefix,vehicle_role,motor,n_samples,n_valid,n_robust,n_spike_excluded,valid_pct,deck_zero_pct,dshot_zero_pct,bias_rpm,bias_pct,bias_robust_rpm,bias_robust_pct,rmse_raw_rpm,rmse_robust_rpm,max_abs_err_rpm,lag_ms
A1,2026-09-21,12-51-16,experiments/logs/c1_2026-09-21_merged/A1_2026-09-21_12-51-16/A1_2026-09-21_12-51-16_merged_usd.csv,cf5_A1_12-51-16,bottom,1,7554,7554,7536,18,100.0,0.0,0.0,17.431940994175257,0.1049561947177524,-43.43539123553611,-0.26153832899486296,1351.675991465534,168.60369907373004,41603.80621,0.0
A1,2026-09-21,12-51-16,experiments/logs/c1_2026-09-21_merged/A1_2026-09-21_12-51-16/A1_2026-09-21_12-51-16_merged_usd.csv,cf5_A1_12-51-16,bottom,2,7554,7552,7542,10,99.97352396081546,0.0,0.0,-2.4999684103548643,-0.013489604140970222,-33.342546116547325,-0.17991917615741712,896.5454562523358,123.75411781513922,34275.713421,4.0
A1,2026-09-21,12-51-16,experiments/logs/c1_2026-09-21_merged/A1_2026-09-21_12-51-16/A1_2026-09-21_12-51-16_merged_usd.csv,cf5_A1_12-51-16,bottom,3,7554,7553,7546,7,99.98676198040773,0.0,0.0,4.049896437706878,0.022791562517434538,-20.609594099522923,-0.11598130898592636,856.0480815878248,117.8862518022023,42393.668675,2.0
A1,2026-09-21,12-51-16,experiments/logs/c1_2026-09-21_merged/A1_2026-09-21_12-51-16/A1_2026-09-21_12-51-16_merged_usd.csv,cf5_A1_12-51-16,bottom,4,7554,7553,7544,9,99.98676198040773,0.0,0.0,15.637836705150262,0.08347023733166094,-14.64499367669673,-0.07816569631426343,958.0423534868859,151.23717298805875,39663.237569,0.0
A1,2026-09-21,12-51-16,experiments/logs/c1_2026-09-21_merged/A1_2026-09-21_12-51-16/A1_2026-09-21_12-51-16_merged_usd.csv,cf_second_A1_12-51-16,top,1,7554,7553,7542,11,99.98676198040773,0.0,0.0,10.578744121673509,0.06736224304613228,-27.344284553036335,-0.17412091449858294,1060.5476540194563,110.34072802683347,42905.908195,6.0
A1,2026-09-21,12-51-16,experiments/logs/c1_2026-09-21_merged/A1_2026-09-21_12-51-16/A1_2026-09-21_12-51-16_merged_usd.csv,cf_second_A1_12-51-16,top,2,7554,7545,7543,2,99.88085782366957,0.0,0.0,-15.586283079787941,-0.09811114137661806,-25.84273970224049,-0.16267273978918004,647.073890345661,145.19095530569214,40891.355372,2.0
A1,2026-09-21,12-51-16,experiments/logs/c1_2026-09-21_merged/A1_2026-09-21_12-51-16/A1_2026-09-21_12-51-16_merged_usd.csv,cf_second_A1_12-51-16,top,3,7554,7554,7553,1,100.0,0.0,0.0,-13.252702672226642,-0.08233850254665252,-19.002942343307303,-0.11806466697760852,509.3838530581872,99.58298942106498,43418.307533,0.0
A1,2026-09-21,12-51-16,experiments/logs/c1_2026-09-21_merged/A1_2026-09-21_12-51-16/A1_2026-09-21_12-51-16_merged_usd.csv,cf_second_A1_12-51-16,top,4,7554,7554,7550,4,100.0,0.0,0.0,-5.8192925304474405,-0.03689511632373083,-23.263858552317878,-0.1474956733074657,822.1339770605392,148.18931514173994,42012.64,4.0
A1,2026-09-21,13-25-10,experiments/logs/c1_2026-09-21_merged/A1_2026-09-21_13-25-10/A1_2026-09-21_13-25-10_merged_usd.csv,cf5_A1_13-25-10,bottom,1,8054,8053,8050,3,99.98758380928732,0.0,0.0,-12.183533641748422,-0.07646453089140308,-23.53046634434783,-0.1476790405641152,642.2965167721221,135.12382977690777,41950.837973999995,-10.0
A1,2026-09-21,13-25-10,experiments/logs/c1_2026-09-21_merged/A1_2026-09-21_13-25-10/A1_2026-09-21_13-25-10_merged_usd.csv,cf5_A1_13-25-10,bottom,2,8054,8053,8052,1,99.98758380928732,0.0,0.0,-43.90236639215199,-0.28119883237334387,-45.84883348907103,-0.2936667663174352,200.80188748127924,99.95092716852034,15629.050698,4.0
A1,2026-09-21,13-25-10,experiments/logs/c1_2026-09-21_merged/A1_2026-09-21_13-25-10/A1_2026-09-21_13-25-10_merged_usd.csv,cf5_A1_13-25-10,bottom,3,8054,8052,8046,6,99.97516761857462,0.0,0.0,10.74728025881766,0.06551446688149283,-7.275871882798929,-0.0443528224761702,681.7624425241733,104.38013332231937,31843.076610999997,2.0
A1,2026-09-21,13-25-10,experiments/logs/c1_2026-09-21_merged/A1_2026-09-21_13-25-10/A1_2026-09-21_13-25-10_merged_usd.csv,cf5_A1_13-25-10,bottom,4,8054,8054,8051,3,100.0,0.0,0.0,-31.405119249689587,-0.1999890818279755,-42.33569559669606,-0.26959684847011295,607.3745150102754,151.28860236966554,39341.958946,0.0
A1,2026-09-21,13-25-10,experiments/logs/c1_2026-09-21_merged/A1_2026-09-21_13-25-10/A1_2026-09-21_13-25-10_merged_usd.csv,cf_second_A1_13-25-10,top,1,8054,8052,8050,2,99.97516761857462,0.0,0.0,-1.3806094983855113,-0.008686887017459784,-11.573143396024857,-0.07281913109067248,666.001362710042,157.41719332137725,42781.524524,0.0
A1,2026-09-21,13-25-10,experiments/logs/c1_2026-09-21_merged/A1_2026-09-21_13-25-10/A1_2026-09-21_13-25-10_merged_usd.csv,cf_second_A1_13-25-10,top,2,8054,8049,8044,5,99.93791904643655,0.0,0.0,-19.0025226209467,-0.12112441607225545,-36.74361538426156,-0.2342084546441092,766.8692043152894,104.28919881279401,43406.44723599999,-8.0
A1,2026-09-21,13-25-10,experiments/logs/c1_2026-09-21_merged/A1_2026-09-21_13-25-10/A1_2026-09-21_13-25-10_merged_usd.csv,cf_second_A1_13-25-10,top,3,8054,8054,8050,4,100.0,0.0,0.0,-12.125310639433819,-0.07495820506286482,-24.273252401118015,-0.1500567171234242,596.8497150311468,78.94016402555899,38651.817237,0.0
A1,2026-09-21,13-25-10,experiments/logs/c1_2026-09-21_merged/A1_2026-09-21_13-25-10/A1_2026-09-21_13-25-10_merged_usd.csv,cf_second_A1_13-25-10,top,4,8054,8053,8049,4,99.98758380928732,0.0,0.0,-24.94063838345958,-0.15872903493265503,-37.19646331556716,-0.236729067050042,585.2953280958013,96.69605784678009,35696.037411,-2.0
A3,2026-09-21,13-00-57,experiments/logs/c1_2026-09-21_merged/A3_2026-09-21_13-00-57/A3_2026-09-21_13-00-57_merged_usd.csv,cf5_A3_13-00-57,bottom,1,17691,17690,17678,12,99.9943474082867,0.0,0.0,-50.20316861113625,-0.33576053781882037,-69.88048014096617,-0.46736178555778435,817.3081179234165,122.30397102880924,44391.551899,2.0
A3,2026-09-21,13-00-57,experiments/logs/c1_2026-09-21_merged/A3_2026-09-21_13-00-57/A3_2026-09-21_13-00-57_merged_usd.csv,cf5_A3_13-00-57,bottom,2,17691,17688,17683,5,99.9830422248601,0.0,0.0,2.1979001917119017,0.013233852376340793,-5.696084451111231,-0.03429693698464004,508.1384819502138,106.73907388109508,42389.717126,4.0
A3,2026-09-21,13-00-57,experiments/logs/c1_2026-09-21_merged/A3_2026-09-21_13-00-57/A3_2026-09-21_13-00-57_merged_usd.csv,cf5_A3_13-00-57,bottom,3,17691,17689,17683,6,99.9886948165734,0.0,0.0,-39.46505434230313,-0.25273129430757235,-49.55289680365323,-0.3173351225221964,598.6158508801335,135.0550318636906,41541.539747,2.0
A3,2026-09-21,13-00-57,experiments/logs/c1_2026-09-21_merged/A3_2026-09-21_13-00-57/A3_2026-09-21_13-00-57_merged_usd.csv,cf5_A3_13-00-57,bottom,4,17691,17687,17666,21,99.9773896331468,0.0,0.0,17.728116479561255,0.10640764320466765,-11.947464923242391,-0.07171059572330181,926.3204267452599,116.66827362183508,39631.323444999995,0.0
A3,2026-09-21,13-00-57,experiments/logs/c1_2026-09-21_merged/A3_2026-09-21_13-00-57/A3_2026-09-21_13-00-57_merged_usd.csv,cf_second_A3_13-00-57,top,1,17691,17690,17674,16,99.9943474082867,0.0,0.0,-1.1309134956472624,-0.007176742910890031,-25.54323113268078,-0.16209646683167728,881.6178267436941,138.15010964622334,43461.535378,-2.0
A3,2026-09-21,13-00-57,experiments/logs/c1_2026-09-21_merged/A3_2026-09-21_13-00-57/A3_2026-09-21_13-00-57_merged_usd.csv,cf_second_A3_13-00-57,top,2,17691,17687,17680,7,99.9773896331468,0.0,0.0,-34.92769733827105,-0.22259365809248596,-45.48518194213801,-0.2898758026043181,596.3719069367537,110.57318158861068,42635.032083,4.0
A3,2026-09-21,13-00-57,experiments/logs/c1_2026-09-21_merged/A3_2026-09-21_13-00-57/A3_2026-09-21_13-00-57_merged_usd.csv,cf_second_A3_13-00-57,top,3,17691,17690,17674,16,99.9943474082867,0.0,0.0,4.70067406387789,0.028932309205529378,-19.209356821772104,-0.11823215624999694,860.554434303933,126.83683957098177,41137.014675,2.0
A3,2026-09-21,13-00-57,experiments/logs/c1_2026-09-21_merged/A3_2026-09-21_13-00-57/A3_2026-09-21_13-00-57_merged_usd.csv,cf_second_A3_13-00-57,top,4,17691,17690,17670,20,99.9943474082867,0.0,0.0,-13.003737016958736,-0.08278462123243331,-40.701034998528584,-0.2591114336176743,863.948903974429,102.10807379330413,36797.353239000004,4.0
A3,2026-09-21,13-02-56,experiments/logs/c1_2026-09-21_merged/A3_2026-09-21_13-02-56/A3_2026-09-21_13-02-56_merged_usd.csv,cf5_A3_13-02-56,bottom,1,17897,17895,17875,20,99.98882494272783,0.0,0.0,-32.61615939390891,-0.21729466503968106,-62.82803789286713,-0.41856606613602787,983.5292063213998,139.52896849561964,45286.341625,2.0
A3,2026-09-21,13-02-56,experiments/logs/c1_2026-09-21_merged/A3_2026-09-21_13-02-56/A3_2026-09-21_13-02-56_merged_usd.csv,cf5_A3_13-02-56,bottom,2,17897,17889,17874,15,99.95529977091132,0.0,0.0,2.009268911621669,0.012128832551151316,-21.376390931520643,-0.12903545509238237,871.3000405882408,142.48646011243648,43008.794222000004,4.0
A3,2026-09-21,13-02-56,experiments/logs/c1_2026-09-21_merged/A3_2026-09-21_13-02-56/A3_2026-09-21_13-02-56_merged_usd.csv,cf5_A3_13-02-56,bottom,3,17897,17894,17872,22,99.98323741409175,0.0,0.0,-15.525043856544096,-0.09899519876202449,-51.485326904711286,-0.3283038850087326,1090.6458026694763,174.5215513734577,45096.257764,2.0
A3,2026-09-21,13-02-56,experiments/logs/c1_2026-09-21_merged/A3_2026-09-21_13-02-56/A3_2026-09-21_13-02-56_merged_usd.csv,cf5_A3_13-02-56,bottom,4,17897,17894,17864,30,99.98323741409175,0.0,0.0,27.606631060578962,0.16613846397177764,-14.726343874608153,-0.08862411962064877,1109.165391422943,137.7837724201104,39443.508044,2.0
A3,2026-09-21,13-02-56,experiments/logs/c1_2026-09-21_merged/A3_2026-09-21_13-02-56/A3_2026-09-21_13-02-56_merged_usd.csv,cf_second_A3_13-02-56,top,1,17897,17897,17887,10,100.0,0.0,0.0,-18.837486044141475,-0.12019573743013474,-32.41902511678873,-0.20685436929281653,617.2515200925936,87.85199765751602,37866.277078,-2.0
A3,2026-09-21,13-02-56,experiments/logs/c1_2026-09-21_merged/A3_2026-09-21_13-02-56/A3_2026-09-21_13-02-56_merged_usd.csv,cf_second_A3_13-02-56,top,2,17897,17895,17887,8,99.98882494272783,0.0,0.0,-28.924327953897738,-0.1831731275334945,-41.89259423396881,-0.2652975561501622,659.6606351231945,129.71200425749728,42270.281661,2.0
A3,2026-09-21,13-02-56,experiments/logs/c1_2026-09-21_merged/A3_2026-09-21_13-02-56/A3_2026-09-21_13-02-56_merged_usd.csv,cf_second_A3_13-02-56,top,3,17897,17894,17885,9,99.98323741409175,0.0,0.0,-4.546739884598191,-0.02809509446256435,-17.77055680251608,-0.10980758843517402,630.3198287936776,122.75003127356398,40636.754772,2.0
A3,2026-09-21,13-02-56,experiments/logs/c1_2026-09-21_merged/A3_2026-09-21_13-02-56/A3_2026-09-21_13-02-56_merged_usd.csv,cf_second_A3_13-02-56,top,4,17897,17896,17881,15,99.99441247136392,0.0,0.0,-15.20660322071972,-0.09621064737488277,-36.84364519819922,-0.23310604327216072,817.9477214995088,101.21713689519234,42611.980223,4.0
A3,2026-09-21,13-04-34,experiments/logs/c1_2026-09-21_merged/A3_2026-09-21_13-04-34/A3_2026-09-21_13-04-34_merged_usd.csv,cf5_A3_13-04-34,bottom,1,10502,10499,10487,12,99.97143401256903,0.0,0.0,-22.227412011429653,-0.14901610242635124,-56.100887630018114,-0.3760960512429638,1086.306562691006,146.32913107435442,47793.839562,0.0
A3,2026-09-21,13-04-34,experiments/logs/c1_2026-09-21_merged/A3_2026-09-21_13-04-34/A3_2026-09-21_13-04-34_merged_usd.csv,cf5_A3_13-04-34,bottom,2,10502,10498,10491,7,99.96191201675872,0.0,0.0,-4.465127825585829,-0.026831304234996474,-22.24721211400248,-0.1336835093834058,740.1355087853005,139.4175426010221,41309.676804,2.0
A3,2026-09-21,13-04-34,experiments/logs/c1_2026-09-21_merged/A3_2026-09-21_13-04-34/A3_2026-09-21_13-04-34_merged_usd.csv,cf5_A3_13-04-34,bottom,3,10502,10501,10495,6,99.99047800418968,0.0,0.0,-33.4122983333016,-0.2133391203561341,-50.5321837320629,-0.32265690556897,779.8672337764344,151.35921415966237,42801.449799,2.0
A3,2026-09-21,13-04-34,experiments/logs/c1_2026-09-21_merged/A3_2026-09-21_13-04-34/A3_2026-09-21_13-04-34_merged_usd.csv,cf5_A3_13-04-34,bottom,4,10502,10502,10496,6,100.0,0.0,0.0,-4.152182992858504,-0.024948053840290776,-18.193304265243903,-0.10931269673427083,638.3554285051367,90.89940010264948,39379.951777,2.0
A3,2026-09-21,13-04-34,experiments/logs/c1_2026-09-21_merged/A3_2026-09-21_13-04-34/A3_2026-09-21_13-04-34_merged_usd.csv,cf_second_A3_13-04-34,top,1,10502,10501,10491,10,99.99047800418968,0.0,0.0,-6.555505006285114,-0.04191155980091908,-33.64300251749118,-0.2150905330630409,957.8884446153513,129.04053804706854,43143.777442000006,4.0
A3,2026-09-21,13-04-34,experiments/logs/c1_2026-09-21_merged/A3_2026-09-21_13-04-34/A3_2026-09-21_13-04-34_merged_usd.csv,cf_second_A3_13-04-34,top,2,10502,10501,10497,4,99.99047800418968,0.0,0.0,-28.45550289591467,-0.1786742490602372,-37.70830119062588,-0.23677353541945262,515.570205076721,98.13108567877474,35978.739175,0.0
A3,2026-09-21,13-04-34,experiments/logs/c1_2026-09-21_merged/A3_2026-09-21_13-04-34/A3_2026-09-21_13-04-34_merged_usd.csv,cf_second_A3_13-04-34,top,3,10502,10502,10493,9,100.0,0.0,0.0,-4.169844178727844,-0.025932331714633126,-26.613978680834826,-0.16551335053864363,820.947073935779,109.16600586866979,41687.911704000006,-2.0
A3,2026-09-21,13-04-34,experiments/logs/c1_2026-09-21_merged/A3_2026-09-21_13-04-34/A3_2026-09-21_13-04-34_merged_usd.csv,cf_second_A3_13-04-34,top,4,10502,10501,10486,15,99.99047800418968,0.0,0.0,3.185109995238532,0.02016541595097936,-33.662468896814815,-0.21312059887686616,1047.2147265371004,125.6661492177525,41348.052926,24.0
A8,2026-09-21,12-11-05,experiments/logs/c1_2026-09-21_merged/A8_2026-09-21_12-11-05/A8_2026-09-21_12-11-05_merged_usd.csv,cf5_A8_12-11-05,bottom,1,7501,7501,7499,2,100.0,0.0,0.0,-48.94174300013333,-0.32431821486566037,-55.66543042659022,-0.36887352028870785,430.28120171754364,95.24047085205785,30382.795454,2.0
A8,2026-09-21,12-11-05,experiments/logs/c1_2026-09-21_merged/A8_2026-09-21_12-11-05/A8_2026-09-21_12-11-05_merged_usd.csv,cf5_A8_12-11-05,bottom,2,7501,7499,7496,3,99.97333688841488,0.0,0.0,3.9500383869849274,0.02433833447660324,-8.473980774413022,-0.05221278924565538,673.1215610158725,110.32153183306608,43583.654970999996,4.0
A8,2026-09-21,12-11-05,experiments/logs/c1_2026-09-21_merged/A8_2026-09-21_12-11-05/A8_2026-09-21_12-11-05_merged_usd.csv,cf5_A8_12-11-05,bottom,3,7501,7501,7497,4,100.0,0.0,0.0,-8.071868926943075,-0.05005058944417038,-20.70741896425237,-0.12840706620473794,562.5199100852757,84.02604705835202,30739.514852,4.0
A8,2026-09-21,12-11-05,experiments/logs/c1_2026-09-21_merged/A8_2026-09-21_12-11-05/A8_2026-09-21_12-11-05_merged_usd.csv,cf5_A8_12-11-05,bottom,4,7501,7501,7493,8,100.0,0.0,0.0,3.3001182543660805,0.02076003167378387,-23.524465220338985,-0.14798412603461134,885.9226448859544,110.21356663981328,40136.691881000006,0.0
A8,2026-09-21,12-11-05,experiments/logs/c1_2026-09-21_merged/A8_2026-09-21_12-11-05/A8_2026-09-21_12-11-05_merged_usd.csv,cf_second_A8_12-11-05,top,1,7501,7500,7493,7,99.98666844420744,0.0,0.0,6.502942986933332,0.04080713663010849,-17.794301542773248,-0.1116634243948891,839.6470032253028,143.18973916959303,40629.463636,-6.0
A8,2026-09-21,12-11-05,experiments/logs/c1_2026-09-21_merged/A8_2026-09-21_12-11-05/A8_2026-09-21_12-11-05_merged_usd.csv,cf_second_A8_12-11-05,top,2,7501,7499,7494,5,99.97333688841488,0.0,0.0,-24.99395400466728,-0.16105322756324286,-43.98329897638109,-0.2834193914325299,785.0090093894928,128.89595409563415,41541.418108,10.0
A8,2026-09-21,12-11-05,experiments/logs/c1_2026-09-21_merged/A8_2026-09-21_12-11-05/A8_2026-09-21_12-11-05_merged_usd.csv,cf_second_A8_12-11-05,top,3,7501,7500,7491,9,99.98666844420744,0.0,0.0,28.63926634866667,0.17380181442752551,-3.323530909491388,-0.02016949068357522,976.7228402384111,121.97785410816326,42042.579658,0.0
A8,2026-09-21,12-11-05,experiments/logs/c1_2026-09-21_merged/A8_2026-09-21_12-11-05/A8_2026-09-21_12-11-05_merged_usd.csv,cf_second_A8_12-11-05,top,4,7501,7500,7499,1,99.98666844420744,0.0,0.0,-41.371732761866674,-0.2686738295863253,-47.19666886784906,-0.30650107843082935,517.0271723311827,115.73381616671432,43639.82412600001,0.0
A8,2026-09-21,12-11-46,experiments/logs/c1_2026-09-21_merged/A8_2026-09-21_12-11-46/A8_2026-09-21_12-11-46_merged_usd.csv,cf5_A8_12-11-46,bottom,1,7501,7501,7497,4,100.0,0.0,0.0,-50.390676819890665,-0.3383379374510319,-63.5871086662665,-0.4269412373538701,630.7949923495329,98.78307852619959,37794.210145,0.0
A8,2026-09-21,12-11-46,experiments/logs/c1_2026-09-21_merged/A8_2026-09-21_12-11-46/A8_2026-09-21_12-11-46_merged_usd.csv,cf5_A8_12-11-46,bottom,2,7501,7496,7489,7,99.9333422210372,0.0,0.0,27.769365274012788,0.16977098088669576,-1.7613731201762755,-0.010768282954492541,1044.7324705614833,185.6995717640922,42726.776548,2.0
A8,2026-09-21,12-11-46,experiments/logs/c1_2026-09-21_merged/A8_2026-09-21_12-11-46/A8_2026-09-21_12-11-46_merged_usd.csv,cf5_A8_12-11-46,bottom,3,7501,7501,7495,6,100.0,0.0,0.0,-13.322562132648988,-0.08385365454612717,-33.05843152648433,-0.20807211143021442,734.3988619053655,85.71762716628581,35091.020811,0.0
A8,2026-09-21,12-11-46,experiments/logs/c1_2026-09-21_merged/A8_2026-09-21_12-11-46/A8_2026-09-21_12-11-46_merged_usd.csv,cf5_A8_12-11-46,bottom,4,7501,7501,7499,2,100.0,0.0,0.0,-7.368313432875633,-0.04575046517480346,-13.52938997426325,-0.08400520096887674,400.31943900992394,85.30683772407122,29452.75,2.0
A8,2026-09-21,12-11-46,experiments/logs/c1_2026-09-21_merged/A8_2026-09-21_12-11-46/A8_2026-09-21_12-11-46_merged_usd.csv,cf_second_A8_12-11-46,top,1,7501,7499,7495,4,99.97333688841488,0.0,0.0,-20.63862517655687,-0.13124429549011565,-34.061198325016676,-0.2166011210429376,621.4718908511959,93.28423551756498,34707.150197999996,2.0
A8,2026-09-21,12-11-46,experiments/logs/c1_2026-09-21_merged/A8_2026-09-21_12-11-46/A8_2026-09-21_12-11-46_merged_usd.csv,cf_second_A8_12-11-46,top,2,7501,7498,7494,4,99.96000533262232,0.0,0.0,-36.4728133885036,-0.2322959457051051,-49.40708893875101,-0.31467403786312725,622.5519581923817,100.80699118965244,37219.963618,2.0
A8,2026-09-21,12-11-46,experiments/logs/c1_2026-09-21_merged/A8_2026-09-21_12-11-46/A8_2026-09-21_12-11-46_merged_usd.csv,cf_second_A8_12-11-46,top,3,7501,7501,7492,9,100.0,0.0,0.0,15.035918814024784,0.0924170997984231,-17.21461366110519,-0.10580958811247612,999.2936422473937,104.19596393099958,42146.536093999996,0.0
A8,2026-09-21,12-11-46,experiments/logs/c1_2026-09-21_merged/A8_2026-09-21_12-11-46/A8_2026-09-21_12-11-46_merged_usd.csv,cf_second_A8_12-11-46,top,4,7501,7499,7497,2,99.97333688841488,0.0,0.0,-35.90758323803175,-0.22974264798713268,-42.3930989970655,-0.27123868040217747,407.5842130561055,93.45934204984871,25205.360247999997,0.0
A8,2026-09-21,13-14-36,experiments/logs/c1_2026-09-21_merged/A8_2026-09-21_13-14-36/A8_2026-09-21_13-14-36_merged_usd.csv,cf5_A8_13-14-36,bottom,1,13435,13435,13427,8,100.0,0.0,0.0,-40.46599238250837,-0.2714069298632857,-58.13921668257988,-0.3899417917548402,771.1894361576037,128.41892765086672,44835.793829,0.0
A8,2026-09-21,13-14-36,experiments/logs/c1_2026-09-21_merged/A8_2026-09-21_13-14-36/A8_2026-09-21_13-14-36_merged_usd.csv,cf5_A8_13-14-36,bottom,2,13435,13434,13420,14,99.99255675474507,0.0,0.0,23.26793084911418,0.14124748377601595,-0.923872100447099,-0.005607259263400223,816.3977508357793,139.2779200529739,41305.998347,2.0
A8,2026-09-21,13-14-36,experiments/logs/c1_2026-09-21_merged/A8_2026-09-21_13-14-36/A8_2026-09-21_13-14-36_merged_usd.csv,cf5_A8_13-14-36,bottom,3,13435,13434,13413,21,99.99255675474507,0.0,0.0,-6.70470405709394,-0.042972497899198915,-34.390563856482515,-0.22027727986704354,745.2267632970096,117.6387416829809,35761.620876,6.0
A8,2026-09-21,13-14-36,experiments/logs/c1_2026-09-21_merged/A8_2026-09-21_13-14-36/A8_2026-09-21_13-14-36_merged_usd.csv,cf5_A8_13-14-36,bottom,4,13435,13434,13406,28,99.99255675474507,0.0,0.0,26.37508516860205,0.16149252006620757,-16.856576985379686,-0.10315709073933163,1037.2636676927552,139.75810963391928,43273.001039,4.0
A8,2026-09-21,13-14-36,experiments/logs/c1_2026-09-21_merged/A8_2026-09-21_13-14-36/A8_2026-09-21_13-14-36_merged_usd.csv,cf_second_A8_13-14-36,top,1,13435,13431,13423,8,99.97022701898028,0.0,0.0,-1.2378872202367626,-0.007785878068799174,-15.8086313257841,-0.09943066263072677,663.3765981351621,120.45025332663687,39345.865139999994,-8.0
A8,2026-09-21,13-14-36,experiments/logs/c1_2026-09-21_merged/A8_2026-09-21_13-14-36/A8_2026-09-21_13-14-36_merged_usd.csv,cf_second_A8_13-14-36,top,2,13435,13431,13429,2,99.97022701898028,0.0,0.0,-40.14084888117044,-0.25539096695204083,-43.96508883334575,-0.27972231825341076,345.2849945891369,98.51650885186916,34479.285714,4.0
A8,2026-09-21,13-14-36,experiments/logs/c1_2026-09-21_merged/A8_2026-09-21_13-14-36/A8_2026-09-21_13-14-36_merged_usd.csv,cf_second_A8_13-14-36,top,3,13435,13435,13421,14,100.0,0.0,0.0,15.866199755712687,0.09788309016252476,-14.876823663735937,-0.0917793862045554,1032.6329871745456,124.18144370872113,43309.554973000006,2.0
A8,2026-09-21,13-14-36,experiments/logs/c1_2026-09-21_merged/A8_2026-09-21_13-14-36/A8_2026-09-21_13-14-36_merged_usd.csv,cf_second_A8_13-14-36,top,4,13435,13434,13420,14,99.99255675474507,0.0,0.0,-7.768583070046152,-0.04940771738831135,-36.59382266542474,-0.23273324477183305,963.0053503703303,142.1188266231733,42267.085409,-6.0
A1,2026-09-23,17-17-26,experiments/logs/c1_2026-09-23_merged/A1_2026-09-23_17-17-26/A1_2026-09-23_17-17-26_merged_usd.csv,cf5,bottom,1,7805,7803,7799,4,99.97437540038437,0.0,0.0,-9.802728005126223,-0.05582960628837233,-21.91664956481599,-0.12482222960773394,554.7283102610807,105.89397521463461,29641.013216000003,0.0
A1,2026-09-23,17-17-26,experiments/logs/c1_2026-09-23_merged/A1_2026-09-23_17-17-26/A1_2026-09-23_17-17-26_merged_usd.csv,cf5,bottom,2,7805,7805,7803,2,100.0,0.0,0.0,-10.116461426905817,-0.054837403945150076,-15.954562732282438,-0.08648255434293448,441.5438072175386,144.96587496048994,35436.0,2.0
A1,2026-09-23,17-17-26,experiments/logs/c1_2026-09-23_merged/A1_2026-09-23_17-17-26/A1_2026-09-23_17-17-26_merged_usd.csv,cf5,bottom,3,7805,7805,7798,7,100.0,0.0,0.0,4.716683211915438,0.026869968522173736,-21.09620396037446,-0.12019055625429632,926.5404283782692,216.92870030701158,39131.67042,0.0
A1,2026-09-23,17-17-26,experiments/logs/c1_2026-09-23_merged/A1_2026-09-23_17-17-26/A1_2026-09-23_17-17-26_merged_usd.csv,cf5,bottom,4,7805,7805,7791,14,100.0,0.0,0.0,40.20830818129407,0.2186020880958302,-9.536337926710278,-0.0518485035209942,1278.793086688922,209.9689495528031,42805.07262,2.0
A1,2026-09-23,17-17-26,experiments/logs/c1_2026-09-23_merged/A1_2026-09-23_17-17-26/A1_2026-09-23_17-17-26_merged_usd.csv,cf_second,top,1,7805,7804,7797,7,99.98718770019218,0.0,0.0,-2.8753964005638095,-0.01834882463471933,-27.266244701808382,-0.17399472370098357,879.9325776572248,118.26954784700001,43593.54586,12.0
A1,2026-09-23,17-17-26,experiments/logs/c1_2026-09-23_merged/A1_2026-09-23_17-17-26/A1_2026-09-23_17-17-26_merged_usd.csv,cf_second,top,2,7805,7801,7800,1,99.94875080076874,0.0,0.0,-6.29606383079092,-0.03933298277427691,-11.088207708205125,-0.06927049223113202,436.10951355950726,105.60309939952263,37372.426179999995,4.0
A1,2026-09-23,17-17-26,experiments/logs/c1_2026-09-23_merged/A1_2026-09-23_17-17-26/A1_2026-09-23_17-17-26_merged_usd.csv,cf_second,top,3,7805,7805,7791,14,100.0,0.0,0.0,48.67472287443947,0.3010168375150892,0.0546768530355641,0.00033814069360429413,1240.9850159171272,141.06265083900155,43361.107631,44.0
A1,2026-09-23,17-17-26,experiments/logs/c1_2026-09-23_merged/A1_2026-09-23_17-17-26/A1_2026-09-23_17-17-26_merged_usd.csv,cf_second,top,4,7805,7804,7795,9,99.98718770019218,0.0,0.0,5.815937479369552,0.03657067540875553,-24.135054234509305,-0.15176108275399386,945.989707165954,148.32981644430424,37910.485309,4.0
A1,2026-09-23,17-18-48,experiments/logs/c1_2026-09-23_merged/A1_2026-09-23_17-18-48/A1_2026-09-23_17-18-48_merged_usd.csv,cf5,bottom,1,8052,8052,8042,10,100.0,0.0,0.0,11.574002305514167,0.06621508552424418,-26.059172083436952,-0.1490866882161135,1136.7468147049806,204.54322555560404,41269.791392,0.0
A1,2026-09-23,17-18-48,experiments/logs/c1_2026-09-23_merged/A1_2026-09-23_17-18-48/A1_2026-09-23_17-18-48_merged_usd.csv,cf5,bottom,2,8052,8045,8035,10,99.9130650769995,0.0,0.0,21.746644771037918,0.11547667881503007,-11.192347923335397,-0.059429225804538376,1027.3006009547835,227.13964152666352,38753.8125,2.0
A1,2026-09-23,17-18-48,experiments/logs/c1_2026-09-23_merged/A1_2026-09-23_17-18-48/A1_2026-09-23_17-18-48_merged_usd.csv,cf5,bottom,3,8052,8050,8042,8,99.97516145057129,0.0,0.0,1.7920565501863135,0.010126746395354736,-21.629844256030857,-0.12223136462006151,777.5896425313255,103.04206287802226,34273.306364000004,2.0
A1,2026-09-23,17-18-48,experiments/logs/c1_2026-09-23_merged/A1_2026-09-23_17-18-48/A1_2026-09-23_17-18-48_merged_usd.csv,cf5,bottom,4,8052,8050,8036,14,99.97516145057129,0.0,0.0,33.19774130024845,0.1759510261755175,-10.069606160278733,-0.053373393709391447,1128.8968226431534,187.10768288645906,37295.54786399999,0.0
A1,2026-09-23,17-18-48,experiments/logs/c1_2026-09-23_merged/A1_2026-09-23_17-18-48/A1_2026-09-23_17-18-48_merged_usd.csv,cf_second,top,1,8052,8052,8048,4,100.0,0.0,0.0,-22.29000522305018,-0.14317749851584272,-34.8885760371521,-0.22410471612599084,604.8553425967706,89.2012199269485,38348.719688,-2.0
A1,2026-09-23,17-18-48,experiments/logs/c1_2026-09-23_merged/A1_2026-09-23_17-18-48/A1_2026-09-23_17-18-48_merged_usd.csv,cf_second,top,2,8052,8051,8049,2,99.98758072528564,0.0,0.0,-14.971455593963478,-0.09333677501906086,-21.011016742452476,-0.1309889859598661,410.7910096086588,101.31954339629469,31213.78207,4.0
A1,2026-09-23,17-18-48,experiments/logs/c1_2026-09-23_merged/A1_2026-09-23_17-18-48/A1_2026-09-23_17-18-48_merged_usd.csv,cf_second,top,3,8052,8049,8040,9,99.96274217585693,0.0,0.0,24.422579085103738,0.151251250176819,-9.726454153109456,-0.06023620586400402,1087.7910191669137,162.75604919534172,43673.576923,24.0
A1,2026-09-23,17-18-48,experiments/logs/c1_2026-09-23_merged/A1_2026-09-23_17-18-48/A1_2026-09-23_17-18-48_merged_usd.csv,cf_second,top,4,8052,8052,8045,7,100.0,0.0,0.0,0.9284857697466582,0.005828052929318391,-22.50255149993784,-0.141246544945998,860.7272118121521,131.27223195196788,39366.679822000006,-2.0
A1,2026-09-23,17-36-06,experiments/logs/c1_2026-09-23_merged/A1_2026-09-23_17-36-06/A1_2026-09-23_17-36-06_merged_usd.csv,cf5,bottom,1,8055,8054,8048,6,99.98758535071384,0.0,0.0,4.244626145766088,0.02430992777260446,-17.06473880976639,-0.09773549458924705,851.1303267839237,165.3642232226627,41081.211559,0.0
A1,2026-09-23,17-36-06,experiments/logs/c1_2026-09-23_merged/A1_2026-09-23_17-36-06/A1_2026-09-23_17-36-06_merged_usd.csv,cf5,bottom,2,8055,8050,8039,11,99.93792675356922,0.0,0.0,12.402142818633536,0.06831358542906786,-20.98075030153004,-0.1155646946878633,963.9264807311577,170.44599139135062,37320.045956,2.0
A1,2026-09-23,17-36-06,experiments/logs/c1_2026-09-23_merged/A1_2026-09-23_17-36-06/A1_2026-09-23_17-36-06_merged_usd.csv,cf5,bottom,3,8055,8054,8042,12,99.98758535071384,0.0,0.0,14.18855266265212,0.08115845588797205,-25.08932143223077,-0.14350784009670667,1131.7524158399222,172.35290019560804,39971.327621000004,0.0
A1,2026-09-23,17-36-06,experiments/logs/c1_2026-09-23_merged/A1_2026-09-23_17-36-06/A1_2026-09-23_17-36-06_merged_usd.csv,cf5,bottom,4,8055,8053,8046,7,99.97517070142769,0.0,0.0,12.919159761827878,0.06892078058667106,-13.227183461222978,-0.07055987299209182,951.172929437224,210.47626742193518,39373.661715999995,2.0
A1,2026-09-23,17-36-06,experiments/logs/c1_2026-09-23_merged/A1_2026-09-23_17-36-06/A1_2026-09-23_17-36-06_merged_usd.csv,cf_second,top,1,8055,8054,8042,12,99.98758535071384,0.0,0.0,18.12210886602931,0.11569237467710548,-32.2102326779408,-0.2056308397897901,1365.0682291167184,210.14471035619684,43484.012613,4.0
A1,2026-09-23,17-36-06,experiments/logs/c1_2026-09-23_merged/A1_2026-09-23_17-36-06/A1_2026-09-23_17-36-06_merged_usd.csv,cf_second,top,2,8055,8054,8049,5,99.98758535071384,0.0,0.0,-7.670167969207855,-0.04798922648640626,-24.827813869052058,-0.15533823305941627,725.6365564966742,135.67286688383479,37447.817222,4.0
A1,2026-09-23,17-36-06,experiments/logs/c1_2026-09-23_merged/A1_2026-09-23_17-36-06/A1_2026-09-23_17-36-06_merged_usd.csv,cf_second,top,3,8055,8055,8053,2,100.0,0.0,0.0,-17.98000195282433,-0.11122095358367048,-23.985019972184276,-0.14836667156948521,394.9611806902343,80.16420931886846,28477.112720000005,2.0
A1,2026-09-23,17-36-06,experiments/logs/c1_2026-09-23_merged/A1_2026-09-23_17-36-06/A1_2026-09-23_17-36-06_merged_usd.csv,cf_second,top,4,8055,8052,8037,15,99.96275605214153,0.0,0.0,23.370513097988066,0.14777084233096288,-24.534576737961938,-0.1551308156504646,1229.8848872173373,132.0475901368327,41595.839092,8.0
A1,2026-09-23,17-37-26,experiments/logs/c1_2026-09-23_merged/A1_2026-09-23_17-37-26/A1_2026-09-23_17-37-26_merged_usd.csv,cf5,bottom,1,7983,7980,7977,3,99.96242014280345,0.0,0.0,-8.150928794235602,-0.04651255177990916,-19.610775769963656,-0.1119038143919503,644.822630685041,144.80577648075766,41574.945473,0.0
A1,2026-09-23,17-37-26,experiments/logs/c1_2026-09-23_merged/A1_2026-09-23_17-37-26/A1_2026-09-23_17-37-26_merged_usd.csv,cf5,bottom,2,7983,7978,7974,4,99.93736690467243,0.0,0.0,-9.264859188643761,-0.050906713127638885,-21.487929733508896,-0.1180626760293987,646.7396315798605,151.17129367827312,40364.688845000004,2.0
A1,2026-09-23,17-37-26,experiments/logs/c1_2026-09-23_merged/A1_2026-09-23_17-37-26/A1_2026-09-23_17-37-26_merged_usd.csv,cf5,bottom,3,7983,7978,7967,11,99.93736690467243,0.0,0.0,12.29831522148405,0.07039892109335939,-23.031734613907396,-0.13183588373471858,1004.7513573996735,133.03257625565922,43007.961091,0.0
A1,2026-09-23,17-37-26,experiments/logs/c1_2026-09-23_merged/A1_2026-09-23_17-37-26/A1_2026-09-23_17-37-26_merged_usd.csv,cf5,bottom,4,7983,7982,7977,5,99.98747338093449,0.0,0.0,4.027129041092443,0.021887521555047022,-16.870455382474628,-0.09169266152152174,889.963666446585,173.60801245266308,43462.973697,0.0
A1,2026-09-23,17-37-26,experiments/logs/c1_2026-09-23_merged/A1_2026-09-23_17-37-26/A1_2026-09-23_17-37-26_merged_usd.csv,cf_second,top,1,7983,7982,7980,2,99.98747338093449,0.0,0.0,-23.942547985342014,-0.15369834161037285,-34.44608830438596,-0.221125959897294,676.3051968901345,129.35823906215322,43959.530501,0.0
A1,2026-09-23,17-37-26,experiments/logs/c1_2026-09-23_merged/A1_2026-09-23_17-37-26/A1_2026-09-23_17-37-26_merged_usd.csv,cf_second,top,2,7983,7980,7975,5,99.96242014280345,0.0,0.0,-9.909285891228075,-0.06160837254740302,-26.954971393605017,-0.16758533433798126,765.7952559434897,178.32668322742782,42963.083786,4.0
A1,2026-09-23,17-37-26,experiments/logs/c1_2026-09-23_merged/A1_2026-09-23_17-37-26/A1_2026-09-23_17-37-26_merged_usd.csv,cf_second,top,3,7983,7982,7970,12,99.98747338093449,0.0,0.0,18.799855306188917,0.11639254670674395,-17.69650583475534,-0.10956105949971404,981.5655347860215,86.26331706345263,35565.792646999995,-4.0
A1,2026-09-23,17-37-26,experiments/logs/c1_2026-09-23_merged/A1_2026-09-23_17-37-26/A1_2026-09-23_17-37-26_merged_usd.csv,cf_second,top,4,7983,7982,7979,3,99.98747338093449,0.0,0.0,-16.66436565284389,-0.10459836046752843,-27.72636512006516,-0.174032400552394,619.9685165592521,114.2084761396612,42414.44231699999,4.0
A2,2026-09-23,19-21-05,experiments/logs/c1_2026-09-23_merged/A2_2026-09-23_19-21-05/A2_2026-09-23_19-21-05_merged_usd.csv,cf5,bottom,1,14279,14278,14264,14,99.99299670845298,0.0,0.0,-29.539528705420928,-0.19161288361870307,-54.535088737521036,-0.35372821028242485,859.2937836849158,99.55868750437415,39107.71941399999,2.0
A2,2026-09-23,19-21-05,experiments/logs/c1_2026-09-23_merged/A2_2026-09-23_19-21-05/A2_2026-09-23_19-21-05_merged_usd.csv,cf5,bottom,2,14279,14278,14265,13,99.99299670845298,0.0,0.0,13.106909051617876,0.07766113130064803,-10.006573789624959,-0.05929074894907223,802.977920335865,117.66042440774821,41496.265060000005,2.0
A2,2026-09-23,19-21-05,experiments/logs/c1_2026-09-23_merged/A2_2026-09-23_19-21-05/A2_2026-09-23_19-21-05_merged_usd.csv,cf5,bottom,3,14279,14278,14274,4,99.99299670845298,0.0,0.0,-28.9077036431573,-0.1814038019732069,-37.97431804770912,-0.23830369356957498,573.7227649318153,128.0873406424844,42602.588502,0.0
A2,2026-09-23,19-21-05,experiments/logs/c1_2026-09-23_merged/A2_2026-09-23_19-21-05/A2_2026-09-23_19-21-05_merged_usd.csv,cf5,bottom,4,14279,14277,14267,10,99.98599341690594,0.0,0.0,3.265606412761793,0.019151714731848152,-15.9513967111516,-0.09354803866161457,777.9873202831983,141.1130388840154,43533.813824,2.0
A2,2026-09-23,19-21-05,experiments/logs/c1_2026-09-23_merged/A2_2026-09-23_19-21-05/A2_2026-09-23_19-21-05_merged_usd.csv,cf_second,top,1,14279,5271,5268,3,36.914349744379855,63.08565025562014,0.0,-163.17302283798142,-1.1945977507884713,-181.3830486376234,-1.328034692979541,1027.116383673543,627.876804287883,44292.570015000005,0.0
A2,2026-09-23,19-21-05,experiments/logs/c1_2026-09-23_merged/A2_2026-09-23_19-21-05/A2_2026-09-23_19-21-05_merged_usd.csv,cf_second,top,2,14279,4587,4581,6,32.12409832621332,67.86889838223965,0.0,-41.2937566557663,-0.2606236174352257,-72.13893589456451,-0.4553183167942263,908.5175905082066,293.01528259166747,29226.4028,0.0
A2,2026-09-23,19-21-05,experiments/logs/c1_2026-09-23_merged/A2_2026-09-23_19-21-05/A2_2026-09-23_19-21-05_merged_usd.csv,cf_second,top,3,14279,4556,4553,3,31.90699628825548,68.09300371174452,0.0,-95.40062173397716,-0.6058607007099961,-114.91588527849768,-0.7297931570440588,1029.7342233108513,604.843956118086,39690.728805,0.0
A2,2026-09-23,19-21-05,experiments/logs/c1_2026-09-23_merged/A2_2026-09-23_19-21-05/A2_2026-09-23_19-21-05_merged_usd.csv,cf_second,top,4,14279,4619,4616,3,32.34820365571819,67.64479305273478,0.0,-33.19336247282962,-0.2104284002705517,-36.49932043587521,-0.23142259111418226,679.2166251929948,280.99520944451467,38617.057761000004,0.0
A2,2026-09-23,19-27-03,experiments/logs/c1_2026-09-23_merged/A2_2026-09-23_19-27-03/A2_2026-09-23_19-27-03_merged_usd.csv,cf5,bottom,1,14290,14288,14279,9,99.98600419874037,0.0,0.0,-34.682547201987674,-0.22318611731132484,-53.58224835471672,-0.34481026283202876,806.6373164902818,142.39477352978264,42165.102746,0.0
A2,2026-09-23,19-27-03,experiments/logs/c1_2026-09-23_merged/A2_2026-09-23_19-27-03/A2_2026-09-23_19-27-03_merged_usd.csv,cf5,bottom,2,14290,14287,14271,16,99.97900629811056,0.0,0.0,21.82154225883669,0.13006608119215157,-5.309851676476782,-0.03164875958913658,853.6971921132844,137.94572849401044,34779.403727,2.0
A2,2026-09-23,19-27-03,experiments/logs/c1_2026-09-23_merged/A2_2026-09-23_19-27-03/A2_2026-09-23_19-27-03_merged_usd.csv,cf5,bottom,3,14290,14288,14276,12,99.98600419874037,0.0,0.0,-14.29710268169092,-0.08925988652068716,-40.121217685135875,-0.2504873267430783,946.2477025070302,159.6106607329686,43671.681612,0.0
A2,2026-09-23,19-27-03,experiments/logs/c1_2026-09-23_merged/A2_2026-09-23_19-27-03/A2_2026-09-23_19-27-03_merged_usd.csv,cf5,bottom,4,14290,14289,14283,6,99.99300209937019,0.0,0.0,-7.518286047449091,-0.04440881703330758,-17.254210679059025,-0.10191774198943143,503.0606620465704,117.49912100748577,32356.605448999995,0.0
A2,2026-09-23,19-27-03,experiments/logs/c1_2026-09-23_merged/A2_2026-09-23_19-27-03/A2_2026-09-23_19-27-03_merged_usd.csv,cf_second,top,1,14290,4344,4343,1,30.39888033589923,69.60111966410078,0.0,-29.979528087246777,-0.19226027681802474,-39.15639519364495,-0.2511181316871595,655.777070186315,254.8476962260422,39825.15431499999,0.0
A2,2026-09-23,19-27-03,experiments/logs/c1_2026-09-23_merged/A2_2026-09-23_19-27-03/A2_2026-09-23_19-27-03_merged_usd.csv,cf_second,top,2,14290,4441,4437,4,31.077676696990903,68.9153254023793,0.0,-60.14709475613598,-0.38382996971592626,-82.42290096957403,-0.5259991902600787,917.70430975339,412.5108377518401,36905.0737,0.0
A2,2026-09-23,19-27-03,experiments/logs/c1_2026-09-23_merged/A2_2026-09-23_19-27-03/A2_2026-09-23_19-27-03_merged_usd.csv,cf_second,top,3,14290,6600,6596,4,46.186144156752974,53.813855843247026,0.0,-405.1615072909091,-3.7228619469833313,-420.68386821103695,-3.8665194680043404,1286.947983795408,1091.444754476158,40211.317992,0.0
A2,2026-09-23,19-27-03,experiments/logs/c1_2026-09-23_merged/A2_2026-09-23_19-27-03/A2_2026-09-23_19-27-03_merged_usd.csv,cf_second,top,4,14290,4310,4308,2,30.160951714485655,69.82505248425473,0.0,-100.0857563220418,-0.6234014861491697,-111.30763601230271,-0.6932981484338261,897.3327298299762,732.2135777898059,25034.577697,0.0
A3,2026-09-23,17-45-03,experiments/logs/c1_2026-09-23_merged/A3_2026-09-23_17-45-03/A3_2026-09-23_17-45-03_merged_usd.csv,cf5,bottom,1,10969,10967,10965,2,99.98176679733795,0.0,0.0,-44.36507083277104,-0.28904777595658737,-48.325019619243044,-0.3148628509848005,309.33910989810533,99.7227855719639,22549.520362000003,2.0
A3,2026-09-23,17-45-03,experiments/logs/c1_2026-09-23_merged/A3_2026-09-23_17-45-03/A3_2026-09-23_17-45-03_merged_usd.csv,cf5,bottom,2,10969,10963,10958,5,99.94530039201386,0.0,0.0,7.4247355939067825,0.0453430518452795,-8.260197911023901,-0.05044571747117781,769.8012953767084,153.14508308583842,42634.821501,2.0
A3,2026-09-23,17-45-03,experiments/logs/c1_2026-09-23_merged/A3_2026-09-23_17-45-03/A3_2026-09-23_17-45-03_merged_usd.csv,cf5,bottom,3,10969,10968,10960,8,99.99088339866897,0.0,0.0,-5.580109502552878,-0.035371479924492896,-26.588474838777366,-0.1685414044429529,817.5732716014757,126.43907899079127,42817.944,0.0
A3,2026-09-23,17-45-03,experiments/logs/c1_2026-09-23_merged/A3_2026-09-23_17-45-03/A3_2026-09-23_17-45-03_merged_usd.csv,cf5,bottom,4,10969,10967,10962,5,99.98176679733795,0.0,0.0,-1.888386062277752,-0.01151193575836658,-14.689490552545163,-0.08954922963500123,639.0112069236737,134.95911330997106,42748.261091,0.0
A3,2026-09-23,17-45-03,experiments/logs/c1_2026-09-23_merged/A3_2026-09-23_17-45-03/A3_2026-09-23_17-45-03_merged_usd.csv,cf_second,top,1,10969,10967,10962,5,99.98176679733795,0.0,0.0,-25.21187915920488,-0.16263962432527726,-38.987579287082646,-0.25150520656328335,710.7324519847779,135.5775416771822,44394.625062,0.0
A3,2026-09-23,17-45-03,experiments/logs/c1_2026-09-23_merged/A3_2026-09-23_17-45-03/A3_2026-09-23_17-45-03_merged_usd.csv,cf_second,top,2,10969,10967,10960,7,99.98176679733795,0.0,0.0,-4.967215177350246,-0.031042640321449353,-21.350842065784683,-0.13343222889484496,680.476692912428,145.77167851953752,38151.723131,6.0
A3,2026-09-23,17-45-03,experiments/logs/c1_2026-09-23_merged/A3_2026-09-23_17-45-03/A3_2026-09-23_17-45-03_merged_usd.csv,cf_second,top,3,10969,10968,10962,6,99.99088339866897,0.0,0.0,-8.90377757959519,-0.05520072179754097,-22.277813227330782,-0.13811521333320373,600.7859639395683,78.57825840349342,34261.263939,2.0
A3,2026-09-23,17-45-03,experiments/logs/c1_2026-09-23_merged/A3_2026-09-23_17-45-03/A3_2026-09-23_17-45-03_merged_usd.csv,cf_second,top,4,10969,10967,10961,6,99.98176679733795,0.0,0.0,-2.4025092739126497,-0.015051912425347584,-19.01525251026366,-0.1191319337585403,752.1889608004658,135.539597022539,43827.834319,-2.0
A3,2026-09-23,17-46-43,experiments/logs/c1_2026-09-23_merged/A3_2026-09-23_17-46-43/A3_2026-09-23_17-46-43_merged_usd.csv,cf5,bottom,1,10503,10502,10496,6,99.99047891078739,0.0,0.0,-36.31802983631689,-0.2391889262794669,-51.66865652219893,-0.3402793692962521,703.2186533963359,93.67768392803477,44661.328433999995,0.0
A3,2026-09-23,17-46-43,experiments/logs/c1_2026-09-23_merged/A3_2026-09-23_17-46-43/A3_2026-09-23_17-46-43_merged_usd.csv,cf5,bottom,2,10503,10500,10495,5,99.97143673236218,0.0,0.0,6.042904414857127,0.03659661677917076,-6.742834522058135,-0.04083541962800201,640.2253999507958,102.70420125437883,38560.919333,2.0
A3,2026-09-23,17-46-43,experiments/logs/c1_2026-09-23_merged/A3_2026-09-23_17-46-43/A3_2026-09-23_17-46-43_merged_usd.csv,cf5,bottom,3,10503,10503,10492,11,100.0,0.0,0.0,2.0005727823479007,0.012751503150270595,-25.758133591593595,-0.16417817775642396,925.3644087608965,106.99299323899214,43443.523433,2.0
A3,2026-09-23,17-46-43,experiments/logs/c1_2026-09-23_merged/A3_2026-09-23_17-46-43/A3_2026-09-23_17-46-43_merged_usd.csv,cf5,bottom,4,10503,10502,10494,8,99.99047891078739,0.0,0.0,11.865613698343182,0.0717269061895888,-9.600147673623013,-0.05803269069249243,848.0317800179448,160.2341952797476,39902.668246,0.0
A3,2026-09-23,17-46-43,experiments/logs/c1_2026-09-23_merged/A3_2026-09-23_17-46-43/A3_2026-09-23_17-46-43_merged_usd.csv,cf_second,top,1,10503,10502,10488,14,99.99047891078739,0.0,0.0,0.4081751446391157,0.002622610651271818,-35.906612411422586,-0.23070720304089323,1078.3225802766874,144.30540911993916,42723.268015,16.0
A3,2026-09-23,17-46-43,experiments/logs/c1_2026-09-23_merged/A3_2026-09-23_17-46-43/A3_2026-09-23_17-46-43_merged_usd.csv,cf_second,top,2,10503,10500,10498,2,99.97143673236218,0.0,0.0,-17.048941062952377,-0.1063782014938326,-24.916465038007235,-0.1554682582802156,585.1949809761024,131.3615026113093,43095.928144,0.0
A3,2026-09-23,17-46-43,experiments/logs/c1_2026-09-23_merged/A3_2026-09-23_17-46-43/A3_2026-09-23_17-46-43_merged_usd.csv,cf_second,top,3,10503,10502,10498,4,99.99047891078739,0.0,0.0,-15.258557524757192,-0.09470088411341628,-24.32555592408078,-0.150973867818918,502.92064378954683,103.80006961620334,36002.091572000005,2.0
A3,2026-09-23,17-46-43,experiments/logs/c1_2026-09-23_merged/A3_2026-09-23_17-46-43/A3_2026-09-23_17-46-43_merged_usd.csv,cf_second,top,4,10503,10500,10486,14,99.97143673236218,0.0,0.0,10.082622577238096,0.0635089181446787,-22.821207780278463,-0.14374725844899802,950.4181138273988,96.2194669598267,36910.772021000004,12.0
A3,2026-09-23,17-54-32,experiments/logs/c1_2026-09-23_merged/A3_2026-09-23_17-54-32/A3_2026-09-23_17-54-32_merged_usd.csv,cf5,bottom,1,13131,13129,13121,8,99.98476886756531,0.0,0.0,-32.90463805430726,-0.21733566013339856,-50.91033115555216,-0.3362708245933482,802.7793230888954,150.67434072484713,46607.397044,4.0
A3,2026-09-23,17-54-32,experiments/logs/c1_2026-09-23_merged/A3_2026-09-23_17-54-32/A3_2026-09-23_17-54-32_merged_usd.csv,cf5,bottom,2,13131,13123,13112,11,99.93907547026122,0.0,0.0,12.176513290482367,0.07344382228787008,-9.297370993517381,-0.056079623835357896,772.5693633399602,98.2897619061322,41773.930549,0.0
A3,2026-09-23,17-54-32,experiments/logs/c1_2026-09-23_merged/A3_2026-09-23_17-54-32/A3_2026-09-23_17-54-32_merged_usd.csv,cf5,bottom,3,13131,13126,13119,7,99.96192216891326,0.0,0.0,-14.077232522703024,-0.08911038922895592,-30.3252327068374,-0.1919733263869677,765.090055506972,164.9352743471049,42682.284385000006,4.0
A3,2026-09-23,17-54-32,experiments/logs/c1_2026-09-23_merged/A3_2026-09-23_17-54-32/A3_2026-09-23_17-54-32_merged_usd.csv,cf5,bottom,4,13131,13129,13126,3,99.98476886756531,0.0,0.0,-9.308706756264767,-0.0564367586458937,-16.336024481334764,-0.09904172986994174,502.48894914031666,118.9989713090945,39948.669255,0.0
A3,2026-09-23,17-54-32,experiments/logs/c1_2026-09-23_merged/A3_2026-09-23_17-54-32/A3_2026-09-23_17-54-32_merged_usd.csv,cf_second,top,1,13131,13131,13117,14,100.0,0.0,0.0,-18.4193810779834,-0.11903389784845785,-45.09021258984524,-0.2913913679145351,878.4262480327151,91.16779176335325,39569.818561,2.0
A3,2026-09-23,17-54-32,experiments/logs/c1_2026-09-23_merged/A3_2026-09-23_17-54-32/A3_2026-09-23_17-54-32_merged_usd.csv,cf_second,top,2,13131,13127,13121,6,99.9695377351306,0.0,0.0,-12.60064547573704,-0.0779706722802306,-23.71139771846659,-0.14672235925131522,551.1910699607296,91.877799936202,34033.942398,4.0
A3,2026-09-23,17-54-32,experiments/logs/c1_2026-09-23_merged/A3_2026-09-23_17-54-32/A3_2026-09-23_17-54-32_merged_usd.csv,cf_second,top,3,13131,13129,13119,10,99.98476886756531,0.0,0.0,-20.99215464391804,-0.132431874988715,-39.33312693307416,-0.24814078747851903,702.9061223093046,95.19524668897462,35301.154037,-4.0
A3,2026-09-23,17-54-32,experiments/logs/c1_2026-09-23_merged/A3_2026-09-23_17-54-32/A3_2026-09-23_17-54-32_merged_usd.csv,cf_second,top,4,13131,13129,13121,8,99.98476886756531,0.0,0.0,-15.178895715896104,-0.09601392832662406,-30.526797462540962,-0.19309625329346197,647.321553411237,88.01697502257419,33972.116733,4.0
A3,2026-09-23,17-57-32,experiments/logs/c1_2026-09-23_merged/A3_2026-09-23_17-57-32/A3_2026-09-23_17-57-32_merged_usd.csv,cf5,bottom,1,13564,13562,13547,15,99.98525508699498,0.0,0.0,-24.53431150508774,-0.16240815751358037,-53.06620645818262,-0.3512880611158092,906.7088504247151,129.15521071264658,40158.980237,0.0
A3,2026-09-23,17-57-32,experiments/logs/c1_2026-09-23_merged/A3_2026-09-23_17-57-32/A3_2026-09-23_17-57-32_merged_usd.csv,cf5,bottom,2,13564,13564,13551,13,100.0,0.0,0.0,23.544452199793575,0.14116357014981248,-0.964616169950553,-0.00578351471605806,835.1365181359165,107.66431890350819,42933.532374,4.0
A3,2026-09-23,17-57-32,experiments/logs/c1_2026-09-23_merged/A3_2026-09-23_17-57-32/A3_2026-09-23_17-57-32_merged_usd.csv,cf5,bottom,3,13564,13564,13554,10,100.0,0.0,0.0,-17.130236118475388,-0.10805072848613952,-37.41183220694999,-0.23598166542874396,811.5808439466523,129.31013804097188,42132.517766,4.0
A3,2026-09-23,17-57-32,experiments/logs/c1_2026-09-23_merged/A3_2026-09-23_17-57-32/A3_2026-09-23_17-57-32_merged_usd.csv,cf5,bottom,4,13564,13561,13550,11,99.97788263049247,0.0,0.0,6.725281725978898,0.041160800071552,-16.80386940730628,-0.10284352091990921,900.715497535591,150.59505167963746,43045.994858000005,2.0
A3,2026-09-23,17-57-32,experiments/logs/c1_2026-09-23_merged/A3_2026-09-23_17-57-32/A3_2026-09-23_17-57-32_merged_usd.csv,cf_second,top,1,13564,13564,13551,13,100.0,0.0,0.0,-6.783035977587738,-0.0434395635089367,-31.586940836617234,-0.2022873717506354,853.7603146708508,103.31487813986303,41264.921666,-4.0
A3,2026-09-23,17-57-32,experiments/logs/c1_2026-09-23_merged/A3_2026-09-23_17-57-32/A3_2026-09-23_17-57-32_merged_usd.csv,cf_second,top,2,13564,13553,13547,6,99.91890297847243,0.0,0.0,-16.718252433040654,-0.10359391344059087,-29.56926236162988,-0.1832246664879903,663.8291256932139,113.89311571289565,42121.495653,2.0
A3,2026-09-23,17-57-32,experiments/logs/c1_2026-09-23_merged/A3_2026-09-23_17-57-32/A3_2026-09-23_17-57-32_merged_usd.csv,cf_second,top,3,13564,13561,13548,13,99.97788263049247,0.0,0.0,-7.792286882973233,-0.048471421736420134,-30.409975415042815,-0.1891642741553044,754.1899625392948,99.44524852982569,32303.050965000002,-2.0
A3,2026-09-23,17-57-32,experiments/logs/c1_2026-09-23_merged/A3_2026-09-23_17-57-32/A3_2026-09-23_17-57-32_merged_usd.csv,cf_second,top,4,13564,13559,13546,13,99.96313771748747,0.0,0.0,-11.837944351427094,-0.07545143437911399,-36.58609026251292,-0.2331886301059466,832.6964451480437,120.16612111987793,44021.236302000005,-2.0
A7,2026-09-23,19-11-19,experiments/logs/c1_2026-09-23_merged/A7_2026-09-23_19-11-19/A7_2026-09-23_19-11-19_merged_usd.csv,cf5,bottom,1,6418,6418,6418,0,100.0,0.0,0.0,-22.146038095045185,-0.13375155462377275,-22.146038095045185,-0.13375155462377275,95.76483939741458,95.76483939741458,404.63857199999984,0.0
A7,2026-09-23,19-11-19,experiments/logs/c1_2026-09-23_merged/A7_2026-09-23_19-11-19/A7_2026-09-23_19-11-19_merged_usd.csv,cf5,bottom,2,6418,6417,6410,7,99.98441882206295,0.0,0.0,10.482366250740217,0.059529704248167455,-17.96647623572543,-0.10203015738987645,911.8233484875117,167.32269795577446,38923.651377,2.0
A7,2026-09-23,19-11-19,experiments/logs/c1_2026-09-23_merged/A7_2026-09-23_19-11-19/A7_2026-09-23_19-11-19_merged_usd.csv,cf5,bottom,3,6418,6416,6414,2,99.9688376441259,0.0,0.0,-1.5867949409289077,-0.009561076740094326,-14.19431741970687,-0.08552722209344056,738.8361012027108,184.30037136450116,43188.202111,2.0
A7,2026-09-23,19-11-19,experiments/logs/c1_2026-09-23_merged/A7_2026-09-23_19-11-19/A7_2026-09-23_19-11-19_merged_usd.csv,cf5,bottom,4,6418,6416,6405,11,99.9688376441259,0.0,0.0,27.277490838996243,0.15044424474374285,-15.373841899765829,-0.08479442242707638,1109.267996032426,177.9725340181592,37619.395812999996,2.0
A7,2026-09-23,19-11-19,experiments/logs/c1_2026-09-23_merged/A7_2026-09-23_19-11-19/A7_2026-09-23_19-11-19_merged_usd.csv,cf_second,top,1,6418,6418,6414,4,100.0,0.0,0.0,-18.72856992505453,-0.12034242873988579,-33.97996177471156,-0.21834261213945574,660.7272470591605,87.63988697795318,36572.986822,12.0
A7,2026-09-23,19-11-19,experiments/logs/c1_2026-09-23_merged/A7_2026-09-23_19-11-19/A7_2026-09-23_19-11-19_merged_usd.csv,cf_second,top,2,6418,6413,6411,2,99.92209411031475,0.0,0.0,-7.925689720255742,-0.048637809830774294,-15.175198373108735,-0.09312578282779699,423.70921813128604,93.294752888241,26078.298143,-2.0
A7,2026-09-23,19-11-19,experiments/logs/c1_2026-09-23_merged/A7_2026-09-23_19-11-19/A7_2026-09-23_19-11-19_merged_usd.csv,cf_second,top,3,6418,6417,6404,13,99.98441882206295,0.0,0.0,21.445225702664803,0.1361688300400709,-29.73225019081823,-0.18878945458270366,1209.1809928194957,150.2008461264603,37603.019208,36.0
A7,2026-09-23,19-11-19,experiments/logs/c1_2026-09-23_merged/A7_2026-09-23_19-11-19/A7_2026-09-23_19-11-19_merged_usd.csv,cf_second,top,4,6418,6417,6415,2,99.98441882206295,0.0,0.0,-21.934908325853186,-0.137418179458342,-29.805777620264987,-0.18672664872383687,477.76135538816055,91.82189002184806,33534.822457999995,4.0
A7,2026-09-23,19-12-38,experiments/logs/c1_2026-09-23_merged/A7_2026-09-23_19-12-38/A7_2026-09-23_19-12-38_merged_usd.csv,cf5,bottom,1,6398,6396,6393,3,99.96874023132229,0.0,0.0,-9.856454551438405,-0.05961507285754172,-22.658793832316604,-0.13705349961934915,646.180498918579,159.21052678067846,34947.777437,0.0
A7,2026-09-23,19-12-38,experiments/logs/c1_2026-09-23_merged/A7_2026-09-23_19-12-38/A7_2026-09-23_19-12-38_merged_usd.csv,cf5,bottom,2,6398,6397,6391,6,99.98437011566115,0.0,0.0,-0.16263326793809305,-0.0009096249381232577,-21.655209072602098,-0.1211181214328229,739.3632595425809,120.41622318902613,30933.581081,2.0
A7,2026-09-23,19-12-38,experiments/logs/c1_2026-09-23_merged/A7_2026-09-23_19-12-38/A7_2026-09-23_19-12-38_merged_usd.csv,cf5,bottom,3,6398,6398,6398,0,100.0,0.0,0.0,-24.555144382306967,-0.14926548498361203,-24.555144382306967,-0.14926548498361203,95.95284203115786,95.95284203115786,388.2088350000013,2.0
A7,2026-09-23,19-12-38,experiments/logs/c1_2026-09-23_merged/A7_2026-09-23_19-12-38/A7_2026-09-23_19-12-38_merged_usd.csv,cf5,bottom,4,6398,6396,6396,0,99.96874023132229,0.0,0.0,-21.932172028298908,-0.12052388036409992,-21.932172028298908,-0.12052388036409992,120.27703539975035,120.27703539975035,4322.119623999999,2.0
A7,2026-09-23,19-12-38,experiments/logs/c1_2026-09-23_merged/A7_2026-09-23_19-12-38/A7_2026-09-23_19-12-38_merged_usd.csv,cf_second,top,1,6398,6398,6390,8,100.0,0.0,0.0,-0.04271396952171289,-0.00027658694210583236,-35.97874030751172,-0.2329756531811744,1093.6099995732664,149.3835254416638,42909.089201,-4.0
A7,2026-09-23,19-12-38,experiments/logs/c1_2026-09-23_merged/A7_2026-09-23_19-12-38/A7_2026-09-23_19-12-38_merged_usd.csv,cf_second,top,2,6398,6397,6393,4,99.98437011566115,0.0,0.0,-10.087562861810206,-0.06227312288234777,-25.430972537932092,-0.15699143572910992,669.4890155461023,118.2213278372858,36961.691230000004,4.0
A7,2026-09-23,19-12-38,experiments/logs/c1_2026-09-23_merged/A7_2026-09-23_19-12-38/A7_2026-09-23_19-12-38_merged_usd.csv,cf_second,top,3,6398,6398,6392,6,100.0,0.0,0.0,-5.571615274773369,-0.03535800898334971,-28.17193257634543,-0.17878095981312772,757.514755190208,82.54970464483108,31118.291021999998,-4.0
A7,2026-09-23,19-12-38,experiments/logs/c1_2026-09-23_merged/A7_2026-09-23_19-12-38/A7_2026-09-23_19-12-38_merged_usd.csv,cf_second,top,4,6398,6398,6398,0,100.0,0.0,0.0,-24.79333602203814,-0.15387207236778222,-24.79333602203814,-0.15387207236778222,91.10940400643689,91.10940400643689,377.2659789999998,2.0
A7,2026-09-23,19-13-55,experiments/logs/c1_2026-09-23_merged/A7_2026-09-23_19-13-55/A7_2026-09-23_19-13-55_merged_usd.csv,cf5,bottom,1,6398,6397,6394,3,99.98437011566115,0.0,0.0,-9.463432935438503,-0.057285267048774804,-23.17994395605256,-0.140318850005035,679.6501966666511,145.4408103969483,40593.745168,0.0
A7,2026-09-23,19-13-55,experiments/logs/c1_2026-09-23_merged/A7_2026-09-23_19-13-55/A7_2026-09-23_19-13-55_merged_usd.csv,cf5,bottom,2,6398,6396,6387,9,99.96874023132229,0.0,0.0,19.89455138352094,0.11136773464234155,-16.575955649287625,-0.09278309898359667,1012.30533404714,152.03664271790112,41416.291666000005,2.0
A7,2026-09-23,19-13-55,experiments/logs/c1_2026-09-23_merged/A7_2026-09-23_19-13-55/A7_2026-09-23_19-13-55_merged_usd.csv,cf5,bottom,3,6398,6395,6389,6,99.95311034698344,0.0,0.0,1.8924079823299524,0.011336511756619332,-20.880005808420716,-0.12508354381370626,810.8560906066316,108.04693733770736,38532.210607999994,2.0
A7,2026-09-23,19-13-55,experiments/logs/c1_2026-09-23_merged/A7_2026-09-23_19-13-55/A7_2026-09-23_19-13-55_merged_usd.csv,cf5,bottom,4,6398,6393,6381,12,99.92185057830572,0.0,0.0,28.9075779867042,0.16031717948795438,-14.89434403776838,-0.08260619540601291,1106.995412743906,124.87047857386544,37120.308724999995,2.0
A7,2026-09-23,19-13-55,experiments/logs/c1_2026-09-23_merged/A7_2026-09-23_19-13-55/A7_2026-09-23_19-13-55_merged_usd.csv,cf_second,top,1,6398,6394,6392,2,99.93748046264457,0.0,0.0,-31.500543526587425,-0.20522353910177732,-39.35001874561952,-0.25636181618735693,510.60867267535775,148.67230198492456,36679.058007,2.0
A7,2026-09-23,19-13-55,experiments/logs/c1_2026-09-23_merged/A7_2026-09-23_19-13-55/A7_2026-09-23_19-13-55_merged_usd.csv,cf_second,top,2,6398,6398,6392,6,100.0,0.0,0.0,-0.16073769271647156,-0.0009836238151472085,-23.258808988735918,-0.14233152610279395,828.5358369768383,92.29027521126115,36321.737754,16.0
A7,2026-09-23,19-13-55,experiments/logs/c1_2026-09-23_merged/A7_2026-09-23_19-13-55/A7_2026-09-23_19-13-55_merged_usd.csv,cf_second,top,3,6398,6398,6395,3,100.0,0.0,0.0,-18.866866793529233,-0.12077735923789905,-33.09885952494137,-0.2118852308694308,695.9585194884072,138.74267312508246,42149.150439,0.0
A7,2026-09-23,19-13-55,experiments/logs/c1_2026-09-23_merged/A7_2026-09-23_19-13-55/A7_2026-09-23_19-13-55_merged_usd.csv,cf_second,top,4,6398,6397,6395,2,99.98437011566115,0.0,0.0,-13.769999410504912,-0.08517137119881907,-21.27357048678654,-0.13158345643561656,485.12673764206096,92.27366209170201,36248.697342,0.0
C5,2026-09-23,18-02-55,experiments/logs/c1_2026-09-23_merged/C5_2026-09-23_18-02-55/C5_2026-09-23_18-02-55_merged_usd.csv,cf5,bottom,1,10978,10976,10975,1,99.9817817453088,0.0,0.0,-58.05642902469024,-0.3965506422372174,-62.02726398095673,-0.42367391628299117,431.80630169933863,117.83795991932246,43521.857216000004,-2.0
C5,2026-09-23,18-02-55,experiments/logs/c1_2026-09-23_merged/C5_2026-09-23_18-02-55/C5_2026-09-23_18-02-55_merged_usd.csv,cf5,bottom,2,10978,10976,10970,6,99.9817817453088,0.0,0.0,14.353092645954801,0.08716451498394175,1.2271364519598806,0.0074522593027599475,620.3068015562162,95.05350910408411,36561.294993,6.0
C5,2026-09-23,18-02-55,experiments/logs/c1_2026-09-23_merged/C5_2026-09-23_18-02-55/C5_2026-09-23_18-02-55_merged_usd.csv,cf5,bottom,3,10978,10977,10968,9,99.9908908726544,0.0,0.0,-11.707200762230132,-0.07362913399082362,-33.13213902188185,-0.20837739582898365,798.4637707749935,128.08144739232426,39297.273487,0.0
C5,2026-09-23,18-02-55,experiments/logs/c1_2026-09-23_merged/C5_2026-09-23_18-02-55/C5_2026-09-23_18-02-55_merged_usd.csv,cf5,bottom,4,10978,10977,10962,15,99.9908908726544,0.0,0.0,15.502564619021577,0.09766414551502195,-19.34646245384056,-0.12188079945244341,995.9981116199759,133.21939610339555,40420.789082,2.0
C5,2026-09-23,18-03-53,experiments/logs/c1_2026-09-23_merged/C5_2026-09-23_18-03-53/C5_2026-09-23_18-03-53_merged_usd.csv,cf5,bottom,1,10979,10976,10972,4,99.9726751070225,0.0,0.0,-61.16637294506196,-0.42003525360505434,-70.34015288570907,-0.48303583441321685,496.9770750470665,113.09032013637656,30170.599588000005,0.0
C5,2026-09-23,18-03-53,experiments/logs/c1_2026-09-23_merged/C5_2026-09-23_18-03-53/C5_2026-09-23_18-03-53_merged_usd.csv,cf5,bottom,2,10979,10977,10972,5,99.98178340468166,0.0,0.0,13.62647960562996,0.08255653373324437,0.9947605976121087,0.006026784893806555,654.7987564059727,125.26528838112657,40741.207557,6.0
C5,2026-09-23,18-03-53,experiments/logs/c1_2026-09-23_merged/C5_2026-09-23_18-03-53/C5_2026-09-23_18-03-53_merged_usd.csv,cf5,bottom,3,10979,10979,10974,5,100.0,0.0,0.0,-26.39105290463612,-0.1667065055273898,-39.300472284126116,-0.24825332091476698,650.9245520193347,101.87371649914186,43313.183703,8.0
C5,2026-09-23,18-03-53,experiments/logs/c1_2026-09-23_merged/C5_2026-09-23_18-03-53/C5_2026-09-23_18-03-53_merged_usd.csv,cf5,bottom,4,10979,10978,10967,11,99.99089170234083,0.0,0.0,2.889610021588622,0.018122763739310665,-23.119499674113257,-0.14499927352708128,866.7313267657729,133.55899296111812,41466.280870999995,2.0
C5,2026-09-23,18-06-27,experiments/logs/c1_2026-09-23_merged/C5_2026-09-23_18-06-27/C5_2026-09-23_18-06-27_merged_usd.csv,cf5,bottom,1,10990,10989,10984,5,99.99090081892629,0.0,0.0,-55.80746485694787,-0.38334811344209463,-68.43350023807356,-0.4700822845351466,644.0501031281647,131.48110593770136,40104.453163,0.0
C5,2026-09-23,18-06-27,experiments/logs/c1_2026-09-23_merged/C5_2026-09-23_18-06-27/C5_2026-09-23_18-06-27_merged_usd.csv,cf5,bottom,2,10990,10987,10975,12,99.97270245677889,0.0,0.0,40.07329905806862,0.24109695052187846,10.166361234533019,0.061164801678276946,966.2744277046298,107.58149774113029,43490.801353,10.0
C5,2026-09-23,18-06-27,experiments/logs/c1_2026-09-23_merged/C5_2026-09-23_18-06-27/C5_2026-09-23_18-06-27_merged_usd.csv,cf5,bottom,3,10990,10989,10986,3,99.99090081892629,0.0,0.0,-32.72538506379106,-0.20738903601883246,-41.136748533770245,-0.26069415624881714,560.9926771762251,132.64237893241315,42277.035877,0.0
C5,2026-09-23,18-06-27,experiments/logs/c1_2026-09-23_merged/C5_2026-09-23_18-06-27/C5_2026-09-23_18-06-27_merged_usd.csv,cf5,bottom,4,10990,10987,10971,16,99.97270245677889,0.0,0.0,13.569288611540914,0.08514961759823643,-22.212851856895448,-0.13939122340390844,1016.6856525722211,93.9865526480089,40226.716684,4.0
C5,2026-09-23,18-08-14,experiments/logs/c1_2026-09-23_merged/C5_2026-09-23_18-08-14/C5_2026-09-23_18-08-14_merged_usd.csv,cf5,bottom,1,10989,10988,10984,4,99.99089999089999,0.0,0.0,-48.907733440753546,-0.32641472726764886,-58.04814399881646,-0.38741718728526886,506.6519310458513,103.78690659384387,34461.438553,-2.0
C5,2026-09-23,18-08-14,experiments/logs/c1_2026-09-23_merged/C5_2026-09-23_18-08-14/C5_2026-09-23_18-08-14_merged_usd.csv,cf5,bottom,2,10989,10979,10968,11,99.9089999089999,0.0,0.0,21.198893367246562,0.13052139876243424,-7.820604658734496,-0.04815138751349727,992.1151307447368,169.1169441552508,42809.121212,-6.0
C5,2026-09-23,18-08-14,experiments/logs/c1_2026-09-23_merged/C5_2026-09-23_18-08-14/C5_2026-09-23_18-08-14_merged_usd.csv,cf5,bottom,3,10989,10988,10984,4,99.99089999089999,0.0,0.0,-41.726064167455405,-0.27127448916630437,-54.12816238037145,-0.3519043335607379,703.4766571954929,137.19177440045524,44389.363821,0.0
C5,2026-09-23,18-08-14,experiments/logs/c1_2026-09-23_merged/C5_2026-09-23_18-08-14/C5_2026-09-23_18-08-14_merged_usd.csv,cf5,bottom,4,10989,10988,10979,9,99.99089999089999,0.0,0.0,8.894893514561346,0.05450866009464143,-15.756836096001448,-0.09655939266072422,906.177864928595,165.9981699982578,43408.226278,8.0
C5,2026-09-23,18-16-49,experiments/logs/c1_2026-09-23_merged/C5_2026-09-23_18-16-49/C5_2026-09-23_18-16-49_merged_usd.csv,cf5,bottom,1,10979,10979,10975,4,100.0,0.0,0.0,-48.234667851443675,-0.31954892637733323,-57.47537708400912,-0.38076372259939373,493.2833962714177,94.90956075871293,27624.812154999996,2.0
C5,2026-09-23,18-16-49,experiments/logs/c1_2026-09-23_merged/C5_2026-09-23_18-16-49/C5_2026-09-23_18-16-49_merged_usd.csv,cf5,bottom,2,10979,10975,10972,3,99.96356680936333,0.0,0.0,-5.36872688984055,-0.03313949793036811,-13.649385076558517,-0.08425342616821466,536.6346069034249,110.74026537828816,42820.466339000006,12.0
C5,2026-09-23,18-16-49,experiments/logs/c1_2026-09-23_merged/C5_2026-09-23_18-16-49/C5_2026-09-23_18-16-49_merged_usd.csv,cf5,bottom,3,10979,10979,10972,7,100.0,0.0,0.0,-35.90513683122324,-0.2321131151046509,-53.69700884223477,-0.34713490357970767,775.0751175742397,125.6257722939456,42876.25941,0.0
C5,2026-09-23,18-16-49,experiments/logs/c1_2026-09-23_merged/C5_2026-09-23_18-16-49/C5_2026-09-23_18-16-49_merged_usd.csv,cf5,bottom,4,10979,10978,10971,7,99.99089170234083,0.0,0.0,-1.6236964425214093,-0.009964994032806658,-19.075246267067726,-0.1170683487930389,735.5258988055449,129.15415262511584,41620.18304,24.0
C5,2026-09-23,18-17-45,experiments/logs/c1_2026-09-23_merged/C5_2026-09-23_18-17-45/C5_2026-09-23_18-17-45_merged_usd.csv,cf5,bottom,1,10988,10985,10981,4,99.9726974881689,0.0,0.0,-51.21261126663632,-0.34193184352182077,-60.72887404535106,-0.40546857278346643,562.4565021295116,103.91144063168345,38943.374562,-4.0
C5,2026-09-23,18-17-45,experiments/logs/c1_2026-09-23_merged/C5_2026-09-23_18-17-45/C5_2026-09-23_18-17-45_merged_usd.csv,cf5,bottom,2,10988,10986,10980,6,99.98179832544594,0.0,0.0,12.048417362552334,0.07380745172752462,-4.58551229134791,-0.02809035576959487,771.7013595391121,111.93700150928723,42564.596676,4.0
C5,2026-09-23,18-17-45,experiments/logs/c1_2026-09-23_merged/C5_2026-09-23_18-17-45/C5_2026-09-23_18-17-45_merged_usd.csv,cf5,bottom,3,10988,10988,10981,7,100.0,0.0,0.0,-40.6584700121041,-0.2646397389331255,-57.87304317020306,-0.3766902855795221,742.8873520266011,131.9073639394109,41008.116751,0.0
C5,2026-09-23,18-17-45,experiments/logs/c1_2026-09-23_merged/C5_2026-09-23_18-17-45/C5_2026-09-23_18-17-45_merged_usd.csv,cf5,bottom,4,10988,10985,10972,13,99.9726974881689,0.0,0.0,26.440018984342306,0.16124434420309264,-3.528665057601141,-0.021519845719433807,911.0462645693141,146.22563940459676,39981.944244,0.0
C5,2026-09-23,18-18-41,experiments/logs/c1_2026-09-23_merged/C5_2026-09-23_18-18-41/C5_2026-09-23_18-18-41_merged_usd.csv,cf5,bottom,1,10979,10977,10966,11,99.98178340468166,0.0,0.0,-34.0210712328505,-0.22809247413834707,-61.00017744948021,-0.40897151234825446,936.8925213812657,136.84867017092864,43971.13959399999,4.0
C5,2026-09-23,18-18-41,experiments/logs/c1_2026-09-23_merged/C5_2026-09-23_18-18-41/C5_2026-09-23_18-18-41_merged_usd.csv,cf5,bottom,2,10979,10972,10962,10,99.93624191638582,0.0,0.0,15.593909325555975,0.09567053652508817,-6.107249083014033,-0.0374686249026508,775.0509788764326,94.40941741099708,37582.757874,4.0
C5,2026-09-23,18-18-41,experiments/logs/c1_2026-09-23_merged/C5_2026-09-23_18-18-41/C5_2026-09-23_18-18-41_merged_usd.csv,cf5,bottom,3,10979,10979,10974,5,100.0,0.0,0.0,-47.02988640249567,-0.3065063129230656,-60.1129392259887,-0.39177335245714445,660.4027591370013,123.54513567686924,40706.319214,-4.0
C5,2026-09-23,18-18-41,experiments/logs/c1_2026-09-23_merged/C5_2026-09-23_18-18-41/C5_2026-09-23_18-18-41_merged_usd.csv,cf5,bottom,4,10979,10979,10969,10,100.0,0.0,0.0,24.161738675926756,0.14715544785791168,-4.741197736712565,-0.028875772556739683,1023.9892676193764,175.1066458788289,42492.94,-2.0
C5,2026-09-23,18-21-19,experiments/logs/c1_2026-09-23_merged/C5_2026-09-23_18-21-19/C5_2026-09-23_18-21-19_merged_usd.csv,cf5,bottom,1,10983,10983,10977,6,100.0,0.0,0.0,-41.95564632923609,-0.2805408444173641,-55.94748904764507,-0.3740974303377566,650.6653693597389,94.90280880122528,40193.403483,4.0
C5,2026-09-23,18-21-19,experiments/logs/c1_2026-09-23_merged/C5_2026-09-23_18-21-19/C5_2026-09-23_18-21-19_merged_usd.csv,cf5,bottom,2,10983,10977,10968,9,99.94537011745425,0.0,0.0,19.452880245240042,0.11956275553722329,-1.8886456193472003,-0.011608137584425905,811.4290827362087,122.20728866525891,38966.052316999994,-2.0
C5,2026-09-23,18-21-19,experiments/logs/c1_2026-09-23_merged/C5_2026-09-23_18-21-19/C5_2026-09-23_18-21-19_merged_usd.csv,cf5,bottom,3,10983,10982,10979,3,99.9908950195757,0.0,0.0,-17.980010830996168,-0.11644445595664739,-26.520020543218866,-0.17175159870698528,571.3039650761859,104.57913982105336,42834.594196,2.0
C5,2026-09-23,18-21-19,experiments/logs/c1_2026-09-23_merged/C5_2026-09-23_18-21-19/C5_2026-09-23_18-21-19_merged_usd.csv,cf5,bottom,4,10983,10981,10970,11,99.98179003915142,0.0,0.0,9.399352662690095,0.057541633962269974,-16.268544448769372,-0.0995937916259331,862.4793651254904,109.95033424878228,38311.246779,4.0
A1,2026-09-28,17-47-50,experiments/logs/c1_2026-09-28_merged/A1_2026-09-28_17-47-50/A1_2026-09-28_17-47-50_merged_usd.csv,cf5,bottom,1,7983,7983,7977,6,100.0,0.0,0.0,4.375813863334597,0.02342815545712857,-17.404382546947467,-0.0931847730019258,862.8900393035132,154.87375108205563,43406.836704,0.0
A1,2026-09-28,17-47-50,experiments/logs/c1_2026-09-28_merged/A1_2026-09-28_17-47-50/A1_2026-09-28_17-47-50_merged_usd.csv,cf5,bottom,2,7983,7978,7968,10,99.93736690467243,0.0,0.0,6.30222054261718,0.03536922006576942,-26.601509222891583,-0.14929915972207877,977.3089842089382,166.25827768185033,38513.756904,2.0
A1,2026-09-28,17-47-50,experiments/logs/c1_2026-09-28_merged/A1_2026-09-28_17-47-50/A1_2026-09-28_17-47-50_merged_usd.csv,cf5,bottom,3,7983,7982,7976,6,99.98747338093449,0.0,0.0,6.997800513405173,0.036823036814284754,-14.525884098921754,-0.07643496696135446,847.0627467755892,153.06765880128953,40296.455132,0.0
A1,2026-09-28,17-47-50,experiments/logs/c1_2026-09-28_merged/A1_2026-09-28_17-47-50/A1_2026-09-28_17-47-50_merged_usd.csv,cf5,bottom,4,7983,7981,7969,12,99.97494676186898,0.0,0.0,17.966903988848504,0.1018945374098329,-21.906709132638984,-0.12423852309930865,1137.5877050610943,179.24095229044698,43211.256463,2.0
A1,2026-09-28,17-47-50,experiments/logs/c1_2026-09-28_merged/A1_2026-09-28_17-47-50/A1_2026-09-28_17-47-50_merged_usd.csv,cf_second,top,1,7983,7982,7982,0,99.98747338093449,0.0,0.0,-26.8249656659985,-0.17129014593094616,-26.8249656659985,-0.17129014593094616,84.8968771476655,84.8968771476655,1559.859684000001,2.0
A1,2026-09-28,17-47-50,experiments/logs/c1_2026-09-28_merged/A1_2026-09-28_17-47-50/A1_2026-09-28_17-47-50_merged_usd.csv,cf_second,top,2,7983,7976,7972,4,99.9123136665414,0.0,0.0,-1.091123141800383,-0.006662782769582942,-12.825227798921208,-0.07831549184955881,560.6019776267175,99.5140317151023,33965.618220000004,4.0
A1,2026-09-28,17-47-50,experiments/logs/c1_2026-09-28_merged/A1_2026-09-28_17-47-50/A1_2026-09-28_17-47-50_merged_usd.csv,cf_second,top,3,7983,7982,7981,1,99.98747338093449,0.0,0.0,-7.6870178668253555,-0.04821014996877021,-12.979346999373513,-0.0814016345328419,483.68997245544585,102.61016350514836,42230.391789,2.0
A1,2026-09-28,17-47-50,experiments/logs/c1_2026-09-28_merged/A1_2026-09-28_17-47-50/A1_2026-09-28_17-47-50_merged_usd.csv,cf_second,top,4,7983,7983,7981,2,100.0,0.0,0.0,-17.33834907854191,-0.10862794497251343,-23.41816986492921,-0.1467200008521876,393.8186324628396,86.62222598912497,25397.977154,0.0
A2,2026-09-28,17-49-37,experiments/logs/c1_2026-09-28_merged/A2_2026-09-28_17-49-37/A2_2026-09-28_17-49-37_merged_usd.csv,cf5,bottom,1,7856,7855,7851,4,99.98727087576374,0.0,0.0,-17.092698092807133,-0.09646955390750683,-29.414515517258955,-0.16601139042171476,599.5770437907752,118.14741336765063,34715.91881,0.0
A2,2026-09-28,17-49-37,experiments/logs/c1_2026-09-28_merged/A2_2026-09-28_17-49-37/A2_2026-09-28_17-49-37_merged_usd.csv,cf5,bottom,2,7856,7853,7845,8,99.96181262729124,0.0,0.0,10.04203629440978,0.055464702887890176,-16.473527681453156,-0.09099310060337369,887.5524932144132,201.26303853225986,35086.063221000004,2.0
A2,2026-09-28,17-49-37,experiments/logs/c1_2026-09-28_merged/A2_2026-09-28_17-49-37/A2_2026-09-28_17-49-37_merged_usd.csv,cf5,bottom,3,7856,7856,7843,13,100.0,0.0,0.0,17.639767802062135,0.09673195265729818,-23.292135240851692,-0.1277203573657979,1053.390765081166,151.42113382896935,34444.685417,2.0
A2,2026-09-28,17-49-37,experiments/logs/c1_2026-09-28_merged/A2_2026-09-28_17-49-37/A2_2026-09-28_17-49-37_merged_usd.csv,cf5,bottom,4,7856,7851,7836,15,99.93635437881873,0.0,0.0,34.748149028658794,0.19130184907135303,-12.679473288667669,-0.06979946481889134,1153.6360337417348,174.4250081283259,38229.687720999995,2.0
A2,2026-09-28,17-49-37,experiments/logs/c1_2026-09-28_merged/A2_2026-09-28_17-49-37/A2_2026-09-28_17-49-37_merged_usd.csv,cf_second,top,1,7856,7855,7849,6,99.98727087576374,0.0,0.0,0.03303488427753342,0.00021111217841869028,-24.02359478799847,-0.1535242774222305,943.4337875188411,135.18823396181253,43863.167883,4.0
A2,2026-09-28,17-49-37,experiments/logs/c1_2026-09-28_merged/A2_2026-09-28_17-49-37/A2_2026-09-28_17-49-37_merged_usd.csv,cf_second,top,2,7856,7850,7843,7,99.92362525458249,0.0,0.0,3.482858043566875,0.02146618906099305,-20.079852639296195,-0.12376067537178945,841.7365178561174,137.35509110617565,40973.53112,2.0
A2,2026-09-28,17-49-37,experiments/logs/c1_2026-09-28_merged/A2_2026-09-28_17-49-37/A2_2026-09-28_17-49-37_merged_usd.csv,cf_second,top,3,7856,7856,7850,6,100.0,0.0,0.0,4.478210263365588,0.028108624522301177,-18.64467230853502,-0.1170275847985974,891.2634506137065,150.0692534090171,43399.255955,34.0
A2,2026-09-28,17-49-37,experiments/logs/c1_2026-09-28_merged/A2_2026-09-28_17-49-37/A2_2026-09-28_17-49-37_merged_usd.csv,cf_second,top,4,7856,7854,7841,13,99.9745417515275,0.0,0.0,21.10508071708683,0.13113488109819607,-21.764129011223062,-0.13523151914035908,1152.879060103216,139.47087329855873,43347.174839,4.0
A2,2026-09-28,17-52-55,experiments/logs/c1_2026-09-28_merged/A2_2026-09-28_17-52-55/A2_2026-09-28_17-52-55_merged_usd.csv,cf5,bottom,1,7857,7857,7845,12,100.0,0.0,0.0,2.2329556468117735,0.012742963793945402,-34.05192971803695,-0.19433109953489638,969.6399400889022,107.67053576085621,34401.039514000004,0.0
A2,2026-09-28,17-52-55,experiments/logs/c1_2026-09-28_merged/A2_2026-09-28_17-52-55/A2_2026-09-28_17-52-55_merged_usd.csv,cf5,bottom,2,7857,7856,7854,2,99.98727249586356,0.0,0.0,-20.982953320901228,-0.11469981889261834,-26.83450174751719,-0.1466864277878409,394.7459187563751,134.03935699651987,26759.549417000002,2.0
A2,2026-09-28,17-52-55,experiments/logs/c1_2026-09-28_merged/A2_2026-09-28_17-52-55/A2_2026-09-28_17-52-55_merged_usd.csv,cf5,bottom,3,7857,7856,7852,4,99.98727249586356,0.0,0.0,-13.512169542133426,-0.07489411022742079,-25.194564216123304,-0.13965091146586023,550.2021795346626,108.90841046971202,31029.346898000003,0.0
A2,2026-09-28,17-52-55,experiments/logs/c1_2026-09-28_merged/A2_2026-09-28_17-52-55/A2_2026-09-28_17-52-55_merged_usd.csv,cf5,bottom,4,7857,7857,7849,8,100.0,0.0,0.0,9.437198401934573,0.05133725823637969,-15.027844477895282,-0.08174405873797813,806.9360844166453,103.29860768398665,34558.15324100001,0.0
A2,2026-09-28,17-52-55,experiments/logs/c1_2026-09-28_merged/A2_2026-09-28_17-52-55/A2_2026-09-28_17-52-55_merged_usd.csv,cf_second,top,1,7857,7857,7850,7,100.0,0.0,0.0,-5.646187404480083,-0.036168849815030026,-30.70351198815287,-0.1966844741051806,907.8617277866817,99.42387638065702,43564.701825000004,24.0
A2,2026-09-28,17-52-55,experiments/logs/c1_2026-09-28_merged/A2_2026-09-28_17-52-55/A2_2026-09-28_17-52-55_merged_usd.csv,cf_second,top,2,7857,7856,7850,6,99.98727249586356,0.0,0.0,-0.30251873688900305,-0.0018607252971251894,-19.152631199617833,-0.11780268413060122,723.4050353530297,90.38034017600606,33935.206649,2.0
A2,2026-09-28,17-52-55,experiments/logs/c1_2026-09-28_merged/A2_2026-09-28_17-52-55/A2_2026-09-28_17-52-55_merged_usd.csv,cf_second,top,3,7857,7857,7848,9,100.0,0.0,0.0,6.689083567137589,0.04202721107953711,-24.16111868616208,-0.1518036021107766,949.2683834432434,137.93702202048757,43644.77169,-4.0
A2,2026-09-28,17-52-55,experiments/logs/c1_2026-09-28_merged/A2_2026-09-28_17-52-55/A2_2026-09-28_17-52-55_merged_usd.csv,cf_second,top,4,7857,7857,7848,9,100.0,0.0,0.0,8.01943952602774,0.04974451721522487,-22.828057026630997,-0.14160094385034752,988.2785679327307,140.92509180844988,43704.765357000004,6.0
A3,2026-09-28,17-15-33,experiments/logs/c1_2026-09-28_merged/A3_2026-09-28_17-15-33/A3_2026-09-28_17-15-33_merged_usd.csv,cf5,bottom,1,10501,10501,10488,13,100.0,0.0,0.0,-3.3954907868774438,-0.021791810442504708,-38.294371826659045,-0.24577468766263372,1061.679025424257,173.8608583715659,43529.452754,0.0
A3,2026-09-28,17-15-33,experiments/logs/c1_2026-09-28_merged/A3_2026-09-28_17-15-33/A3_2026-09-28_17-15-33_merged_usd.csv,cf5,bottom,2,10501,10497,10488,9,99.96190838967718,0.0,0.0,13.587087117176331,0.08334043658451132,-8.4405485228833,-0.05177607529241183,812.6275222428608,113.47128608902598,43870.235939,2.0
A3,2026-09-28,17-15-33,experiments/logs/c1_2026-09-28_merged/A3_2026-09-28_17-15-33/A3_2026-09-28_17-15-33_merged_usd.csv,cf5,bottom,3,10501,10500,10490,10,99.99047709741929,0.0,0.0,12.614943092190478,0.07767654146113272,-13.279932476739754,-0.08177475087639183,896.7456875307652,144.93122882935054,41336.863614,4.0
A3,2026-09-28,17-15-33,experiments/logs/c1_2026-09-28_merged/A3_2026-09-28_17-15-33/A3_2026-09-28_17-15-33_merged_usd.csv,cf5,bottom,4,10501,10497,10483,14,99.96190838967718,0.0,0.0,10.989451313137087,0.06750866509685843,-21.617025512162552,-0.13278943994467066,989.5586971290173,107.90156930925863,38669.680969,4.0
A3,2026-09-28,17-15-33,experiments/logs/c1_2026-09-28_merged/A3_2026-09-28_17-15-33/A3_2026-09-28_17-15-33_merged_usd.csv,cf_second,top,1,10501,10501,10487,14,100.0,0.0,0.0,-5.5034598068755365,-0.03621529356884764,-41.732546160579766,-0.27461616689669244,1055.4196508563598,142.12198862861703,43336.259372,10.0
A3,2026-09-28,17-15-33,experiments/logs/c1_2026-09-28_merged/A3_2026-09-28_17-15-33/A3_2026-09-28_17-15-33_merged_usd.csv,cf_second,top,2,10501,10497,10492,5,99.96190838967718,0.0,0.0,11.568393673525788,0.0699930426647209,-1.357293065764372,-0.008212106356491547,649.8521708402708,125.80771375321414,39935.742603,8.0
A3,2026-09-28,17-15-33,experiments/logs/c1_2026-09-28_merged/A3_2026-09-28_17-15-33/A3_2026-09-28_17-15-33_merged_usd.csv,cf_second,top,3,10501,10501,10486,15,100.0,0.0,0.0,-0.746914009618138,-0.004818674735455578,-37.646167714285724,-0.24287340539857086,1027.2617923811022,105.57975863486053,42444.213861,-50.0
A3,2026-09-28,17-15-33,experiments/logs/c1_2026-09-28_merged/A3_2026-09-28_17-15-33/A3_2026-09-28_17-15-33_merged_usd.csv,cf_second,top,4,10501,10501,10497,4,100.0,0.0,0.0,1.2828449165793832,0.007789216100669761,-11.458218415356757,-0.06957242226051588,688.2384161326146,123.15252690100905,43574.805501,-4.0
A4,2026-09-28,17-20-20,experiments/logs/c1_2026-09-28_merged/A4_2026-09-28_17-20-20/A4_2026-09-28_17-20-20_merged_usd.csv,cf5,bottom,1,9873,9872,9862,10,99.98987136635267,0.0,0.0,-5.964501841673402,-0.03648222187018483,-34.660259268910956,-0.21199958336133282,964.9392643759363,141.74715537216773,44280.538774,0.0
A4,2026-09-28,17-20-20,experiments/logs/c1_2026-09-28_merged/A4_2026-09-28_17-20-20/A4_2026-09-28_17-20-20_merged_usd.csv,cf5,bottom,2,9873,9871,9863,8,99.97974273270536,0.0,0.0,5.359907690811501,0.03176151610702057,-14.318778115482072,-0.084848974115402,753.3775361059633,108.43035251470765,36595.503532,2.0
A4,2026-09-28,17-20-20,experiments/logs/c1_2026-09-28_merged/A4_2026-09-28_17-20-20/A4_2026-09-28_17-20-20_merged_usd.csv,cf5,bottom,3,9873,9871,9862,9,99.97974273270536,0.0,0.0,3.4611194400769913,0.02101189878585544,-20.214346829446367,-0.12272457723408478,814.0621603282455,131.71321630285897,40038.79029800001,0.0
A4,2026-09-28,17-20-20,experiments/logs/c1_2026-09-28_merged/A4_2026-09-28_17-20-20/A4_2026-09-28_17-20-20_merged_usd.csv,cf5,bottom,4,9873,9873,9858,15,100.0,0.0,0.0,20.91893272470374,0.12775014585896372,-17.51945232136336,-0.10698691998842558,1067.9517148945174,129.62663923365574,38474.536749,0.0
A4,2026-09-28,17-20-20,experiments/logs/c1_2026-09-28_merged/A4_2026-09-28_17-20-20/A4_2026-09-28_17-20-20_merged_usd.csv,cf_second,top,1,9873,9871,9862,9,99.97974273270536,0.0,0.0,3.2553968080234856,0.020774080252425102,-21.502080953964732,-0.13721390416811846,850.5087736340442,95.01662174045528,43803.690862999996,6.0
A4,2026-09-28,17-20-20,experiments/logs/c1_2026-09-28_merged/A4_2026-09-28_17-20-20/A4_2026-09-28_17-20-20_merged_usd.csv,cf_second,top,2,9873,9867,9862,5,99.93922819811607,0.0,0.0,-3.4058776662612815,-0.02099840584842479,-17.725075844352066,-0.10928096442308076,673.9615408508215,114.8001094170619,40235.740741,6.0
A4,2026-09-28,17-20-20,experiments/logs/c1_2026-09-28_merged/A4_2026-09-28_17-20-20/A4_2026-09-28_17-20-20_merged_usd.csv,cf_second,top,3,9873,9873,9869,4,100.0,0.0,0.0,-10.87470770231947,-0.06848581619212771,-21.117678941331455,-0.1329928084222347,539.4323209412058,79.13838694747231,34586.713751,-4.0
A4,2026-09-28,17-20-20,experiments/logs/c1_2026-09-28_merged/A4_2026-09-28_17-20-20/A4_2026-09-28_17-20-20_merged_usd.csv,cf_second,top,4,9873,9869,9858,11,99.95948546541072,0.0,0.0,11.319471338737454,0.07051696750359848,-17.966281383952126,-0.1119247396371823,942.5697491854581,137.94237026718272,43959.174833,-2.0
A4,2026-09-28,17-21-40,experiments/logs/c1_2026-09-28_merged/A4_2026-09-28_17-21-40/A4_2026-09-28_17-21-40_merged_usd.csv,cf5,bottom,1,9944,8861,8852,9,89.10901045856798,10.518905872888173,0.0,-11.350799290824957,-0.07306783359762593,-43.67861535110709,-0.2811530593828573,1102.7296691484885,149.22775474143376,57687.568115,-2.0
A4,2026-09-28,17-21-40,experiments/logs/c1_2026-09-28_merged/A4_2026-09-28_17-21-40/A4_2026-09-28_17-21-40_merged_usd.csv,cf5,bottom,2,9944,8921,8910,11,89.71238938053098,9.855189058728882,0.0,12.962598757426303,0.07953051921224927,-20.977568229741856,-0.1287030726980775,1030.2461473650292,153.64563621961844,40727.108135999995,-2.0
A4,2026-09-28,17-21-40,experiments/logs/c1_2026-09-28_merged/A4_2026-09-28_17-21-40/A4_2026-09-28_17-21-40_merged_usd.csv,cf5,bottom,3,9944,8928,8920,8,89.78278358809332,9.855189058728882,0.0,-14.73237246807795,-0.09359127121251692,-38.09309457802689,-0.24198510049458763,838.0294375738465,204.3615057849597,38749.892929,-2.0
A4,2026-09-28,17-21-40,experiments/logs/c1_2026-09-28_merged/A4_2026-09-28_17-21-40/A4_2026-09-28_17-21-40_merged_usd.csv,cf5,bottom,4,9944,8959,8950,9,90.09452936444087,9.855189058728882,0.0,2.403619129367133,0.015149350624197764,-25.90828454256982,-0.16328639613850554,982.303745084148,127.29579214039829,53508.766551,-2.0
A4,2026-09-28,17-21-40,experiments/logs/c1_2026-09-28_merged/A4_2026-09-28_17-21-40/A4_2026-09-28_17-21-40_merged_usd.csv,cf_second,top,1,9944,8910,8905,5,89.60176991150442,8.960176991150442,0.0,-22.78357079214366,-0.15041688985767476,-42.37939016080854,-0.27976261574748645,865.0556731406655,138.40393973740478,43330.026674,-2.0
A4,2026-09-28,17-21-40,experiments/logs/c1_2026-09-28_merged/A4_2026-09-28_17-21-40/A4_2026-09-28_17-21-40_merged_usd.csv,cf_second,top,2,9944,8961,8960,1,90.11464199517297,9.875301689460981,0.0,-30.021352465015067,-0.1913840034246586,-34.567441561718745,-0.22036586755744386,461.2678015179125,166.9997976264704,40702.936954,0.0
A4,2026-09-28,17-21-40,experiments/logs/c1_2026-09-28_merged/A4_2026-09-28_17-21-40/A4_2026-09-28_17-21-40_merged_usd.csv,cf_second,top,3,9944,8945,8941,4,89.95374094931617,8.658487530168946,0.0,-16.130789212297366,-0.10400260645946845,-27.060064362934785,-0.17447059072784907,537.4152766010825,134.65644559057003,28776.332692999997,-2.0
A4,2026-09-28,17-21-40,experiments/logs/c1_2026-09-28_merged/A4_2026-09-28_17-21-40/A4_2026-09-28_17-21-40_merged_usd.csv,cf_second,top,4,9944,8959,8948,11,90.09452936444087,9.875301689460981,0.0,9.801613567362418,0.06229546066055096,-22.86045267959321,-0.145296805029908,989.0200644545821,121.92992465714732,41802.937311,0.0
A4,2026-09-28,17-23-40,experiments/logs/c1_2026-09-28_merged/A4_2026-09-28_17-23-40/A4_2026-09-28_17-23-40_merged_usd.csv,cf5,bottom,1,9416,9415,9407,8,99.98937977909941,0.0,0.0,-18.319207681040872,-0.11323356642799463,-42.10247755416177,-0.2602566510548842,880.4143652587754,151.95350976972955,42765.327188999996,0.0
A4,2026-09-28,17-23-40,experiments/logs/c1_2026-09-28_merged/A4_2026-09-28_17-23-40/A4_2026-09-28_17-23-40_merged_usd.csv,cf5,bottom,2,9416,9415,9414,1,99.98937977909941,0.0,0.0,-8.551534275730218,-0.0506337553407303,-12.410040489696197,-0.07348120976507427,400.9204528372952,143.74969708411393,36315.425963999995,0.0
A4,2026-09-28,17-23-40,experiments/logs/c1_2026-09-28_merged/A4_2026-09-28_17-23-40/A4_2026-09-28_17-23-40_merged_usd.csv,cf5,bottom,3,9416,9415,9411,4,99.98937977909941,0.0,0.0,-13.832988820074338,-0.08503438041773055,-27.88016058707894,-0.17138750269102737,714.7493632052993,124.6721876764857,43244.841666,0.0
A4,2026-09-28,17-23-40,experiments/logs/c1_2026-09-28_merged/A4_2026-09-28_17-23-40/A4_2026-09-28_17-23-40_merged_usd.csv,cf5,bottom,4,9416,9416,9412,4,100.0,0.0,0.0,-8.190189646028035,-0.04992883712808252,-18.54583626243093,-0.11305819418882643,569.3126534791011,89.69168414404733,36773.305418,0.0
A4,2026-09-28,17-23-40,experiments/logs/c1_2026-09-28_merged/A4_2026-09-28_17-23-40/A4_2026-09-28_17-23-40_merged_usd.csv,cf_second,top,1,9416,9413,9405,8,99.96813933729821,0.0,0.0,1.911021485817493,0.012178346513484801,-22.485143465816048,-0.14329073429361375,881.1795781216267,155.64823046258482,41456.800623999996,2.0
A4,2026-09-28,17-23-40,experiments/logs/c1_2026-09-28_merged/A4_2026-09-28_17-23-40/A4_2026-09-28_17-23-40_merged_usd.csv,cf_second,top,2,9416,9410,9400,10,99.93627867459644,0.0,0.0,6.965482162486723,0.04312492235381118,-21.602974160851055,-0.13374933049487836,927.8430162819201,159.8586005380837,42640.070176,0.0
A4,2026-09-28,17-23-40,experiments/logs/c1_2026-09-28_merged/A4_2026-09-28_17-23-40/A4_2026-09-28_17-23-40_merged_usd.csv,cf_second,top,3,9416,9416,9409,7,100.0,0.0,0.0,8.83551614974511,0.054987027204568426,-14.948672263577429,-0.09303199191773436,940.9912843575182,152.72990154008681,43263.495735,0.0
A4,2026-09-28,17-23-40,experiments/logs/c1_2026-09-28_merged/A4_2026-09-28_17-23-40/A4_2026-09-28_17-23-40_merged_usd.csv,cf_second,top,4,9416,9415,9407,8,99.98937977909941,0.0,0.0,-10.816930229102494,-0.06832032345158738,-31.576032219942597,-0.19943657121047217,776.4560509244285,109.74527058587344,39403.988269,4.0
A4,2026-09-28,17-25-41,experiments/logs/c1_2026-09-28_merged/A4_2026-09-28_17-25-41/A4_2026-09-28_17-25-41_merged_usd.csv,cf5,bottom,1,9895,9895,9891,4,100.0,0.0,0.0,-32.04201754936836,-0.20415844334651964,-42.18955395278536,-0.26882184916017904,532.0579562855228,92.63994442670047,33459.252016,2.0
A4,2026-09-28,17-25-41,experiments/logs/c1_2026-09-28_merged/A4_2026-09-28_17-25-41/A4_2026-09-28_17-25-41_merged_usd.csv,cf5,bottom,2,9895,9893,9883,10,99.97978777160182,0.0,0.0,8.463111812796921,0.05189871357041333,-16.205882141455028,-0.09937857566381197,812.6953144064527,158.59817230124662,36430.30381499999,2.0
A4,2026-09-28,17-25-41,experiments/logs/c1_2026-09-28_merged/A4_2026-09-28_17-25-41/A4_2026-09-28_17-25-41_merged_usd.csv,cf5,bottom,3,9895,9894,9874,20,99.98989388580091,0.0,0.0,35.605719044269264,0.21547558276569734,-16.67636033988251,-0.10091614047024151,1230.6918988528394,143.9229208693605,41444.984505,2.0
A4,2026-09-28,17-25-41,experiments/logs/c1_2026-09-28_merged/A4_2026-09-28_17-25-41/A4_2026-09-28_17-25-41_merged_usd.csv,cf5,bottom,4,9895,9895,9884,11,100.0,0.0,0.0,7.93518565133905,0.04974963505543816,-22.012347989073255,-0.1380040457463661,986.8902755328589,112.2414187760153,42252.595284999996,0.0
A4,2026-09-28,17-25-41,experiments/logs/c1_2026-09-28_merged/A4_2026-09-28_17-25-41/A4_2026-09-28_17-25-41_merged_usd.csv,cf_second,top,1,9895,9894,9883,11,99.98989388580091,0.0,0.0,-11.95601585233474,-0.07734726999355772,-40.87978745775573,-0.26446348235179784,931.7628054135974,135.1972574932703,38881.311297,2.0
A4,2026-09-28,17-25-41,experiments/logs/c1_2026-09-28_merged/A4_2026-09-28_17-25-41/A4_2026-09-28_17-25-41_merged_usd.csv,cf_second,top,2,9895,9894,9891,3,99.98989388580091,0.0,0.0,-9.537446188397013,-0.058669244617642,-18.70411747619048,-0.11505818564968878,556.460669248275,103.79540788044758,42271.647059,0.0
A4,2026-09-28,17-25-41,experiments/logs/c1_2026-09-28_merged/A4_2026-09-28_17-25-41/A4_2026-09-28_17-25-41_merged_usd.csv,cf_second,top,3,9895,9893,9884,9,99.97978777160182,0.0,0.0,-4.541166664308095,-0.028545215067298017,-28.81131847480777,-0.18110381719359858,853.1036231343664,104.82031377280168,43215.267255,2.0
A4,2026-09-28,17-25-41,experiments/logs/c1_2026-09-28_merged/A4_2026-09-28_17-25-41/A4_2026-09-28_17-25-41_merged_usd.csv,cf_second,top,4,9895,9892,9885,7,99.96968165740273,0.0,0.0,-3.3122538657501064,-0.02068416895404086,-25.909966224380383,-0.1618021353745722,910.5132238306018,156.5629229326479,44063.044838,2.0
A4,2026-09-28,17-27-11,experiments/logs/c1_2026-09-28_merged/A4_2026-09-28_17-27-11/A4_2026-09-28_17-27-11_merged_usd.csv,cf5,bottom,1,9893,9893,9888,5,100.0,0.0,0.0,-32.2957108047104,-0.20526640407362948,-46.08254257878236,-0.2928984411671664,675.901895841914,135.62606399395293,37861.131964,-2.0
A4,2026-09-28,17-27-11,experiments/logs/c1_2026-09-28_merged/A4_2026-09-28_17-27-11/A4_2026-09-28_17-27-11_merged_usd.csv,cf5,bottom,2,9893,9882,9876,6,99.8888102698878,0.0,0.0,-0.6897779833029635,-0.0041214173323170945,-18.298572593762643,-0.1093350565195252,783.8450275547541,157.9997634700615,39988.926148,0.0
A4,2026-09-28,17-27-11,experiments/logs/c1_2026-09-28_merged/A4_2026-09-28_17-27-11/A4_2026-09-28_17-27-11_merged_usd.csv,cf5,bottom,3,9893,9892,9871,21,99.98989184271707,0.0,0.0,23.69057793277397,0.14178843707393052,-29.765219158646534,-0.1781520296222003,1231.887229671836,136.06139403142254,39618.220689,0.0
A4,2026-09-28,17-27-11,experiments/logs/c1_2026-09-28_merged/A4_2026-09-28_17-27-11/A4_2026-09-28_17-27-11_merged_usd.csv,cf5,bottom,4,9893,9892,9886,6,99.98989184271707,0.0,0.0,1.6199656276789083,0.010032194243422181,-16.332368525288313,-0.10114512623301032,766.0930930078995,119.06347293951418,41539.091146,0.0
A4,2026-09-28,17-27-11,experiments/logs/c1_2026-09-28_merged/A4_2026-09-28_17-27-11/A4_2026-09-28_17-27-11_merged_usd.csv,cf_second,top,1,9893,9891,9882,9,99.97978368543414,0.0,0.0,-3.052226376402794,-0.019517461614832688,-27.26883720673953,-0.1743715175406079,866.9333060696466,122.16975041656669,42699.43356600001,0.0
A4,2026-09-28,17-27-11,experiments/logs/c1_2026-09-28_merged/A4_2026-09-28_17-27-11/A4_2026-09-28_17-27-11_merged_usd.csv,cf_second,top,2,9893,9891,9883,8,99.97978368543414,0.0,0.0,1.8516980101102185,0.011378364982432882,-18.098565812101572,-0.11121310995020973,753.7372794607611,125.46492151831349,37859.563582,0.0
A4,2026-09-28,17-27-11,experiments/logs/c1_2026-09-28_merged/A4_2026-09-28_17-27-11/A4_2026-09-28_17-27-11_merged_usd.csv,cf_second,top,3,9893,9892,9881,11,99.98989184271707,0.0,0.0,-1.9128922404973765,-0.012088536911948616,-31.157346829268295,-0.19689812539167878,925.6998851515035,82.95652984463503,43715.393987,2.0
A4,2026-09-28,17-27-11,experiments/logs/c1_2026-09-28_merged/A4_2026-09-28_17-27-11/A4_2026-09-28_17-27-11_merged_usd.csv,cf_second,top,4,9893,9892,9885,7,99.98989184271707,0.0,0.0,-3.0888671672058265,-0.019359539648098174,-22.525941317147197,-0.14118092413506636,799.3803697069318,128.60658607160875,43758.118715,-2.0
