scenario,vehicle_role,n_flights,n_motor_rows,bias_robust_pct_mean,bias_robust_pct_median,bias_robust_pct_worst_abs,rmse_robust_rpm_mean,rmse_robust_rpm_median,rmse_raw_rpm_mean,rmse_raw_rpm_median,rmse_raw_rpm_worst,bias_pct_mean_raw_diagnostic,lag_ms_mean,lag_ms_median,lag_ms_min,lag_ms_max,deck_zero_pct_worst,dshot_zero_pct_worst
A1,bottom,7,28,-0.12437088804230477,-0.11702199250766253,0.2936667663174352,158.08973314831374,153.97070494167258,870.5641311504645,893.2545613494603,1351.675991465534,0.022973209738338055,0.7142857142857143,0.0,-10.0,4.0,0.0,0.0
A1,top,7,28,-0.14506894867469725,-0.15090889993870904,0.236729067050042,120.65321969456038,112.27460208324734,728.6974714111773,671.1532798000883,1365.0682291167184,-0.026680744279371553,4.285714285714286,3.0,-8.0,44.0,0.0,0.0
A2,bottom,4,16,-0.15566697458454468,-0.13368563441582906,0.35372821028242474,133.94020499819686,131.06334881950215,783.7065700636023,806.7867004534636,1153.6360337417348,-0.023842333475828828,1.0,1.0,0.0,2.0,0.0,0.0
A2,top,4,16,-0.5761837160779559,-0.21405353260968144,3.8665194680043404,333.0311188029476,202.45847481752963,925.0295904286406,913.1109501307983,1286.947983795408,-0.4349500743017613,4.5,0.0,-4.0,34.0,69.82505248425473,0.0
A3,bottom,8,32,-0.184846412816396,-0.13323647466403823,0.46736178555778446,130.33611048805014,132.13462567547145,808.1229222384629,814.9678200831386,1109.165391422943,-0.0500171622948523,1.875,2.0,0.0,4.0,0.0,0.0
A3,top,8,32,-0.19001407549502683,-0.19769181252204865,0.29139136791453524,114.12799507051416,112.23314865075317,763.6070777536078,731.4607063926219,1078.3225802766874,-0.0623809661307838,1.25,2.0,-50.0,24.0,0.0,0.0
A4,bottom,5,20,-0.16242612528477932,-0.1333535592222218,0.2928984411671664,135.61341408962255,135.84372901268773,856.9549600405364,826.045798951046,1231.887229671836,-0.008568506872507181,-0.1,0.0,-2.0,2.0,10.518905872888173,0.0
A4,top,5,20,-0.16134541106086112,-0.14429376966176086,0.27976261574748645,126.32216445203429,127.03575379496112,799.1646146013475,859.079648137516,989.0200644545821,-0.02822821562852439,0.7,0.0,-4.0,6.0,9.875301689460981,0.0
A7,bottom,3,12,-0.11457133592853343,-0.1208210008984614,0.14926548498361203,137.63432826357368,135.15564448540687,672.2727462563715,739.0996803726458,1109.267996032426,-0.003159715556432766,1.5,2.0,0.0,2.0,0.0,0.0
A7,top,3,12,-0.17931388741334883,-0.1827538042684823,0.25636181618735693,111.35002086314086,92.79251404975108,658.6109795413985,665.1081313026314,1209.1809928194957,-0.0695137727098466,5.5,2.0,-4.0,36.0,0.0,0.0
A8,bottom,3,12,-0.1788539796754818,-0.13819559611967464,0.4269412373538701,115.03353588205658,110.26754923643968,727.6807249595082,739.8128126011876,1044.7324705614833,-0.05325674486374763,2.1666666666666665,2.0,0.0,6.0,0.0,0.0
A8,top,3,12,-0.19447853535192236,-0.22466718290738535,0.31467403786312725,115.56757739488093,118.0920347466756,731.1339716500534,724.1928037623275,1032.6329871745456,-0.07755711397687425,0.0,0.0,-8.0,10.0,0.0,0.0
C5,bottom,8,32,-0.20609082316453137,-0.1583754361170333,0.48303583441321685,122.05395619121673,122.87621217106407,738.5392171098579,739.2066254160729,1023.9892676193764,-0.0914532296821586,2.625,2.0,-6.0,24.0,0.0,0.0
