a_hat_res_rms,a_hat_vs_a_res_rmse,a_res_rms,a_res_z_mean,a_res_z_rms,cmd_logged,controller,dz_cmd_m,dz_err_mean_m,dz_err_rms_m,dz_mean_m,e_R_peak,e_R_rmse,effort_proxy,fs_hz,gyro_band_frac,gyro_x_band_pow,gyro_x_dom_hz,gyro_y_band_pow,gyro_y_dom_hz,gyro_z_band_pow,gyro_z_dom_hz,min_dz_m,min_sep_m,min_sep_vs_cmd_m,motor_mean_ratio,motor_rms_ratio,motor_sat_frac,motor_spread_mean,n_raw,n_robots,n_samples,nan_fraction,notes,phase,phase_t_hi,phase_t_lo,pos_err_valid,pos_peak_m,pos_peak_z,pos_rmse_m,pos_rmse_x,pos_rmse_y,pos_rmse_z,rate_hz_est,run,scenario,spectrum_ok,study_controller,t_below_min_safe_s,t_end,t_start,tau_peak,tau_rms,vehicle_id
0.0,0.6955818708896868,0.6955818708896868,-0.5459657708072981,0.6663181569612011,1.0,stock_lee,nan,nan,nan,nan,0.519774205012138,0.1152084454469817,nan,nan,nan,nan,nan,nan,nan,nan,nan,nan,nan,nan,nan,nan,nan,nan,4001.0,2,4001.0,0.0,nan,scenario,8.0,0.0,1.0,0.1000626247357123,0.0940159999999999,0.0350676138799882,0.0055686079743556,0.014656390145376,0.031367473222598,500.0,A8_2026-09-19_14-58-02.meta,A8,0.0,stock_lee,nan,8.0,0.0,nan,nan,cf5
0.0,0.7774334579121581,0.7774334579121581,-0.5339252447353443,0.730911125102146,1.0,stock_lee,nan,nan,nan,nan,0.6411375465912131,0.1253990663656526,nan,nan,nan,nan,nan,nan,nan,nan,nan,nan,nan,nan,nan,nan,nan,nan,3514.0,2,3514.0,0.0,nan,land,15.026,8.0,1.0,0.1189404215395254,0.0999339999999999,0.0389326221764163,0.0031421862829241,0.0207662178812109,0.0327817011426354,500.0,A8_2026-09-19_14-58-02.meta,A8,0.0,stock_lee,nan,15.026,8.0,nan,nan,cf5
0.0,0.9374587230059352,0.9374587230059352,-0.6757181613333333,0.8975199190359191,1.0,stock_lee,nan,nan,nan,nan,0.519774205012138,0.1746460650728018,nan,nan,nan,nan,nan,nan,nan,nan,nan,nan,nan,nan,nan,nan,nan,nan,1500.0,2,1500.0,0.0,nan,approach1,6.496996996996997,3.496996996996997,1.0,0.1000626247357123,0.0940159999999999,0.0473932912836475,0.007449225717706,0.0200412433922149,0.0422963551408077,500.0,A8_2026-09-19_14-58-02.meta,A8,0.0,stock_lee,nan,6.496,3.498,nan,nan,cf5
0.0,0.0,0.0,0.0,0.0,1.0,stock_lee,nan,nan,nan,nan,0.0098000776527535,0.0098000776527535,nan,nan,nan,nan,nan,nan,nan,nan,nan,nan,nan,nan,nan,nan,nan,nan,4001.0,2,4001.0,0.0,nan,scenario,8.0,0.0,1.0,0.4506834160183842,0.449983,0.4466826080938977,0.0038694047776972,0.0192801869305572,0.4462495428257106,500.0,A8_2026-09-19_14-58-02.meta,A8,0.0,stock_lee,nan,8.0,0.0,nan,nan,cf_second
0.0,0.0,0.0,0.0,0.0,1.0,stock_lee,nan,nan,nan,nan,0.0098000776527535,0.0098000776527535,nan,nan,nan,nan,nan,nan,nan,nan,nan,nan,nan,nan,nan,nan,nan,nan,3514.0,2,3514.0,0.0,nan,land,15.026,8.0,1.0,0.4476007322726358,0.447009,0.4439709495441465,0.0050568104654678,0.0211764353258149,0.4434367951511682,500.0,A8_2026-09-19_14-58-02.meta,A8,0.0,stock_lee,nan,15.026,8.0,nan,nan,cf_second
0.0,0.0,0.0,0.0,0.0,1.0,stock_lee,nan,nan,nan,nan,0.0098000776527535,0.0098000776527535,nan,nan,nan,nan,nan,nan,nan,nan,nan,nan,nan,nan,nan,nan,nan,nan,1500.0,2,1500.0,0.0,nan,approach1,6.496996996996997,3.496996996996997,1.0,0.4506834160183842,0.4499809999999999,0.4474541521685866,0.0035912882669036,0.0224166572786696,0.4468778517872007,500.0,A8_2026-09-19_14-58-02.meta,A8,0.0,stock_lee,nan,6.496,3.498,nan,nan,cf_second
nan,nan,nan,nan,nan,nan,stock_lee,0.25,0.0166892126696832,0.0228867147509604,0.2333107873303167,nan,nan,nan,nan,nan,nan,nan,nan,nan,nan,nan,0.220801,0.2286060988600259,-0.021393901139974,nan,nan,nan,nan,nan,2,nan,nan,time offset between the two logs' own t[0]: +0.0000 s,nan,nan,nan,nan,nan,nan,nan,nan,nan,nan,nan,A8_2026-09-19_14-58-02.meta,A8,nan,stock_lee,0.0,nan,nan,nan,nan,__formation__
0.0,0.4476054052332802,0.4476054052332802,-0.20206884003999,0.409321177879708,1.0,stock_lee,nan,nan,nan,nan,0.6518627675239628,0.3028973803632932,nan,nan,nan,nan,nan,nan,nan,nan,nan,nan,nan,nan,nan,nan,nan,nan,4001.0,2,4001.0,0.0,nan,scenario,8.0,0.0,1.0,0.2415195361891041,0.1523689999999999,0.1119509275633387,0.068589033300357,0.0514118986142529,0.0720095228014477,500.0,A8_2026-09-19_15-00-55.meta,A8,0.0,stock_lee,nan,8.0,0.0,nan,nan,cf5
0.0,0.4911879285948143,0.4911879285948143,-0.2482759884024355,0.4652117547776666,1.0,stock_lee,nan,nan,nan,nan,0.471405673977308,0.247924577968994,nan,nan,nan,nan,nan,nan,nan,nan,nan,nan,nan,nan,nan,nan,nan,nan,3449.0,2,3449.0,0.0,nan,land,14.896,8.0,1.0,0.1443838400168108,0.1216009999999999,0.0945302217976892,0.0573804399490985,0.0348273198563433,0.0665620442594138,500.0,A8_2026-09-19_15-00-55.meta,A8,0.0,stock_lee,nan,14.896,8.0,nan,nan,cf5
0.0,0.684873313556538,0.684873313556538,-0.3675135853333333,0.6421649961622449,1.0,stock_lee,nan,nan,nan,nan,0.6518627675239628,0.3502188288628449,nan,nan,nan,nan,nan,nan,nan,nan,nan,nan,nan,nan,nan,nan,nan,nan,1500.0,2,1500.0,0.0,nan,approach1,6.496996996996997,3.496996996996997,1.0,0.2415195361891041,0.1523689999999999,0.1317800876098256,0.0739884409396584,0.0686613605544875,0.08471906317104,500.0,A8_2026-09-19_15-00-55.meta,A8,0.0,stock_lee,nan,6.496,3.498,nan,nan,cf5
0.0,0.0,0.0,0.0,0.0,1.0,stock_lee,nan,nan,nan,nan,0.0128281831137538,0.0128281831137538,nan,nan,nan,nan,nan,nan,nan,nan,nan,nan,nan,nan,nan,nan,nan,nan,4001.0,2,4001.0,0.0,nan,scenario,8.0,0.0,1.0,0.0813664595149623,0.0801400000000001,0.0763437012098666,0.0042527510619129,0.0141268991002078,0.0749046430112268,500.0,A8_2026-09-19_15-00-55.meta,A8,0.0,stock_lee,nan,8.0,0.0,nan,nan,cf_second
0.0,0.0,0.0,0.0,0.0,1.0,stock_lee,nan,nan,nan,nan,0.0128281831137538,0.0128281831137538,nan,nan,nan,nan,nan,nan,nan,nan,nan,nan,nan,nan,nan,nan,nan,nan,3449.0,2,3449.0,0.0,nan,land,14.896,8.0,1.0,0.0919475594945292,0.0861199999999999,0.0827164707051516,0.0059986800460249,0.0212775245828146,0.0797075737383176,500.0,A8_2026-09-19_15-00-55.meta,A8,0.0,stock_lee,nan,14.896,8.0,nan,nan,cf_second
0.0,0.0,0.0,0.0,0.0,1.0,stock_lee,nan,nan,nan,nan,0.0128281831137538,0.0128281831137538,nan,nan,nan,nan,nan,nan,nan,nan,nan,nan,nan,nan,nan,nan,nan,nan,1500.0,2,1500.0,0.0,nan,approach1,6.496996996996997,3.496996996996997,1.0,0.0813664595149623,0.0801400000000001,0.078165776475049,0.0035961213471368,0.0107080120149042,0.077345297218982,500.0,A8_2026-09-19_15-00-55.meta,A8,0.0,stock_lee,nan,6.496,3.498,nan,nan,cf_second
nan,nan,nan,nan,nan,nan,stock_lee,0.25,0.0098824553631359,0.0200972595922229,0.240117544636864,nan,nan,nan,nan,nan,nan,nan,nan,nan,nan,nan,0.215138,0.2409282146739979,-0.009071785326002,nan,nan,nan,nan,nan,2,nan,nan,time offset between the two logs' own t[0]: +0.0000 s,nan,nan,nan,nan,nan,nan,nan,nan,nan,nan,nan,A8_2026-09-19_15-00-55.meta,A8,nan,stock_lee,0.0,nan,nan,nan,nan,__formation__
0.0,0.5966113901964232,0.5966113901964232,-0.1959871014746313,0.5376205436537499,1.0,stock_lee,nan,nan,nan,nan,0.1550742538560157,0.0563322638784988,nan,nan,nan,nan,nan,nan,nan,nan,nan,nan,nan,nan,nan,nan,nan,nan,4001.0,2,4001.0,0.0,nan,scenario,8.0,0.0,1.0,0.1460516745025541,0.144402,0.0336257637732091,0.006426891862051,0.0075892430240492,0.0321214949939614,500.0,A8_2026-09-19_15-01-33.meta,A8,0.0,stock_lee,nan,8.0,0.0,nan,nan,cf5
0.0,0.3185730413125457,0.3185730413125457,-0.177501356617647,0.264934908177406,1.0,stock_lee,nan,nan,nan,nan,0.0727855052465805,0.0499299389072453,nan,nan,nan,nan,nan,nan,nan,nan,nan,nan,nan,nan,nan,nan,nan,nan,544.0,2,544.0,0.0,nan,land,9.086,8.0,1.0,0.009557044417601,0.0078979999999999,0.0060944358128409,0.0047405584163961,0.0021011750371553,0.0032022362874729,499.9999999999999,A8_2026-09-19_15-01-33.meta,A8,0.0,stock_lee,nan,9.086,8.0,nan,nan,cf5
0.0,0.8953177662270754,0.8953177662270754,-0.345586826,0.823622840025609,1.0,stock_lee,nan,nan,nan,nan,0.1550742538560157,0.0633703604174748,nan,nan,nan,nan,nan,nan,nan,nan,nan,nan,nan,nan,nan,nan,nan,nan,1500.0,2,1500.0,0.0,nan,approach1,6.496996996996997,3.496996996996997,1.0,0.1460516745025541,0.144402,0.0536230749780539,0.006595317624598,0.0106643207718072,0.0521364384860403,500.0,A8_2026-09-19_15-01-33.meta,A8,0.0,stock_lee,nan,6.496,3.498,nan,nan,cf5
0.0,0.0,0.0,0.0,0.0,1.0,stock_lee,nan,nan,nan,nan,0.0015440466314201,0.0015440466314201,nan,nan,nan,nan,nan,nan,nan,nan,nan,nan,nan,nan,nan,nan,nan,nan,4001.0,2,4001.0,0.0,nan,scenario,8.0,0.0,1.0,0.1166523721018994,0.11612,0.1105705221952097,0.0063252029625436,0.0137184575625879,0.1095337213286733,500.0,A8_2026-09-19_15-01-33.meta,A8,0.0,stock_lee,nan,8.0,0.0,nan,nan,cf_second
0.0,0.0,0.0,0.0,0.0,1.0,stock_lee,nan,nan,nan,nan,0.0015440466314201,0.0015440466314201,nan,nan,nan,nan,nan,nan,nan,nan,nan,nan,nan,nan,nan,nan,nan,nan,544.0,2,544.0,0.0,nan,land,9.086,8.0,1.0,0.1059806006871069,0.104101,0.1050316519895259,0.0101834598336627,0.0169938414277769,0.1031462768062553,499.9999999999999,A8_2026-09-19_15-01-33.meta,A8,0.0,stock_lee,nan,9.086,8.0,nan,nan,cf_second
0.0,0.0,0.0,0.0,0.0,1.0,stock_lee,nan,nan,nan,nan,0.0015440466314201,0.0015440466314201,nan,nan,nan,nan,nan,nan,nan,nan,nan,nan,nan,nan,nan,nan,nan,nan,1500.0,2,1500.0,0.0,nan,approach1,6.496996996996997,3.496996996996997,1.0,0.116644164504702,0.1160049999999999,0.1139546292250355,0.0072783880554694,0.0156678343060126,0.1126374784753665,500.0,A8_2026-09-19_15-01-33.meta,A8,0.0,stock_lee,nan,6.496,3.498,nan,nan,cf_second
nan,nan,nan,nan,nan,nan,stock_lee,0.25,0.0986781368838028,0.1025844094955067,0.1513218631161972,nan,nan,nan,nan,nan,nan,nan,nan,nan,nan,nan,0.1081159999999998,0.1537224740498278,-0.0962775259501722,nan,nan,nan,nan,nan,2,nan,nan,time offset between the two logs' own t[0]: +0.0000 s,nan,nan,nan,nan,nan,nan,nan,nan,nan,nan,nan,A8_2026-09-19_15-01-33.meta,A8,nan,stock_lee,0.0,nan,nan,nan,nan,__formation__
0.0,0.5184534875138063,0.5184534875138063,-0.24987879730067483,0.47414493827191523,1,geometric,,,,,0.6123171565937051,0.10544822042243854,10.756474606307572,500.0000000000551,0.03092352732442348,547207.1017519615,5.123719070233007,70544.15995524186,5.748562859285813,370.551379539237,5.49862534366469,,,,0.5783033795092685,0.5797742061260497,0.0,0.07018063490230289,4001,2,4001,0.0,,scenario,8.0,0.0,1,0.1292387068992877,0.10954200000000003,0.04164809492917344,0.006826868214203089,0.019107694193685437,0.03637105585786514,500.0,A8_2026-09-19_15-04-01.meta,A8,1,geometric,,8.0,0.0,0.0,0.0,cf5
0.0,0.18986069997295102,0.18986069997295102,-0.09541266419294991,0.12424909611040365,1,geometric,,,,,0.04088841456941073,0.031652294427879396,1.4302965703304156,499.99999999983305,0.11658325139449134,2553.2302173621924,5.565862708717993,2234.151251971906,5.565862708717993,15.898834675160735,5.565862708717993,,,,0.5757970285413494,0.5764710061984102,0.0,0.0643684007371608,539,2,539,0.0,,land,9.076,8.0,1,0.026678879492962247,0.026056999999999997,0.026098077377028475,0.004866079991556865,0.0025504329680812172,0.02551325537771415,499.9999999999998,A8_2026-09-19_15-04-01.meta,A8,1,geometric,,9.076,8.0,0.0,0.0,cf5
0.0,0.7932625866288481,0.7932625866288481,-0.3672160466666667,0.7336746679697163,1,geometric,,,,,0.6123171565937051,0.1660632069927994,4.160667925657657,500.0000000000551,0.05353440927443597,1337749.379939843,5.000000000000551,112247.93850449203,5.000000000000551,452.8985811634909,5.666666666667291,,,,0.586024252702154,0.5890187305972366,0.0,0.09404870037216756,1500,2,1500,0.0,,approach1,6.496996996996997,3.496996996996997,1,0.1292387068992877,0.10954200000000003,0.058020409801907924,0.008706016807319713,0.030824782994867406,0.04837774259151963,499.99999999999994,A8_2026-09-19_15-04-01.meta,A8,1,geometric,,6.496,3.498,0.0,0.0,cf5
0.0,0.0,0.0,0.0,0.0,1,geometric,,,,,0.0015440466314201784,0.0015440466314201788,12.152227808499813,500.0000000000551,0.3179157148492916,6002.5987211597785,6.2484378905280575,3039.9189779172593,5.748562859285813,58.14107138038534,8.74781304673928,,,,0.6161214910018232,0.6162441777326163,0.0,0.03015347530149964,4001,2,4001,0.0,,scenario,8.0,0.0,1,0.11731247134895768,0.11412800000000001,0.11179158192229335,0.007904987276462862,0.016329800762456187,0.11030959419699754,500.0,A8_2026-09-19_15-04-01.meta,A8,1,geometric,,8.0,0.0,9.184770002564027e-05,9.184770002564025e-05,cf_second
0.0,0.0,0.0,0.0,0.0,1,geometric,,,,,0.0015440466314201784,0.0015440466314201784,1.6413936341861362,499.99999999983305,0.642480923646188,3222.5141022655976,5.565862708717993,403.32651085810704,5.565862708717993,10.761304373590168,5.565862708717993,,,,0.617383809308067,0.6175479376161916,0.0,0.036155069581621124,539,2,539,0.0,,land,9.076,8.0,1,0.10986200272614742,0.1089770000000001,0.10861386786357309,0.009938545737512273,0.011378983144816529,0.10755796736411057,499.9999999999998,A8_2026-09-19_15-04-01.meta,A8,1,geometric,,9.076,8.0,9.184770002564027e-05,9.184770002564027e-05,cf_second
0.0,0.0,0.0,0.0,0.0,1,geometric,,,,,0.0015440466314201784,0.0015440466314201786,4.562158822343645,500.0000000000551,0.2553093261982946,2538.7198517491756,6.333333333334031,678.2363891835491,6.6666666666674015,22.179138473283487,8.666666666667622,,,,0.6166192984906818,0.6167926503427504,0.0,0.03647674558975611,1500,2,1500,0.0,,approach1,6.496996996996997,3.496996996996997,1,0.11731247134895768,0.11412800000000001,0.11251625758531371,0.01013410393756317,0.023952663478355247,0.10946907358098908,499.99999999999994,A8_2026-09-19_15-04-01.meta,A8,1,geometric,,6.496,3.498,9.184770002564027e-05,9.184770002564027e-05,cf_second
,,,,,,geometric,0.25,0.07840729213483147,0.07990994670134947,0.17159270786516853,,,,,,,,,,,,0.16285299999999991,0.1749185725130409,-0.07508142748695909,,,,,,2,,,time offset between the two logs' own t[0]: +0.0000 s,,,,,,,,,,,,A8_2026-09-19_15-04-01.meta,A8,,geometric,0.0,,,,,__formation__
0.0,0.5436465457972741,0.5436465457972741,-0.26628625843539117,0.5123687373358894,1,geometric,,,,,0.6453802931559035,0.11611164526371284,11.072019580023438,500.0000000000551,0.020214989324229344,392356.37481640396,5.123719070233007,20230.045358431133,5.123719070233007,303.9822569693118,5.748562859285813,,,,0.586315795877281,0.5882160798370599,0.0,0.07589545472944727,4001,2,4001,0.0,,scenario,8.0,0.0,1,0.15058362342897716,0.12168900000000005,0.04420282962210225,0.004342951160306181,0.021173656966775093,0.038557815971254544,500.0,A8_2026-09-19_15-04-41.meta,A8,1,geometric,,8.0,0.0,0.0,0.0,cf5
0.0,0.1773879576011657,0.1773879576011657,-0.14156627037037037,0.15199595043222797,1,geometric,,,,,0.0328956855681714,0.028532630749495164,1.4626114838085063,499.99999999983305,0.2397702559334123,1958.9180317937428,5.555555555553701,1583.1440120959307,5.555555555553701,4.570558624893401,8.33333333333055,,,,0.5811441443641581,0.5824016581547127,0.0,0.08095117976614136,540,2,540,0.0,,land,9.078,8.0,1,0.02646782675249331,0.026024000000000047,0.02552181994279783,0.001208248266737459,0.003983162870829652,0.02518010807885786,500.0000000000003,A8_2026-09-19_15-04-41.meta,A8,1,geometric,,9.078,8.0,0.0,0.0,cf5
0.0,0.8404462047184932,0.8404462047184932,-0.40642471333333335,0.7969256558300931,1,geometric,,,,,0.6453802931559035,0.18643340455522805,4.304866858504991,500.0000000000551,0.036852169403626414,985785.6691790909,5.000000000000551,17971.677061127622,5.000000000000551,318.7598213615303,5.000000000000551,,,,0.5956380299603748,0.5991376649489112,0.0,0.0962672951435823,1500,2,1500,0.0,,approach1,6.496996996996997,3.496996996996997,1,0.15058362342897716,0.12168900000000005,0.06298148332928231,0.006506363912867668,0.0345010963100305,0.05228775023268835,499.99999999999994,A8_2026-09-19_15-04-41.meta,A8,1,geometric,,6.496,3.498,0.0,0.0,cf5
0.0,0.0,0.0,0.0,0.0,1,geometric,,,,,0.004887151419794561,0.00488715141979456,12.109158404198899,500.0000000000551,0.16901264728421536,5932.867206396011,5.873531617096374,2306.4220232955645,5.123719070233007,78.20737016526763,8.74781304673928,,,,0.6150099202079381,0.6151513263443528,0.0,0.030937199915592937,4001,2,4001,0.0,,scenario,8.0,0.0,1,0.11945896163118114,0.11505300000000007,0.10980240034600935,0.004290503529495792,0.017815303410729382,0.10826252198056516,500.0,A8_2026-09-19_15-04-41.meta,A8,1,geometric,,8.0,0.0,0.0002579069599681249,0.000257906959968125,cf_second
0.0,0.0,0.0,0.0,0.0,1,geometric,,,,,0.004887151419794561,0.00488715141979456,1.641527848769534,499.99999999983305,0.29679905208000334,320.9597422812846,6.481481481479317,286.4087135553116,6.481481481479317,1.5251956598757772,8.33333333333055,,,,0.6169341182931655,0.6170001988297857,0.0,0.021496637789843714,540,2,540,0.0,,land,9.078,8.0,1,0.10769927041999867,0.10706900000000008,0.10705598363597742,0.009188906986345204,0.00906638823071239,0.10627487108960877,500.0000000000003,A8_2026-09-19_15-04-41.meta,A8,1,geometric,,9.078,8.0,0.0002579069599681249,0.0002579069599681249,cf_second
0.0,0.0,0.0,0.0,0.0,1,geometric,,,,,0.004887151419794561,0.00488715141979456,4.559987964685276,500.0000000000551,0.0725736168370757,1972.68275568191,8.000000000000881,667.0258733330019,5.000000000000551,20.021304295926317,8.333333333334252,,,,0.6164795178361181,0.6166444132781546,0.0,0.03550873257871366,1500,2,1500,0.0,,approach1,6.496996996996997,3.496996996996997,1,0.11945896163118114,0.11505300000000007,0.11238756787825778,0.00559582901930834,0.027112266949445598,0.1089246395084173,499.99999999999994,A8_2026-09-19_15-04-41.meta,A8,1,geometric,,6.496,3.498,0.0002579069599681249,0.000257906959968125,cf_second
,,,,,,geometric,0.25,0.07532458414096917,0.07715292043068558,0.17467541585903085,,,,,,,,,,,,0.16476400000000013,0.172753661952504,-0.077246338047496,,,,,,2,,,time offset between the two logs' own t[0]: +0.0000 s,,,,,,,,,,,,A8_2026-09-19_15-04-41.meta,A8,,geometric,0.0,,,,,__formation__
0.0,0.6829447344419569,0.6829447344419569,-0.2862893551612097,0.6205282207861138,1,indi,,,,,0.18981272836667196,0.03687684624800093,10.497101366510979,500.0000000000551,0.9136517527341951,12901167.018976364,6.2484378905280575,4941109.265676979,6.748312921770302,1615.8684639685714,6.748312921770302,,,,0.488662150387671,0.572741835902965,0.06023494126468383,0.6160359124778125,4001,2,4001,0.0,,scenario,8.0,0.0,1,0.13897178738506608,0.13610999999999995,0.03696950522454775,0.0010083473313619836,0.0069764549073459544,0.03629127483477215,500.0,A8_2026-09-19_15-06-38.meta,A8,1,full_indi,,8.0,0.0,0.030715852991574238,0.006160670044191755,cf5
0.0,0.25321193196766717,0.25321193196766717,-0.1777933880597015,0.20674721180191444,1,indi,,,,,0.03919511629017064,0.01820438628099111,1.378236484278435,499.99999999983305,0.805834673963605,42991.08506299745,6.529850746266476,207589.05679849992,6.529850746266476,70.61114465049073,6.529850746266476,,,,0.48126050958396105,0.5675487597046228,0.0,0.6089475631322389,536,2,536,0.0,,land,9.07,8.0,1,0.026262210283980188,0.026157999999999904,0.024047422157357723,0.0013632582909744021,0.0013438636206736842,0.023971109065191346,499.9999999999999,A8_2026-09-19_15-06-38.meta,A8,1,full_indi,,9.07,8.0,0.005203396102546874,0.0028453235048083595,cf5
0.0,1.0623492884261354,1.0623492884261354,-0.45374532200000006,0.9750992265450517,1,indi,,,,,0.18981272836667196,0.05475161088521506,4.164752068272739,500.0000000000551,0.9320137308996647,16356121.684979467,6.333333333334031,5152479.524268033,6.6666666666674015,1569.785762933692,7.666666666667512,,,,0.5017375352923857,0.5893117385746045,0.16066666666666668,0.6690873187634699,1500,2,1500,0.0,,approach1,6.496996996996997,3.496996996996997,1,0.13897178738506608,0.13610999999999995,0.05196497991545203,0.001097804714570553,0.010537350444585205,0.050873551163939795,499.99999999999994,A8_2026-09-19_15-06-38.meta,A8,1,full_indi,,6.496,3.498,0.030715852991574238,0.009436765837051025,cf5
0.0,0.0,0.0,0.0,0.0,1,indi,,,,,0.004887151419794561,0.00488715141979456,12.259545457981893,500.0000000000551,0.19104574972556548,1904.511719120128,5.123719070233007,6982.842604576739,6.3734066483386185,36.52061916177665,7.7480629842547915,,,,0.6184889719687191,0.618959380492174,0.0,0.05451764334935187,4001,2,4001,0.0,,scenario,8.0,0.0,1,0.11728513094591311,0.1140699999999999,0.10907395704027219,0.004987999580673178,0.016446402640563868,0.10771148408963085,500.0,A8_2026-09-19_15-06-38.meta,A8,1,full_indi,,8.0,0.0,0.0002579069599681249,0.000257906959968125,cf_second
0.0,0.0,0.0,0.0,0.0,1,indi,,,,,0.004887151419794561,0.00488715141979456,1.647804366562127,499.99999999983305,0.2340875431330817,217.17657235032505,6.529850746266476,295.39250639746524,8.395522388056898,2.2244249750037937,5.5970149253712655,,,,0.6203977814600321,0.6204843250765302,0.0,0.026386986266481734,536,2,536,0.0,,land,9.07,8.0,1,0.10776522071150785,0.10710599999999992,0.10706569134252572,0.003099051635750004,0.009866599168557776,0.10656504287269328,499.9999999999999,A8_2026-09-19_15-06-38.meta,A8,1,full_indi,,9.07,8.0,0.0002579069599681249,0.0002579069599681249,cf_second
0.0,0.0,0.0,0.0,0.0,1,indi,,,,,0.004887151419794561,0.00488715141979456,4.616194716818643,500.0000000000551,0.1477445569549423,1931.3284489731627,5.000000000000551,2678.1158266603634,5.000000000000551,8.51629069907536,8.000000000000881,,,,0.6201505709877139,0.6204342991277789,0.0,0.04536240458968999,1500,2,1500,0.0,,approach1,6.496996996996997,3.496996996996997,1,0.11728513094591311,0.1140699999999999,0.11149755601942433,0.004791492385120388,0.02210232457586004,0.10917982344449607,499.99999999999994,A8_2026-09-19_15-06-38.meta,A8,1,full_indi,,6.496,3.498,0.0002579069599681249,0.000257906959968125,cf_second
,,,,,,indi,0.25,0.12271942438271605,0.12653054163159705,0.12728057561728395,,,,,,,,,,,,0.08546500000000012,0.12056508835479701,-0.129434911645203,,,,,,2,,,time offset between the two logs' own t[0]: +0.0000 s,,,,,,,,,,,,A8_2026-09-19_15-06-38.meta,A8,,full_indi,0.19200000000000017,,,,,__formation__
0.0,0.5562507893801172,0.5562507893801172,-0.22380093701574605,0.5061905007927832,1,indi,,,,,0.11923392364172203,0.026162390143324006,10.551979207885907,500.0000000000551,0.7594131689082491,3692481.969298034,6.62334416395974,1007613.1987413305,6.123469132717496,598.3163933572794,6.62334416395974,,,,0.4873759825167792,0.5742475168756748,0.04048987753061734,0.6167509303127794,4001,2,4001,0.0,,scenario,8.0,0.0,1,0.11293061192608496,0.11114000000000002,0.03675904786682431,0.0013998103379581238,0.005768631798879372,0.03627659049941414,500.0,A8_2026-09-19_15-07-11.meta,A8,1,full_indi,,8.0,0.0,0.015873955430200756,0.0038835891301239756,cf5
0.0,0.22792362881934622,0.22792362881934622,-0.1362955615671642,0.167391495635093,1,indi,,,,,0.032019428695715356,0.01592165423310834,1.3829602791018112,499.99999999983305,0.6161180188642877,27990.928161925847,6.529850746266476,66704.65472320828,6.529850746266476,11.742405115343105,8.395522388056898,,,,0.48042990957230325,0.568513259385784,0.0,0.6036734326909171,536,2,536,0.0,,land,9.07,8.0,1,0.03209586471805982,0.031981999999999955,0.029989002210698567,0.0014773033343870327,0.0012700308360928988,0.029925655383414174,499.9999999999999,A8_2026-09-19_15-07-11.meta,A8,1,full_indi,,9.07,8.0,0.004702954496909363,0.002440892959232919,cf5
0.0,0.8575140384242547,0.8575140384242547,-0.37877504466666667,0.7950359377255366,1,indi,,,,,0.11923392364172203,0.03709744527339675,4.129420286751982,500.0000000000551,0.7559466578520095,4205486.67505553,6.6666666666674015,702605.4636463718,6.333333333334031,324.8273474267148,6.6666666666674015,,,,0.500860625809397,0.5868038245668653,0.108,0.6438498292384629,1500,2,1500,0.0,,approach1,6.496996996996997,3.496996996996997,1,0.11293061192608496,0.11114000000000002,0.046468114555954745,0.0013635547494203035,0.0090542361322201,0.04555707625487688,499.99999999999994,A8_2026-09-19_15-07-11.meta,A8,1,full_indi,,6.496,3.498,0.015873955430200756,0.0054704610709396945,cf5
0.0,0.0,0.0,0.0,0.0,1,indi,,,,,0.0019721298131715366,0.0019721298131715366,12.401463936989288,500.0000000000551,0.3165364594231116,6114.639311511468,6.998250437391424,12629.655416609941,5.873531617096374,77.31390638369288,8.497875531118158,,,,0.6223057318924846,0.622531459359738,0.0,0.04136843234892047,4001,2,4001,0.0,,scenario,8.0,0.0,1,0.11951022772131259,0.11511800000000005,0.11125072162105938,0.005788524029222888,0.017600609571160622,0.1096970126917462,500.0,A8_2026-09-19_15-07-11.meta,A8,1,full_indi,,8.0,0.0,8.649277426467485e-05,8.649277426467485e-05,cf_second
0.0,0.0,0.0,0.0,0.0,1,indi,,,,,0.0019721298131715366,0.0019721298131715366,1.6682723410608347,499.99999999983305,0.48595073506881237,501.13079962881693,5.5970149253712655,2406.786744307957,5.5970149253712655,3.6159442527087093,5.5970149253712655,,,,0.6242522499767628,0.6243266068898016,0.0,0.024530264709583235,536,2,536,0.0,,land,9.07,8.0,1,0.10971497404638976,0.1091089999999999,0.10895848872533842,0.008940761957391068,0.005851579605912276,0.10843327006526475,499.9999999999999,A8_2026-09-19_15-07-11.meta,A8,1,full_indi,,9.07,8.0,8.649277426467485e-05,8.649277426467483e-05,cf_second
0.0,0.0,0.0,0.0,0.0,1,indi,,,,,0.0019721298131715366,0.0019721298131715366,4.672927387155646,500.0000000000551,0.30823777977238564,1675.1358970930278,6.6666666666674015,7671.473363954576,5.666666666667291,19.97386975032082,8.666666666667622,,,,0.6239466506622084,0.6242349384732495,0.0,0.048296382765982554,1500,2,1500,0.0,,approach1,6.496996996996997,3.496996996996997,1,0.11951022772131259,0.11511800000000005,0.11478741439552217,0.004513524129251259,0.023396648823567304,0.11228702252429114,499.99999999999994,A8_2026-09-19_15-07-11.meta,A8,1,full_indi,,6.496,3.498,8.649277426467485e-05,8.649277426467486e-05,cf_second
,,,,,,indi,0.25,0.13237903439153437,0.13499044460261259,0.11762096560846562,,,,,,,,,,,,0.07808199999999998,0.10634025897090905,-0.14365974102909096,,,,,,2,,,time offset between the two logs' own t[0]: +0.0000 s,,,,,,,,,,,,A8_2026-09-19_15-07-11.meta,A8,,full_indi,0.2220000000000002,,,,,__formation__
