dead_ms,lpf,role,gyro_rms,dom_hz,regime,z_err_cm,partner_gyro
0,False,ours,0.6762355889824675,2.0000000000002203,stable,-0.41025067079128924,0.18826249673333117
0,False,omar,0.0,2.0000000000002203,stable,-0.015523112291991839,220.53677770035338
0,True,ours,160.69635263642115,8.000000000000881,diverging,-47.22429334775592,0.18809218357410165
0,True,omar,0.00321928141350715,2.0000000000002203,stable,-0.015589126712643616,220.53676063021797
0.5,False,ours,0.6826038256575685,2.0000000000002203,stable,-0.4102438399918374,0.188259591460609
0.5,False,omar,0.0,2.0000000000002203,stable,-0.01546494094721065,220.5368861187743
0.5,True,ours,180.11936727250435,6.6666666666674015,diverging,-48.08315033593329,0.18755717699771135
0.5,True,omar,0.0037869111428505044,5.333333333333921,stable,-0.015493398831928892,220.53706417320163
1,False,ours,1.6983431248173761,10.000000000001101,stable,-0.42069499270267763,0.18826554441509483
1,False,omar,0.0,2.0000000000002203,stable,-0.015541333409460244,220.5368683263839
1,True,ours,130.41909066982956,6.000000000000661,diverging,-49.83485037904751,0.1868506185397071
1,True,omar,0.0047182602427010886,5.333333333333921,stable,-0.014036843038609111,220.5367500658024
1.5,False,ours,124.06148704105553,8.666666666667622,diverging,-22.1887551712934,0.18825892853456308
1.5,False,omar,0.0,2.0000000000002203,stable,-0.015483949145342287,220.53682497203192
1.5,True,ours,135.19262052055117,5.333333333333921,diverging,-49.95450016825003,0.19302372284371613
1.5,True,omar,0.004995274912046271,2.0000000000002203,stable,-0.013943786792491216,220.53670508455616
2,False,ours,140.0791927228139,8.000000000000881,diverging,-32.16033978496618,0.18825205856053476
2,False,omar,0.0,2.0000000000002203,stable,-0.013945546997743417,220.53670352171324
2,True,ours,187.9798670667642,6.6666666666674015,diverging,-49.876599474212064,0.18683943454028526
2,True,omar,0.006391588239933655,2.0000000000002203,stable,-0.013907319057408541,220.53687364026254
3,False,ours,154.6928391686699,8.000000000000881,diverging,-49.56134127136899,0.18793087167766898
3,False,omar,0.0,2.0000000000002203,stable,-0.01357599827924166,220.53677680158265
3,True,ours,162.73613121972264,5.333333333333921,diverging,-49.948629646052176,0.19330777966485932
3,True,omar,0.007609237936546065,2.0000000000002203,stable,-0.013664194856704235,220.53663298920202
4,False,ours,150.27018725575806,6.000000000000661,diverging,-49.91437712825408,0.1868770579726915
4,False,omar,0.0,2.0000000000002203,stable,-0.01375637529330291,220.53663337701693
4,True,ours,154.652209450336,5.333333333333921,diverging,-49.946648145835134,0.1930061046918902
4,True,omar,0.01674627755556874,6.6666666666674015,stable,-0.013912207401718744,220.53679034698382
0,True,ours,160.69635263642115,8.000000000000881,diverging,-47.22429334775592,0.18809218357410165
0.5,True,ours,180.11936727250435,6.6666666666674015,diverging,-48.08315033593329,0.18755717699771135
1,True,ours,130.41909066982956,6.000000000000661,diverging,-49.83485037904751,0.1868506185397071
1.5,True,ours,135.19262052055117,5.333333333333921,diverging,-49.95450016825003,0.19302372284371613
2,True,ours,187.9798670667642,6.6666666666674015,diverging,-49.876599474212064,0.18683943454028526
3,True,ours,162.73613121972264,5.333333333333921,diverging,-49.948629646052176,0.19330777966485932
4,True,ours,154.652209450336,5.333333333333921,diverging,-49.946648145835134,0.1930061046918902
0,True,ours,44.66411334707224,6.6666666666674015,diverging,-31.931437245079575,0.18809660845781093
0.5,True,ours,159.2652681391189,6.000000000000661,diverging,-40.995125561873735,0.18774203944210238
1,True,ours,119.38595022283755,5.333333333333921,diverging,-44.81492582147347,0.18730924769869614
1.5,True,ours,150.67613760815138,7.333333333334141,diverging,-40.975760365712844,0.1867790219995956
2,True,ours,149.68796295493482,6.000000000000661,diverging,-48.33271694892992,0.1868043404211108
3,True,ours,170.64767732573728,2.6666666666669605,diverging,-49.96158944027154,0.18689450760758436
4,True,ours,118.16337161801938,6.000000000000661,diverging,-49.7692218002347,0.19305492642556402
0,True,ours,51.006010546183475,6.000000000000661,diverging,-23.837133803644317,0.1880892531577492
0.5,True,ours,50.79204260414305,6.000000000000661,diverging,-34.443386502030876,0.1877313946316399
1,True,ours,124.80439166116369,6.000000000000661,diverging,-38.88823827025633,0.18730218170815238
1.5,True,ours,108.31112305125242,5.333333333333921,diverging,-47.339229914466934,0.18696891966889087
2,True,ours,141.95553289626173,5.333333333333921,diverging,-49.0185660661949,0.18682255623360658
3,True,ours,122.37090291321284,6.000000000000661,diverging,-48.93515569790892,0.18686645137065694
0,True,ours,78.23152860983302,6.000000000000661,diverging,-35.58338397492922,0.18804315621417958
0.5,True,ours,68.66379576825145,2.0000000000002203,diverging,-38.08026404346579,0.1876919192077183
1,True,ours,100.67878528737988,2.0000000000002203,diverging,-41.567367067648256,0.18722262432210648
1.5,True,ours,83.89272664249923,4.666666666667181,diverging,-42.640889019829764,0.18690043854010496
2,True,ours,78.39105965278452,4.666666666667181,diverging,-44.34880145063776,0.1867527227320748
3,True,ours,71.22172733232735,4.666666666667181,diverging,-48.357930869003546,0.18676850162490108
4,True,ours,133.45800146124674,5.333333333333921,diverging,-49.03477896104272,0.18683922340327866
0,True,ours,130.37836173574527,2.0000000000002203,diverging,-38.43195951564431,0.18801354858569258
0.5,True,ours,158.06374542905175,2.0000000000002203,diverging,-37.54221091605128,0.18766020788225163
1,True,ours,75.32401922760538,2.0000000000002203,diverging,-45.87719655057237,0.187186028041171
1.5,True,ours,91.41613073353713,4.666666666667181,diverging,-43.27264603304047,0.18685424342465382
2,True,ours,86.52816958837721,4.0000000000004405,diverging,-42.613058605886984,0.18671440910092968
3,True,ours,95.92907078389592,4.0000000000004405,diverging,-41.48131115381666,0.18673015495714515
4,True,ours,114.83620983021095,4.0000000000004405,diverging,-47.68439007107569,0.1868392536751167
0,True,omar,0.00321928141350715,2.0000000000002203,stable,-0.015589126712643616,220.53676063021797
0.5,True,omar,0.0037869111428505044,5.333333333333921,stable,-0.015493398831928892,220.53706417320163
1,True,omar,0.0047182602427010886,5.333333333333921,stable,-0.014036843038609111,220.5367500658024
1.5,True,omar,0.004995274912046271,2.0000000000002203,stable,-0.013943786792491216,220.53670508455616
2,True,omar,0.006391588239933655,2.0000000000002203,stable,-0.013907319057408541,220.53687364026254
3,True,omar,0.007609237936546065,2.0000000000002203,stable,-0.013664194856704235,220.53663298920202
4,True,omar,0.01674627755556874,6.6666666666674015,stable,-0.013912207401718744,220.53679034698382
,,,110.39827209474221,6.6666666666674015,diverging,-49.97995234235497,0.18704056663629504
,,,1.1012462990656493,6.000000000000661,stable,-0.030909846532951285,220.53661297322137
,,,180.48465413625868,5.333333333333921,diverging,-49.77147403801443,0.18777377225360173
,,,242.94438440115073,5.333333333333921,diverging,-49.20104868738802,0.18732490991067993
,,,187.9798670667642,6.6666666666674015,diverging,-49.876599474212064,0.18683943454028526
,,,110.39827209474221,6.6666666666674015,diverging,-49.97995234235497,0.18704056663629504
,,,130.18859100055246,5.333333333333921,diverging,-49.97901489800271,0.1877973968143086
,,,90.92652780246706,5.333333333333921,diverging,-49.968863388275075,0.18796434112594337
,,,169.49565941438675,6.000000000000661,diverging,-46.588135382058155,0.1867639409107885
,,,132.25011484829426,5.333333333333921,diverging,-47.45681703664699,0.1870589722471717
,,,108.65785778872763,4.666666666667181,diverging,-49.71229113057478,0.18705031967859134
,,,109.28974968131425,4.0000000000004405,diverging,-39.13530331371569,0.18668421359740003
,,,77.0839139051615,4.666666666667181,diverging,-37.66228369869782,0.18696249225916417
,,,76.39278748709361,4.666666666667181,diverging,-37.77114325661612,0.1870157697578685
,,,140.32795607874726,4.666666666667181,diverging,-49.97734454357828,0.18705962825429925
,,,167.4987861133471,4.0000000000004405,diverging,-49.89893725853454,0.18677522295760338
,,,110.16820724448833,5.333333333333921,diverging,-49.975986652050565,0.18752307772731475
,,,147.40527747227856,4.666666666667181,diverging,-49.257251221630604,0.1870996938045376
,,,157.19375412919328,6.000000000000661,diverging,-48.094674045252276,0.1872104599857499
,,,169.90851097847866,4.666666666667181,diverging,-47.76047668832186,0.18738992362931395
,,,76.80192878977316,4.0000000000004405,diverging,-46.51061971177474,0.1871780300710291
,,,76.67432164622315,4.666666666667181,diverging,-37.68717681683832,0.18735453510242162
,,,76.86307437550427,4.666666666667181,diverging,-37.73549560351687,0.18732152239752795
,,,110.39827209474221,6.6666666666674015,diverging,-49.97995234235497,0.18704056663629504
,,,186.24465435885855,4.666666666667181,diverging,-48.697238666974116,0.1877181188190694
