time_s,cmd,imu_z,height,delta_x,delta_y,squal,vx,vy,motor_m1,motor_m2,motor_m3,motor_m4
0.000105,0.000000,,,,,,,,,,,
0.010954,0.000000,,,,,,,,,,,
0.020158,0.000000,,,,,,,,,,,
0.030754,0.000000,,,,,,,,,,,
0.040665,0.000000,,,,,,,,,,,
0.050510,0.000000,,,,,,,,,,,
0.060928,0.000000,,,,,,,,,,,
0.070189,0.000000,,,,,,,,,,,
0.080396,0.000000,,,,,,,,,,,
0.090216,0.000000,,,,,,,,,,,
0.100372,0.000000,,,,,,,,,,,
0.110192,0.000000,,,,,,,,,,,
0.120202,0.000000,,,,,,,,,,,
0.130145,0.000000,,,,,,,,,,,
0.140153,0.000000,,,,,,,,,,,
0.150178,0.000000,,,,,,,,,,,
0.160188,0.000000,,,,,,,,,,,
0.170121,0.000000,,,,,,,,,,,
0.180404,0.000000,,,,,,,,,,,
0.190165,0.000000,,,,,,,,,,,
0.200731,0.000000,,,,,,,,,,,
0.210198,0.000000,,,,,,,,,,,
0.220171,0.000000,,,,,,,,,,,
0.230210,0.000000,,,,,,,,,,,
0.240178,0.000000,,,,,,,,,,,
0.250102,0.000000,,,,,,,,,,,
0.260209,0.000000,,,,,,,,,,,
0.270090,0.000000,,,,,,,,,,,
0.280133,0.000000,,,,,,,,,,,
0.290111,0.000000,,,,,,,,,,,
0.300101,0.000000,,,,,,,,,,,
0.310130,0.000000,,,,,,,,,,,
0.320130,0.000000,,,,,,,,,,,
0.330771,0.000000,,,,,,,,,,,
0.340130,0.000000,,,,,,,,,,,
0.350124,0.000000,,,,,,,,,,,
0.360131,0.000000,,,,,,,,,,,
0.370092,0.000000,,,,,,,,,,,
0.380120,0.000000,,,,,,,,,,,
0.390525,0.000000,,,,,,,,,,,
0.400469,0.000000,,,,,,,,,,,
0.410103,0.000000,,,,,,,,,,,
0.420125,0.000000,,,,,,,,,,,
0.430105,0.000000,,,,,,,,,,,
0.440146,0.000000,,,,,,,,,,,
0.450237,0.000000,,,,,,,,,,,
0.460238,0.000000,,,,,,,,,,,
0.470137,0.000000,,,,,,,,,,,
0.480144,0.000000,,,,,,,,,,,
0.490178,0.000000,,,,,,,,,,,
0.500180,0.000000,,,,,,,,,,,
0.510133,0.000000,,,,,,,,,,,
0.520089,0.000000,,,,,,,,,,,
0.530138,0.000000,,,,,,,,,,,
0.541171,0.000000,,,,,,,,,,,
0.550101,0.000000,,,,,,,,,,,
0.560129,0.000000,,,,,,,,,,,
0.570119,0.000000,,,,,,,,,,,
0.580129,0.000000,,,,,,,,,,,
0.590692,0.000000,,,,,,,,,,,
0.600145,0.000000,,,,,,,,,,,
0.610431,0.000000,,,,,,,,,,,
0.620193,0.000000,,,,,,,,,,,
0.630133,0.000000,,,,,,,,,,,
0.640114,0.000000,,,,,,,,,,,
0.650139,0.000000,,,,,,,,,,,
0.660131,0.000000,,,,,,,,,,,
0.670115,0.000000,,,,,,,,,,,
0.680344,0.000000,,,,,,,,,,,
0.690576,0.000000,,,,,,,,,,,
0.700104,0.000000,,,,,,,,,,,
0.710130,0.000000,,,,,,,,,,,
0.720893,0.000000,,,,,,,,,,,
0.730500,0.000000,,,,,,,,,,,
0.740773,0.000000,,,,,,,,,,,
0.750825,0.000000,,,,,,,,,,,
0.760159,0.000000,,,,,,,,,,,
0.770423,0.000000,,,,,,,,,,,
0.780111,0.000000,,,,,,,,,,,
0.791123,0.000000,,,,,,,,,,,
0.800575,0.000000,,,,,,,,,,,
0.810141,0.000000,,,,,,,,,,,
0.820135,0.000000,,,,,,,,,,,
0.830139,0.000000,,,,,,,,,,,
0.840171,0.000000,,,,,,,,,,,
0.850102,0.000000,,,,,,,,,,,
0.860157,0.000000,,,,,,,,,,,
0.870649,0.000000,,,,,,,,,,,
0.880154,0.000000,,,,,,,,,,,
0.890253,0.000000,,,,,,,,,,,
0.900131,0.000000,,,,,,,,,,,
0.910137,0.000000,,,,,,,,,,,
0.920113,0.000000,,,,,,,,,,,
0.930117,0.000000,,,,,,,,,,,
0.940174,0.000000,,,,,,,,,,,
0.950116,0.000000,,,,,,,,,,,
0.960648,0.000000,,,,,,,,,,,
0.970108,0.000000,,,,,,,,,,,
0.980299,0.000000,,,,,,,,,,,
0.990123,0.000000,,,,,,,,,,,
1.000480,0.000240,,,,,,,,,,,
1.010851,0.000480,,,,,,,,,,,
1.020183,0.000720,,,,,,,,,,,
1.030150,0.000960,,,,,,,,,,,
1.040240,0.001200,,,,,,,,,,,
1.050626,0.001440,,,,,,,,,,,
1.060845,0.001680,,,,,,,,,,,
1.070216,0.001920,,,,,,,,,,,
1.080135,0.002160,,,,,,,,,,,
1.090287,0.002400,,,,,,,,,,,
1.100097,0.002640,,,,,,,,,,,
1.110258,0.002880,,,,,,,,,,,
1.120149,0.003120,,,,,,,,,,,
1.130328,0.003360,,,,,,,,,,,
1.140558,0.003600,,,,,,,,,,,
1.150109,0.003840,,,,,,,,,,,
1.160193,0.004080,,,,,,,,,,,
1.170580,0.004320,,,,,,,,,,,
1.180136,0.004560,,,,,,,,,,,
1.190539,0.004800,,,,,,,,,,,
1.200341,0.005040,,,,,,,,,,,
1.210118,0.005280,,,,,,,,,,,
1.220144,0.005520,,,,,,,,,,,
1.230163,0.005760,,,,,,,,,,,
1.240227,0.006000,,,,,,,,,,,
1.250152,0.006240,,,,,,,,,,,
1.260135,0.006480,,,,,,,,,,,
1.270185,0.006720,,,,,,,,,,,
1.280161,0.006960,,,,,,,,,,,
1.290187,0.007200,,,,,,,,,,,
1.300458,0.007440,,,,,,,,,,,
1.310187,0.007680,,,,,,,,,,,
1.320173,0.007920,,,,,,,,,,,
1.330172,0.008160,,,,,,,,,,,
1.340537,0.008400,,,,,,,,,,,
1.350154,0.008640,,,,,,,,,,,
1.360200,0.008880,,,,,,,,,,,
1.370150,0.009120,,,,,,,,,,,
1.380185,0.009360,,,,,,,,,,,
1.390337,0.009600,,,,,,,,,,,
1.400151,0.009840,,,,,,,,,,,
1.410149,0.010080,,,,,,,,,,,
1.420365,0.010320,,,,,,,,,,,
1.430127,0.010560,,,,,,,,,,,
1.440192,0.010800,,,,,,,,,,,
1.450158,0.011040,,,,,,,,,,,
1.460198,0.011280,,,,,,,,,,,
1.470252,0.011520,,,,,,,,,,,
1.480390,0.011760,,,,,,,,,,,
1.490254,0.012000,,,,,,,,,,,
1.500814,0.012240,,,,,,,,,,,
1.510189,0.012480,,,,,,,,,,,
1.520375,0.012720,,,,,,,,,,,
1.530168,0.012960,,,,,,,,,,,
1.540158,0.013200,,,,,,,,,,,
1.550132,0.013440,,,,,,,,,,,
1.560240,0.013680,,,,,,,,,,,
1.570258,0.013920,,,,,,,,,,,
1.580156,0.014160,,,,,,,,,,,
1.590165,0.014400,,,,,,,,,,,
1.600112,0.014640,,,,,,,,,,,
1.610278,0.014880,,,,,,,,,,,
1.620162,0.015120,,,,,,,,,,,
1.630132,0.015360,,,,,,,,,,,
1.640126,0.015600,,,,,,,,,,,
1.650175,0.015840,,,,,,,,,,,
1.660153,0.016080,,,,,,,,,,,
1.670130,0.016320,,,,,,,,,,,
1.680104,0.016560,,,,,,,,,,,
1.690135,0.016800,,,,,,,,,,,
1.700137,0.017040,,,,,,,,,,,
1.710100,0.017280,,,,,,,,,,,
1.720130,0.017520,,,,,,,,,,,
1.730196,0.017760,,,,,,,,,,,
1.740124,0.018000,,,,,,,,,,,
1.750144,0.018240,,,,,,,,,,,
1.760128,0.018480,,,,,,,,,,,
1.770175,0.018720,,,,,,,,,,,
1.780170,0.018960,,,,,,,,,,,
1.790112,0.019200,,,,,,,,,,,
1.800112,0.019440,,,,,,,,,,,
1.810086,0.019680,,,,,,,,,,,
1.820123,0.019920,,,,,,,,,,,
1.830126,0.020160,,,,,,,,,,,
1.840074,0.020400,,,,,,,,,,,
1.850122,0.020640,,,,,,,,,,,
1.860119,0.020880,,,,,,,,,,,
1.870122,0.021120,,,,,,,,,,,
1.880191,0.021360,,,,,,,,,,,
1.890113,0.021600,,,,,,,,,,,
1.900113,0.021840,,,,,,,,,,,
1.910086,0.022080,,,,,,,,,,,
1.920145,0.022320,,,,,,,,,,,
1.930125,0.022560,,,,,,,,,,,
1.940137,0.022800,,,,,,,,,,,
1.950285,0.023040,,,,,,,,,,,
1.960347,0.023280,,,,,,,,,,,
1.970159,0.023520,,,,,,,,,,,
1.980300,0.023760,,,,,,,,,,,
1.990146,0.024000,,,,,,,,,,,
2.000139,0.024240,,,,,,,,,,,
2.010142,0.024480,,,,,,,,,,,
2.020099,0.024720,,,,,,,,,,,
2.030143,0.024960,,,,,,,,,,,
2.040142,0.025200,,,,,,,,,,,
2.050143,0.025440,,,,,,,,,,,
2.060292,0.025680,,,,,,,,,,,
2.070136,0.025920,,,,,,,,,,,
2.080348,0.026160,,,,,,,,,,,
2.090159,0.026400,,,,,,,,,,,
2.100116,0.026640,,,,,,,,,,,
2.110116,0.026880,,,,,,,,,,,
2.120142,0.027120,,,,,,,,,,,
2.130461,0.027360,,,,,,,,,,,
2.140138,0.027600,,,,,,,,,,,
2.150168,0.027840,,,,,,,,,,,
2.160321,0.028080,,,,,,,,,,,
2.170305,0.028320,,,,,,,,,,,
2.180297,0.028560,,,,,,,,,,,
2.190130,0.028800,,,,,,,,,,,
2.200160,0.029040,,,,,,,,,,,
2.210176,0.029280,,,,,,,,,,,
2.220109,0.029520,,,,,,,,,,,
2.230330,0.029760,,,,,,,,,,,
2.240148,0.030000,,,,,,,,,,,
2.250153,0.030240,,,,,,,,,,,
2.260175,0.030480,,,,,,,,,,,
2.270137,0.030720,,,,,,,,,,,
2.280157,0.030960,,,,,,,,,,,
2.290169,0.031200,,,,,,,,,,,
2.300182,0.031440,,,,,,,,,,,
2.310166,0.031680,,,,,,,,,,,
2.320161,0.031920,,,,,,,,,,,
2.330138,0.032160,,,,,,,,,,,
2.340148,0.032400,,,,,,,,,,,
2.350159,0.032640,,,,,,,,,,,
2.360149,0.032880,,,,,,,,,,,
2.370332,0.033120,,,,,,,,,,,
2.380164,0.033360,,,,,,,,,,,
2.390119,0.033600,,,,,,,,,,,
2.400073,0.033840,,,,,,,,,,,
2.410086,0.034080,,,,,,,,,,,
2.420118,0.034320,,,,,,,,,,,
2.430076,0.034560,,,,,,,,,,,
2.440084,0.034800,,,,,,,,,,,
2.450194,0.035040,,,,,,,,,,,
2.460223,0.035280,,,,,,,,,,,
2.470078,0.035520,,,,,,,,,,,
2.480356,0.035760,,,,,,,,,,,
2.490170,0.036000,,,,,,,,,,,
2.500143,0.036240,,,,,,,,,,,
2.510171,0.036480,,,,,,,,,,,
2.520528,0.036720,,,,,,,,,,,
2.530463,0.036960,,,,,,,,,,,
2.540118,0.037200,,,,,,,,,,,
2.550166,0.037440,,,,,,,,,,,
2.560488,0.037680,,,,,,,,,,,
2.570119,0.037920,,,,,,,,,,,
2.580167,0.038160,,,,,,,,,,,
2.590165,0.038400,,,,,,,,,,,
2.600133,0.038640,,,,,,,,,,,
2.610463,0.038880,,,,,,,,,,,
2.620155,0.039120,,,,,,,,,,,
2.630276,0.039360,,,,,,,,,,,
2.640382,0.039600,,,,,,,,,,,
2.650143,0.039840,,,,,,,,,,,
2.660297,0.040080,,,,,,,,,,,
2.670148,0.040320,,,,,,,,,,,
2.680166,0.040560,,,,,,,,,,,
2.690531,0.040800,,,,,,,,,,,
2.700136,0.041040,,,,,,,,,,,
2.710355,0.041280,,,,,,,,,,,
2.720199,0.041520,,,,,,,,,,,
2.730345,0.041760,,,,,,,,,,,
2.740200,0.042000,,,,,,,,,,,
2.750163,0.042240,,,,,,,,,,,
2.760330,0.042480,,,,,,,,,,,
2.770159,0.042720,,,,,,,,,,,
2.780175,0.042960,,,,,,,,,,,
2.790099,0.043200,,,,,,,,,,,
2.800103,0.043440,,,,,,,,,,,
2.810116,0.043680,,,,,,,,,,,
2.820150,0.043920,,,,,,,,,,,
2.830400,0.044160,,,,,,,,,,,
2.840115,0.044400,,,,,,,,,,,
2.850136,0.044640,,,,,,,,,,,
2.860157,0.044880,,,,,,,,,,,
2.870183,0.045120,,,,,,,,,,,
2.880330,0.045360,,,,,,,,,,,
2.890167,0.045600,,,,,,,,,,,
2.900325,0.045840,,,,,,,,,,,
2.910176,0.046080,,,,,,,,,,,
2.920541,0.046320,,,,,,,,,,,
2.930135,0.046560,,,,,,,,,,,
2.940563,0.046800,,,,,,,,,,,
2.950157,0.047040,,,,,,,,,,,
2.960174,0.047280,,,,,,,,,,,
2.970105,0.047520,,,,,,,,,,,
2.980173,0.047760,,,,,,,,,,,
2.990404,0.048000,,,,,,,,,,,
3.000369,0.048240,,,,,,,,,,,
3.010104,0.048480,,,,,,,,,,,
3.020108,0.048720,,,,,,,,,,,
3.030453,0.048960,,,,,,,,,,,
3.040419,0.049200,,,,,,,,,,,
3.050224,0.049440,,,,,,,,,,,
3.060155,0.049680,,,,,,,,,,,
3.070146,0.049920,,,,,,,,,,,
3.080094,0.050160,,,,,,,,,,,
3.090548,0.050400,,,,,,,,,,,
3.100515,0.050640,,,,,,,,,,,
3.110197,0.050880,,,,,,,,,,,
3.120164,0.051120,,,,,,,,,,,
3.130119,0.051360,,,,,,,,,,,
3.140194,0.051600,,,,,,,,,,,
3.150319,0.051840,,,,,,,,,,,
3.160183,0.052080,,,,,,,,,,,
3.170097,0.052320,,,,,,,,,,,
3.180135,0.052560,,,,,,,,,,,
3.190139,0.052800,,,,,,,,,,,
3.200109,0.053040,,,,,,,,,,,
3.210128,0.053280,,,,,,,,,,,
3.220128,0.053520,,,,,,,,,,,
3.230146,0.053760,,,,,,,,,,,
3.240124,0.054000,,,,,,,,,,,
3.250177,0.054240,,,,,,,,,,,
3.260164,0.054480,,,,,,,,,,,
3.270156,0.054720,,,,,,,,,,,
3.280153,0.054960,,,,,,,,,,,
3.290404,0.055200,,,,,,,,,,,
3.300313,0.055440,,,,,,,,,,,
3.310120,0.055680,,,,,,,,,,,
3.320142,0.055920,,,,,,,,,,,
3.330135,0.056160,,,,,,,,,,,
3.340079,0.056400,,,,,,,,,,,
3.350082,0.056640,,,,,,,,,,,
3.360138,0.056880,,,,,,,,,,,
3.370085,0.057120,,,,,,,,,,,
3.380152,0.057360,,,,,,,,,,,
3.390273,0.057600,,,,,,,,,,,
3.400101,0.057840,,,,,,,,,,,
3.410165,0.058080,,,,,,,,,,,
3.420316,0.058320,,,,,,,,,,,
3.430126,0.058560,,,,,,,,,,,
3.440288,0.058800,,,,,,,,,,,
3.450184,0.059040,,,,,,,,,,,
3.460228,0.059280,,,,,,,,,,,
3.470323,0.059520,,,,,,,,,,,
3.480126,0.059760,,,,,,,,,,,
3.490176,0.060000,,,,,,,,,,,
3.500294,0.060240,,,,,,,,,,,
3.510111,0.060480,,,,,,,,,,,
3.520137,0.060720,,,,,,,,,,,
3.530143,0.060960,,,,,,,,,,,
3.540150,0.061200,,,,,,,,,,,
3.550128,0.061440,,,,,,,,,,,
3.560127,0.061680,,,,,,,,,,,
3.570126,0.061920,,,,,,,,,,,
3.580128,0.062160,,,,,,,,,,,
3.590154,0.062400,,,,,,,,,,,
3.600136,0.062640,,,,,,,,,,,
3.610133,0.062880,,,,,,,,,,,
3.620134,0.063120,,,,,,,,,,,
3.630139,0.063360,,,,,,,,,,,
3.640220,0.063600,,,,,,,,,,,
3.650129,0.063840,,,,,,,,,,,
3.660121,0.064080,,,,,,,,,,,
3.670109,0.064320,,,,,,,,,,,
3.680097,0.064560,,,,,,,,,,,
3.690105,0.064800,,,,,,,,,,,
3.700114,0.065040,,,,,,,,,,,
3.710150,0.065280,,,,,,,,,,,
3.720134,0.065520,,,,,,,,,,,
3.730138,0.065760,,,,,,,,,,,
3.740117,0.066000,,,,,,,,,,,
3.750211,0.066240,,,,,,,,,,,
3.760116,0.066480,,,,,,,,,,,
3.770123,0.066720,,,,,,,,,,,
3.780154,0.066960,,,,,,,,,,,
3.790103,0.067200,,,,,,,,,,,
3.800142,0.067440,,,,,,,,,,,
3.810134,0.067680,,,,,,,,,,,
3.820114,0.067920,,,,,,,,,,,
3.830144,0.068160,,,,,,,,,,,
3.840152,0.068400,,,,,,,,,,,
3.850130,0.068640,,,,,,,,,,,
3.860130,0.068880,,,,,,,,,,,
3.870564,0.069120,,,,,,,,,,,
3.880101,0.069360,,,,,,,,,,,
3.890144,0.069600,,,,,,,,,,,
3.900165,0.069840,,,,,,,,,,,
3.910147,0.070080,,,,,,,,,,,
3.920116,0.070320,,,,,,,,,,,
3.930176,0.070560,,,,,,,,,,,
3.940237,0.070800,,,,,,,,,,,
3.950133,0.071040,,,,,,,,,,,
3.960147,0.071280,,,,,,,,,,,
3.970152,0.071520,,,,,,,,,,,
3.980101,0.071760,,,,,,,,,,,
3.990120,0.072000,,,,,,,,,,,
4.000105,0.072240,,,,,,,,,,,
4.010169,0.072480,,,,,,,,,,,
4.020150,0.072720,,,,,,,,,,,
4.030123,0.072960,,,,,,,,,,,
4.040102,0.073200,,,,,,,,,,,
4.050096,0.073440,,,,,,,,,,,
4.060143,0.073680,,,,,,,,,,,
4.070122,0.073920,,,,,,,,,,,
4.080089,0.074160,,,,,,,,,,,
4.090188,0.074400,,,,,,,,,,,
4.100121,0.074640,,,,,,,,,,,
4.110135,0.074880,,,,,,,,,,,
4.120125,0.075120,,,,,,,,,,,
4.130136,0.075360,,,,,,,,,,,
4.140129,0.075600,,,,,,,,,,,
4.150115,0.075840,,,,,,,,,,,
4.160176,0.076080,,,,,,,,,,,
4.170112,0.076320,,,,,,,,,,,
4.180129,0.076560,,,,,,,,,,,
4.190121,0.076800,,,,,,,,,,,
4.200110,0.077040,,,,,,,,,,,
4.210147,0.077280,,,,,,,,,,,
4.220196,0.077520,,,,,,,,,,,
4.230237,0.077760,,,,,,,,,,,
4.240245,0.078000,,,,,,,,,,,
4.250208,0.078240,,,,,,,,,,,
4.260299,0.078480,,,,,,,,,,,
4.270257,0.078720,,,,,,,,,,,
4.280149,0.078960,,,,,,,,,,,
4.290164,0.079200,,,,,,,,,,,
4.300251,0.079440,,,,,,,,,,,
4.310197,0.079680,,,,,,,,,,,
4.320099,0.079920,,,,,,,,,,,
4.330118,0.080160,,,,,,,,,,,
4.340117,0.080400,,,,,,,,,,,
4.350143,0.080640,,,,,,,,,,,
4.360164,0.080880,,,,,,,,,,,
4.370128,0.081120,,,,,,,,,,,
4.380142,0.081360,,,,,,,,,,,
4.390183,0.081600,,,,,,,,,,,
4.400122,0.081840,,,,,,,,,,,
4.410146,0.082080,,,,,,,,,,,
4.420098,0.082320,,,,,,,,,,,
4.430121,0.082560,,,,,,,,,,,
4.440120,0.082800,,,,,,,,,,,
4.450159,0.083040,,,,,,,,,,,
4.460149,0.083280,,,,,,,,,,,
4.470248,0.083520,,,,,,,,,,,
4.480174,0.083760,,,,,,,,,,,
4.490364,0.084000,,,,,,,,,,,
4.500186,0.084240,,,,,,,,,,,
4.510247,0.084480,,,,,,,,,,,
4.520153,0.084720,,,,,,,,,,,
4.530155,0.084960,,,,,,,,,,,
4.540148,0.085200,,,,,,,,,,,
4.550180,0.085440,,,,,,,,,,,
4.560294,0.085680,,,,,,,,,,,
4.570146,0.085920,,,,,,,,,,,
4.580181,0.086160,,,,,,,,,,,
4.590646,0.086400,,,,,,,,,,,
4.600333,0.086640,,,,,,,,,,,
4.610167,0.086880,,,,,,,,,,,
4.620146,0.087120,,,,,,,,,,,
4.630144,0.087360,,,,,,,,,,,
4.640135,0.087600,,,,,,,,,,,
4.650156,0.087840,,,,,,,,,,,
4.660148,0.088080,,,,,,,,,,,
4.670098,0.088320,,,,,,,,,,,
4.680135,0.088560,,,,,,,,,,,
4.690258,0.088800,,,,,,,,,,,
4.700086,0.089040,,,,,,,,,,,
4.710196,0.089280,,,,,,,,,,,
4.720119,0.089520,,,,,,,,,,,
4.730136,0.089760,,,,,,,,,,,
4.740122,0.090000,,,,,,,,,,,
4.750108,0.090240,,,,,,,,,,,
4.760121,0.090480,,,,,,,,,,,
4.770103,0.090720,,,,,,,,,,,
4.780106,0.090960,,,,,,,,,,,
4.790106,0.091200,,,,,,,,,,,
4.800103,0.091440,,,,,,,,,,,
4.810110,0.091680,,,,,,,,,,,
4.820130,0.091920,,,,,,,,,,,
4.830259,0.092160,,,,,,,,,,,
4.840126,0.092400,,,,,,,,,,,
4.850215,0.092640,,,,,,,,,,,
4.860175,0.092880,,,,,,,,,,,
4.870121,0.093120,,,,,,,,,,,
4.880239,0.093360,,,,,,,,,,,
4.890133,0.093600,,,,,,,,,,,
4.900145,0.093840,,,,,,,,,,,
4.910167,0.094080,,,,,,,,,,,
4.920164,0.094320,,,,,,,,,,,
4.930174,0.094560,,,,,,,,,,,
4.940141,0.094800,,,,,,,,,,,
4.950134,0.095040,,,,,,,,,,,
4.960202,0.095280,,,,,,,,,,,
4.970166,0.095520,,,,,,,,,,,
4.980372,0.095760,,,,,,,,,,,
4.990242,0.096000,,,,,,,,,,,
5.000179,0.096240,,,,,,,,,,,
5.010219,0.096480,,,,,,,,,,,
5.020207,0.096720,,,,,,,,,,,
5.030207,0.096960,,,,,,,,,,,
5.040212,0.097200,,,,,,,,,,,
5.050132,0.097440,,,,,,,,,,,
5.060141,0.097680,,,,,,,,,,,
5.070218,0.097920,,,,,,,,,,,
5.080134,0.098160,,,,,,,,,,,
5.090451,0.098400,,,,,,,,,,,
5.100187,0.098640,,,,,,,,,,,
5.110189,0.098880,,,,,,,,,,,
5.120477,0.099120,,,,,,,,,,,
5.130213,0.099360,,,,,,,,,,,
5.140214,0.099600,,,,,,,,,,,
5.150180,0.099840,,,,,,,,,,,
5.160224,0.100080,,,,,,,,,,,
5.170221,0.100320,,,,,,,,,,,
5.180194,0.100560,,,,,,,,,,,
5.190225,0.100800,,,,,,,,,,,
5.200159,0.101040,,,,,,,,,,,
5.210159,0.101280,,,,,,,,,,,
5.220209,0.101520,,,,,,,,,,,
5.230217,0.101760,,,,,,,,,,,
5.240161,0.102000,,,,,,,,,,,
5.250141,0.102240,,,,,,,,,,,
5.260187,0.102480,,,,,,,,,,,
5.270305,0.102720,,,,,,,,,,,
5.280188,0.102960,,,,,,,,,,,
5.290144,0.103200,,,,,,,,,,,
5.300136,0.103440,,,,,,,,,,,
5.310239,0.103680,,,,,,,,,,,
5.320141,0.103920,,,,,,,,,,,
5.330170,0.104160,,,,,,,,,,,
5.340146,0.104400,,,,,,,,,,,
5.350145,0.104640,,,,,,,,,,,
5.360117,0.104880,,,,,,,,,,,
5.370407,0.105120,,,,,,,,,,,
5.380332,0.105360,,,,,,,,,,,
5.390163,0.105600,,,,,,,,,,,
5.400221,0.105840,,,,,,,,,,,
5.410174,0.106080,,,,,,,,,,,
5.420099,0.106320,,,,,,,,,,,
5.430143,0.106560,,,,,,,,,,,
5.440262,0.106800,,,,,,,,,,,
5.450164,0.107040,,,,,,,,,,,
5.460273,0.107280,,,,,,,,,,,
5.470179,0.107520,,,,,,,,,,,
5.480240,0.107760,,,,,,,,,,,
5.490141,0.108000,,,,,,,,,,,
5.500165,0.108240,,,,,,,,,,,
5.510232,0.108480,,,,,,,,,,,
5.520167,0.108720,,,,,,,,,,,
5.530188,0.108960,,,,,,,,,,,
5.540246,0.109200,,,,,,,,,,,
5.550155,0.109440,,,,,,,,,,,
5.560237,0.109680,,,,,,,,,,,
5.570148,0.109920,,,,,,,,,,,
5.580209,0.110160,,,,,,,,,,,
5.590147,0.110400,,,,,,,,,,,
5.600169,0.110640,,,,,,,,,,,
5.610197,0.110880,,,,,,,,,,,
5.620174,0.111120,,,,,,,,,,,
5.630219,0.111360,,,,,,,,,,,
5.640139,0.111600,,,,,,,,,,,
5.650221,0.111840,,,,,,,,,,,
5.660169,0.112080,,,,,,,,,,,
5.670138,0.112320,,,,,,,,,,,
5.680166,0.112560,,,,,,,,,,,
5.690144,0.112800,,,,,,,,,,,
5.700166,0.113040,,,,,,,,,,,
5.710162,0.113280,,,,,,,,,,,
5.720163,0.113520,,,,,,,,,,,
5.730188,0.113760,,,,,,,,,,,
5.740175,0.114000,,,,,,,,,,,
5.750174,0.114240,,,,,,,,,,,
5.760252,0.114480,,,,,,,,,,,
5.770164,0.114720,,,,,,,,,,,
5.780176,0.114960,,,,,,,,,,,
5.790159,0.115200,,,,,,,,,,,
5.800338,0.115440,,,,,,,,,,,
5.810164,0.115680,,,,,,,,,,,
5.820155,0.115920,,,,,,,,,,,
5.830166,0.116160,,,,,,,,,,,
5.840225,0.116400,,,,,,,,,,,
5.850162,0.116640,,,,,,,,,,,
5.860236,0.116880,,,,,,,,,,,
5.870131,0.117120,,,,,,,,,,,
5.880169,0.117360,,,,,,,,,,,
5.890162,0.117600,,,,,,,,,,,
5.900116,0.117840,,,,,,,,,,,
5.910139,0.118080,,,,,,,,,,,
5.920097,0.118320,,,,,,,,,,,
5.930125,0.118560,,,,,,,,,,,
5.940150,0.118800,,,,,,,,,,,
5.950099,0.119040,,,,,,,,,,,
5.960452,0.119280,,,,,,,,,,,
5.970155,0.119520,,,,,,,,,,,
5.980148,0.119760,,,,,,,,,,,
5.990203,0.120000,,,,,,,,,,,
6.000105,0.120000,,,,,,,,,,,
6.010204,0.120000,,,,,,,,,,,
6.020121,0.120000,,,,,,,,,,,
6.030108,0.120000,,,,,,,,,,,
6.040231,0.120000,,,,,,,,,,,
6.050121,0.120000,,,,,,,,,,,
6.060133,0.120000,,,,,,,,,,,
6.070126,0.120000,,,,,,,,,,,
6.080127,0.120000,,,,,,,,,,,
6.090118,0.120000,,,,,,,,,,,
6.100110,0.120000,,,,,,,,,,,
6.110107,0.120000,,,,,,,,,,,
6.120096,0.120000,,,,,,,,,,,
6.130229,0.120000,,,,,,,,,,,
6.140140,0.120000,,,,,,,,,,,
6.150113,0.120000,,,,,,,,,,,
6.160120,0.120000,,,,,,,,,,,
6.170118,0.120000,,,,,,,,,,,
6.180161,0.120000,,,,,,,,,,,
6.190122,0.120000,,,,,,,,,,,
6.200127,0.120000,,,,,,,,,,,
6.210286,0.120000,,,,,,,,,,,
6.220373,0.120000,,,,,,,,,,,
6.230182,0.120000,,,,,,,,,,,
6.240119,0.120000,,,,,,,,,,,
6.250181,0.120000,,,,,,,,,,,
6.260106,0.120000,,,,,,,,,,,
6.270209,0.120000,,,,,,,,,,,
6.280100,0.120000,,,,,,,,,,,
6.290107,0.120000,,,,,,,,,,,
6.300104,0.120000,,,,,,,,,,,
6.310363,0.120000,,,,,,,,,,,
6.320170,0.120000,,,,,,,,,,,
6.330130,0.120000,,,,,,,,,,,
6.340135,0.120000,,,,,,,,,,,
6.350089,0.120000,,,,,,,,,,,
6.360118,0.120000,,,,,,,,,,,
6.370084,0.120000,,,,,,,,,,,
6.380104,0.120000,,,,,,,,,,,
6.390106,0.120000,,,,,,,,,,,
6.400177,0.120000,,,,,,,,,,,
6.410197,0.120000,,,,,,,,,,,
6.420109,0.120000,,,,,,,,,,,
6.430136,0.120000,,,,,,,,,,,
6.440115,0.120000,,,,,,,,,,,
6.450101,0.120000,,,,,,,,,,,
6.460124,0.120000,,,,,,,,,,,
6.470105,0.120000,,,,,,,,,,,
6.480108,0.120000,,,,,,,,,,,
6.490103,0.120000,,,,,,,,,,,
6.500095,0.120000,,,,,,,,,,,
6.510098,0.120000,,,,,,,,,,,
6.520096,0.120000,,,,,,,,,,,
6.530090,0.120000,,,,,,,,,,,
6.540116,0.120000,,,,,,,,,,,
6.550094,0.120000,,,,,,,,,,,
6.560107,0.120000,,,,,,,,,,,
6.570099,0.120000,,,,,,,,,,,
6.580098,0.120000,,,,,,,,,,,
6.590123,0.120000,,,,,,,,,,,
6.600094,0.120000,,,,,,,,,,,
6.610271,0.120000,,,,,,,,,,,
6.620097,0.120000,,,,,,,,,,,
6.630103,0.120000,,,,,,,,,,,
6.640167,0.120000,,,,,,,,,,,
6.650107,0.120000,,,,,,,,,,,
6.660125,0.120000,,,,,,,,,,,
6.670115,0.120000,,,,,,,,,,,
6.680147,0.120000,,,,,,,,,,,
6.690122,0.120000,,,,,,,,,,,
6.700106,0.120000,,,,,,,,,,,
6.710127,0.120000,,,,,,,,,,,
6.720118,0.120000,,,,,,,,,,,
6.730132,0.120000,,,,,,,,,,,
6.740124,0.120000,,,,,,,,,,,
6.750136,0.120000,,,,,,,,,,,
6.760169,0.120000,,,,,,,,,,,
6.770134,0.120000,,,,,,,,,,,
6.780137,0.120000,,,,,,,,,,,
6.790130,0.120000,,,,,,,,,,,
6.800129,0.120000,,,,,,,,,,,
6.810156,0.120000,,,,,,,,,,,
6.820127,0.120000,,,,,,,,,,,
6.830138,0.120000,,,,,,,,,,,
6.840132,0.120000,,,,,,,,,,,
6.850129,0.120000,,,,,,,,,,,
6.860138,0.120000,,,,,,,,,,,
6.870124,0.120000,,,,,,,,,,,
6.880141,0.120000,,,,,,,,,,,
6.890135,0.120000,,,,,,,,,,,
6.900092,0.120000,,,,,,,,,,,
6.910103,0.120000,,,,,,,,,,,
6.920107,0.120000,,,,,,,,,,,
6.930163,0.120000,,,,,,,,,,,
6.940122,0.120000,,,,,,,,,,,
6.950149,0.120000,,,,,,,,,,,
6.960137,0.120000,,,,,,,,,,,
6.970088,0.120000,,,,,,,,,,,
6.980139,0.120000,,,,,,,,,,,
6.990141,0.120000,,,,,,,,,,,
7.000289,0.120000,,,,,,,,,,,
7.010157,0.120000,,,,,,,,,,,
7.020370,0.120000,,,,,,,,,,,
7.030393,0.120000,,,,,,,,,,,
7.040157,0.120000,,,,,,,,,,,
7.050128,0.120000,,,,,,,,,,,
7.060173,0.120000,,,,,,,,,,,
7.070109,0.120000,,,,,,,,,,,
7.080137,0.120000,,,,,,,,,,,
7.090128,0.120000,,,,,,,,,,,
7.100108,0.120000,,,,,,,,,,,
7.110116,0.120000,,,,,,,,,,,
7.120105,0.120000,,,,,,,,,,,
7.130132,0.120000,,,,,,,,,,,
7.140123,0.120000,,,,,,,,,,,
7.150116,0.120000,,,,,,,,,,,
7.160144,0.120000,,,,,,,,,,,
7.170103,0.120000,,,,,,,,,,,
7.180102,0.120000,,,,,,,,,,,
7.190107,0.120000,,,,,,,,,,,
7.200097,0.120000,,,,,,,,,,,
7.210107,0.120000,,,,,,,,,,,
7.220168,0.120000,,,,,,,,,,,
7.230108,0.120000,,,,,,,,,,,
7.240261,0.120000,,,,,,,,,,,
7.250342,0.120000,,,,,,,,,,,
7.260117,0.120000,,,,,,,,,,,
7.270086,0.120000,,,,,,,,,,,
7.280084,0.120000,,,,,,,,,,,
7.290174,0.120000,,,,,,,,,,,
7.300094,0.120000,,,,,,,,,,,
7.310130,0.120000,,,,,,,,,,,
7.320125,0.120000,,,,,,,,,,,
7.330123,0.120000,,,,,,,,,,,
7.340138,0.120000,,,,,,,,,,,
7.350089,0.120000,,,,,,,,,,,
7.360136,0.120000,,,,,,,,,,,
7.370109,0.120000,,,,,,,,,,,
7.380109,0.120000,,,,,,,,,,,
7.390118,0.120000,,,,,,,,,,,
7.400095,0.120000,,,,,,,,,,,
7.410124,0.120000,,,,,,,,,,,
7.420083,0.120000,,,,,,,,,,,
7.430182,0.120000,,,,,,,,,,,
7.440114,0.120000,,,,,,,,,,,
7.450105,0.120000,,,,,,,,,,,
7.460135,0.120000,,,,,,,,,,,
7.470083,0.120000,,,,,,,,,,,
7.480127,0.120000,,,,,,,,,,,
7.490113,0.120000,,,,,,,,,,,
7.500088,0.120000,,,,,,,,,,,
7.510114,0.120000,,,,,,,,,,,
7.520085,0.120000,,,,,,,,,,,
7.530162,0.120000,,,,,,,,,,,
7.540223,0.120000,,,,,,,,,,,
7.550117,0.120000,,,,,,,,,,,
7.560142,0.120000,,,,,,,,,,,
7.570161,0.120000,,,,,,,,,,,
7.580121,0.120000,,,,,,,,,,,
7.590135,0.120000,,,,,,,,,,,
7.600115,0.120000,,,,,,,,,,,
7.610109,0.120000,,,,,,,,,,,
7.620102,0.120000,,,,,,,,,,,
7.630134,0.120000,,,,,,,,,,,
7.640185,0.120000,,,,,,,,,,,
7.650330,0.120000,,,,,,,,,,,
7.660186,0.120000,,,,,,,,,,,
7.670321,0.120000,,,,,,,,,,,
7.680165,0.120000,,,,,,,,,,,
7.690542,0.120000,,,,,,,,,,,
7.700196,0.120000,,,,,,,,,,,
7.710164,0.120000,,,,,,,,,,,
7.720148,0.120000,,,,,,,,,,,
7.730200,0.120000,,,,,,,,,,,
7.740142,0.120000,,,,,,,,,,,
7.750186,0.120000,,,,,,,,,,,
7.760216,0.120000,,,,,,,,,,,
7.770132,0.120000,,,,,,,,,,,
7.780374,0.120000,,,,,,,,,,,
7.790117,0.120000,,,,,,,,,,,
7.800142,0.120000,,,,,,,,,,,
7.810175,0.120000,,,,,,,,,,,
7.820136,0.120000,,,,,,,,,,,
7.830145,0.120000,,,,,,,,,,,
7.840180,0.120000,,,,,,,,,,,
7.850143,0.120000,,,,,,,,,,,
7.860157,0.120000,,,,,,,,,,,
7.870131,0.120000,,,,,,,,,,,
7.880189,0.120000,,,,,,,,,,,
7.890205,0.120000,,,,,,,,,,,
7.900116,0.120000,,,,,,,,,,,
7.910104,0.120000,,,,,,,,,,,
7.920102,0.120000,,,,,,,,,,,
7.930126,0.120000,,,,,,,,,,,
7.940277,0.120000,,,,,,,,,,,
7.950156,0.120000,,,,,,,,,,,
7.960117,0.120000,,,,,,,,,,,
7.970125,0.120000,,,,,,,,,,,
7.980369,0.120000,,,,,,,,,,,
7.990136,0.120000,,,,,,,,,,,
8.000120,0.120000,,,,,,,,,,,
8.010134,0.120000,,,,,,,,,,,
8.020120,0.120000,,,,,,,,,,,
8.030136,0.120000,,,,,,,,,,,
8.040133,0.120000,,,,,,,,,,,
8.050116,0.120000,,,,,,,,,,,
8.060111,0.120000,,,,,,,,,,,
8.070110,0.120000,,,,,,,,,,,
8.080124,0.120000,,,,,,,,,,,
8.090123,0.120000,,,,,,,,,,,
8.100112,0.120000,,,,,,,,,,,
8.110135,0.120000,,,,,,,,,,,
8.120111,0.120000,,,,,,,,,,,
8.130160,0.120000,,,,,,,,,,,
8.140172,0.120000,,,,,,,,,,,
8.150181,0.120000,,,,,,,,,,,
8.160128,0.120000,,,,,,,,,,,
8.170084,0.120000,,,,,,,,,,,
8.180147,0.120000,,,,,,,,,,,
8.190203,0.120000,,,,,,,,,,,
8.200177,0.120000,,,,,,,,,,,
8.210210,0.120000,,,,,,,,,,,
8.220098,0.120000,,,,,,,,,,,
8.230146,0.120000,,,,,,,,,,,
8.240492,0.120000,,,,,,,,,,,
8.250144,0.120000,,,,,,,,,,,
8.260435,0.120000,,,,,,,,,,,
8.270122,0.120000,,,,,,,,,,,
8.280220,0.120000,,,,,,,,,,,
8.290154,0.120000,,,,,,,,,,,
8.300161,0.120000,,,,,,,,,,,
8.310241,0.120000,,,,,,,,,,,
8.320147,0.120000,,,,,,,,,,,
8.330461,0.120000,,,,,,,,,,,
8.340168,0.120000,,,,,,,,,,,
8.350171,0.120000,,,,,,,,,,,
8.360153,0.120000,,,,,,,,,,,
8.370143,0.120000,,,,,,,,,,,
8.380160,0.120000,,,,,,,,,,,
8.390163,0.120000,,,,,,,,,,,
8.400152,0.120000,,,,,,,,,,,
8.410284,0.120000,,,,,,,,,,,
8.420120,0.120000,,,,,,,,,,,
8.430125,0.120000,,,,,,,,,,,
8.440221,0.120000,,,,,,,,,,,
8.450132,0.120000,,,,,,,,,,,
8.460207,0.120000,,,,,,,,,,,
8.470278,0.120000,,,,,,,,,,,
8.480180,0.120000,,,,,,,,,,,
8.490174,0.120000,,,,,,,,,,,
