time_s,cmd_fraction,imu_z,height,delta_x,delta_y,squal,vx,vy,motor_m1,motor_m2,motor_m3,motor_m4,motor_m1req,motor_m2req,motor_m3req,motor_m4req
0.002734,0.000000,,,,,,,,,,,,,,,
0.010200,0.000000,,29.000000,-2.0,0.0,91.0,0.012513,0.015496,0.0,,,,,,,
0.020103,0.000000,,29.000000,5.0,-2.0,90.0,0.013164,0.009113,0.0,0.0,0.0,0.0,0.0,0.0,0.0,0.0
0.030123,0.000000,,29.000000,0.0,0.0,82.0,0.012600,0.009987,0.0,0.0,0.0,0.0,0.0,0.0,0.0,0.0
0.040109,0.000000,,27.000000,-1.0,0.0,56.0,0.011816,0.011413,0.0,0.0,0.0,0.0,0.0,0.0,0.0,0.0
0.050251,0.000000,,27.000000,1.0,0.0,92.0,0.010422,0.009022,0.0,0.0,0.0,0.0,0.0,0.0,0.0,0.0
0.060558,0.000000,,27.000000,0.0,1.0,96.0,0.007731,0.008342,0.0,0.0,0.0,0.0,0.0,0.0,0.0,0.0
0.070248,0.000000,,27.000000,0.0,0.0,90.0,0.006560,0.008426,0.0,0.0,0.0,0.0,0.0,0.0,0.0,0.0
0.080105,0.000000,,27.000000,0.0,0.0,92.0,0.005137,0.008908,0.0,0.0,0.0,0.0,0.0,0.0,0.0,0.0
0.090119,0.000000,,28.000000,0.0,0.0,53.0,0.003475,0.009866,0.0,0.0,0.0,0.0,0.0,0.0,0.0,0.0
0.100108,0.000000,,28.000000,-1.0,0.0,89.0,0.002040,0.011920,0.0,0.0,0.0,0.0,0.0,0.0,0.0,0.0
0.110132,0.000000,,28.000000,1.0,0.0,87.0,0.000183,0.011043,0.0,0.0,0.0,0.0,0.0,0.0,0.0,0.0
0.120131,0.000000,,28.000000,0.0,0.0,93.0,-0.000120,0.011973,0.0,0.0,0.0,0.0,0.0,0.0,0.0,0.0
0.130834,0.000000,,28.000000,0.0,0.0,53.0,-0.000097,0.012236,0.0,0.0,0.0,0.0,0.0,0.0,0.0,0.0
0.140704,0.000000,,28.000000,0.0,0.0,60.0,-0.000448,0.012050,0.0,0.0,0.0,0.0,0.0,0.0,0.0,0.0
0.150103,0.000000,,28.000000,0.0,0.0,95.0,-0.001003,0.012331,0.0,0.0,0.0,0.0,0.0,0.0,0.0,0.0
0.160120,0.000000,,28.000000,0.0,0.0,101.0,-0.001307,0.013251,0.0,0.0,0.0,0.0,0.0,0.0,0.0,0.0
0.170114,0.000000,,28.000000,0.0,4.0,86.0,-0.007811,0.014253,0.0,0.0,0.0,0.0,0.0,0.0,0.0,0.0
0.180151,0.000000,,28.000000,0.0,-3.0,56.0,-0.000760,0.012922,0.0,0.0,0.0,0.0,0.0,0.0,0.0,0.0
0.190120,0.000000,,26.000000,-1.0,-1.0,47.0,0.002227,0.014104,0.0,0.0,0.0,0.0,0.0,0.0,0.0,0.0
0.200100,0.000000,,26.000000,-3.0,0.0,92.0,0.003206,0.019099,0.0,0.0,0.0,0.0,0.0,0.0,0.0,0.0
0.210115,0.000000,,26.000000,2.0,-1.0,94.0,0.003426,0.015014,0.0,0.0,0.0,0.0,0.0,0.0,0.0,0.0
0.220143,0.000000,,26.000000,-3.0,1.0,89.0,0.003364,0.018956,0.0,0.0,0.0,0.0,0.0,0.0,0.0,0.0
0.230096,0.000000,,26.000000,5.0,0.0,54.0,0.003901,0.010307,0.0,0.0,0.0,0.0,0.0,0.0,0.0,0.0
0.240252,0.000000,,27.000000,0.0,0.0,54.0,0.005407,0.010701,0.0,0.0,0.0,0.0,0.0,0.0,0.0,0.0
0.250165,0.000000,,27.000000,0.0,0.0,97.0,0.006068,0.011563,0.0,0.0,0.0,0.0,0.0,0.0,0.0,0.0
0.260100,0.000000,,27.000000,0.0,-1.0,91.0,0.007302,0.010843,0.0,0.0,0.0,0.0,0.0,0.0,0.0,0.0
0.270153,0.000000,,27.000000,-3.0,2.0,83.0,0.004588,0.015615,0.0,0.0,0.0,0.0,0.0,0.0,0.0,0.0
0.280157,0.000000,,27.000000,2.0,-1.0,93.0,0.004588,0.015615,0.0,0.0,0.0,0.0,0.0,0.0,0.0,0.0
0.290091,0.000000,,29.000000,-1.0,0.0,83.0,0.006619,0.013772,0.0,0.0,0.0,0.0,0.0,0.0,0.0,0.0
0.300122,0.000000,,29.000000,1.0,0.0,101.0,0.007061,0.012922,0.0,0.0,0.0,0.0,0.0,0.0,0.0,0.0
0.310117,0.000000,,29.000000,-2.0,-3.0,99.0,0.011471,0.015059,0.0,0.0,0.0,0.0,0.0,0.0,0.0,0.0
0.320135,0.000000,,29.000000,0.0,2.0,92.0,0.008090,0.015233,0.0,0.0,0.0,0.0,0.0,0.0,0.0,0.0
0.330184,0.000000,,29.000000,1.0,0.0,48.0,0.008250,0.013266,0.0,0.0,0.0,0.0,0.0,0.0,0.0,0.0
0.340115,0.000000,,29.000000,-1.0,-1.0,52.0,0.009875,0.013695,0.0,0.0,0.0,0.0,0.0,0.0,0.0,0.0
0.350118,0.000000,,29.000000,3.0,0.0,94.0,0.007763,0.009241,0.0,0.0,0.0,0.0,0.0,0.0,0.0,0.0
0.360111,0.000000,,29.000000,-2.0,3.0,89.0,0.002176,0.011863,0.0,0.0,0.0,0.0,0.0,0.0,0.0,0.0
0.370123,0.000000,,29.000000,-1.0,0.0,96.0,-0.000201,0.012252,0.0,0.0,0.0,0.0,0.0,0.0,0.0,0.0
0.380095,0.000000,,29.000000,1.0,0.0,96.0,-0.002486,0.010245,0.0,0.0,0.0,0.0,0.0,0.0,0.0,0.0
0.390088,0.000000,,28.000000,1.0,-1.0,89.0,-0.002176,0.008617,0.0,0.0,0.0,0.0,0.0,0.0,0.0,0.0
0.400270,0.000000,,28.000000,-4.0,0.0,94.0,-0.000987,0.013536,0.0,0.0,0.0,0.0,0.0,0.0,0.0,0.0
0.410100,0.000000,,28.000000,-4.0,-1.0,94.0,0.001395,0.017759,0.0,0.0,0.0,0.0,0.0,0.0,0.0,0.0
0.420140,0.000000,,28.000000,-4.0,-2.0,93.0,0.004760,0.021498,0.0,0.0,0.0,0.0,0.0,0.0,0.0,0.0
0.430091,0.000000,,28.000000,7.0,0.0,48.0,0.002743,0.013017,0.0,0.0,0.0,0.0,0.0,0.0,0.0,0.0
0.440105,0.000000,,28.000000,0.0,2.0,51.0,-0.000584,0.014074,0.0,0.0,0.0,0.0,0.0,0.0,0.0,0.0
0.450112,0.000000,,28.000000,-3.0,0.0,96.0,-0.000067,0.018612,0.0,0.0,0.0,0.0,0.0,0.0,0.0,0.0
0.460118,0.000000,,28.000000,3.0,0.0,93.0,-0.000076,0.015529,0.0,0.0,0.0,0.0,0.0,0.0,0.0,0.0
0.470128,0.000000,,28.000000,-8.0,-1.0,94.0,0.003750,0.024267,0.0,0.0,0.0,0.0,0.0,0.0,0.0,0.0
0.480096,0.000000,,28.000000,4.0,1.0,94.0,0.002733,0.019396,0.0,0.0,0.0,0.0,0.0,0.0,0.0,0.0
0.490377,0.000000,,29.000000,4.0,0.0,55.0,0.003369,0.016047,0.0,0.0,0.0,0.0,0.0,0.0,0.0,0.0
0.500108,0.000000,,29.000000,-7.0,0.0,93.0,0.006793,0.025663,0.0,0.0,0.0,0.0,0.0,0.0,0.0,0.0
0.510132,0.000000,,29.000000,-1.0,0.0,94.0,0.008054,0.026507,0.0,0.0,0.0,0.0,0.0,0.0,0.0,0.0
0.520716,0.000000,,29.000000,3.0,-1.0,89.0,0.009004,0.021381,0.0,0.0,0.0,0.0,0.0,0.0,0.0,0.0
0.530110,0.000000,,29.000000,4.0,4.0,74.0,0.003761,0.016046,0.0,0.0,0.0,0.0,0.0,0.0,0.0,0.0
0.540112,0.000000,,29.000000,1.0,-1.0,51.0,0.005297,0.013643,0.0,0.0,0.0,0.0,0.0,0.0,0.0,0.0
0.550159,0.000000,,29.000000,-4.0,-2.0,95.0,0.009819,0.016854,0.0,0.0,0.0,0.0,0.0,0.0,0.0,0.0
0.560107,0.000000,,29.000000,-4.0,-1.0,95.0,0.012926,0.019908,0.0,0.0,0.0,0.0,0.0,0.0,0.0,0.0
0.570163,0.000000,,29.000000,2.0,1.0,99.0,0.011297,0.017056,0.0,0.0,0.0,0.0,0.0,0.0,0.0,0.0
0.580288,0.000000,,29.000000,4.0,3.0,84.0,0.006285,0.012972,0.0,0.0,0.0,0.0,0.0,0.0,0.0,0.0
0.590102,0.000000,,31.000000,2.0,-2.0,52.0,0.007729,0.009989,0.0,0.0,0.0,0.0,0.0,0.0,0.0,0.0
0.600254,0.000000,,31.000000,-7.0,-1.0,95.0,0.010057,0.017506,0.0,0.0,0.0,0.0,0.0,0.0,0.0,0.0
0.610114,0.000000,,31.000000,-1.0,-1.0,92.0,0.011346,0.017737,0.0,0.0,0.0,0.0,0.0,0.0,0.0,0.0
0.620257,0.000000,,31.000000,0.0,-2.0,96.0,0.013294,0.016246,0.0,0.0,0.0,0.0,0.0,0.0,0.0,0.0
0.630118,0.000000,,31.000000,8.0,3.0,53.0,0.007113,0.006509,0.0,0.0,0.0,0.0,0.0,0.0,0.0,0.0
0.640121,0.000000,,27.000000,0.0,0.0,61.0,0.006782,0.006886,0.0,0.0,0.0,0.0,0.0,0.0,0.0,0.0
0.650133,0.000000,,27.000000,-7.0,-1.0,98.0,0.009300,0.015240,0.0,0.0,0.0,0.0,0.0,0.0,0.0,0.0
0.660115,0.000000,,27.000000,-1.0,0.0,93.0,0.008980,0.016833,0.0,0.0,0.0,0.0,0.0,0.0,0.0,0.0
0.670129,0.000000,,27.000000,6.0,4.0,84.0,0.002030,0.011186,0.0,0.0,0.0,0.0,0.0,0.0,0.0,0.0
0.680101,0.000000,,27.000000,-3.0,-7.0,92.0,0.010945,0.013326,0.0,0.0,0.0,0.0,0.0,0.0,0.0,0.0
0.690240,0.000000,,28.000000,5.0,4.0,63.0,0.004820,0.007862,0.0,0.0,0.0,0.0,0.0,0.0,0.0,0.0
0.700616,0.000000,,28.000000,-7.0,-2.0,95.0,0.008334,0.015182,0.0,0.0,0.0,0.0,0.0,0.0,0.0,0.0
0.710121,0.000000,,28.000000,0.0,0.0,97.0,0.007553,0.015435,0.0,0.0,0.0,0.0,0.0,0.0,0.0,0.0
0.720125,0.000000,,28.000000,2.0,2.0,93.0,0.002737,0.012725,0.0,0.0,0.0,0.0,0.0,0.0,0.0,0.0
0.730090,0.000000,,28.000000,-2.0,-1.0,53.0,0.003159,0.014314,0.0,0.0,0.0,0.0,0.0,0.0,0.0,0.0
0.740107,0.000000,,29.000000,7.0,2.0,54.0,-0.000772,0.005823,0.0,0.0,0.0,0.0,0.0,0.0,0.0,0.0
0.750139,0.000000,,29.000000,-8.0,-3.0,100.0,0.005831,0.015124,0.0,0.0,0.0,0.0,0.0,0.0,0.0,0.0
0.760095,0.000000,,29.000000,0.0,0.0,93.0,0.007416,0.016769,0.0,0.0,0.0,0.0,0.0,0.0,0.0,0.0
0.770124,0.000000,,29.000000,0.0,2.0,99.0,0.005426,0.017242,0.0,0.0,0.0,0.0,0.0,0.0,0.0,0.0
0.780091,0.000000,,29.000000,0.0,-2.0,91.0,0.007326,0.016546,0.0,0.0,0.0,0.0,0.0,0.0,0.0,0.0
0.790117,0.000000,,26.000000,4.0,5.0,90.0,0.000039,0.013091,0.0,0.0,0.0,0.0,0.0,0.0,0.0,0.0
0.800098,0.000000,,26.000000,-4.0,-5.0,97.0,0.007081,0.016976,0.0,0.0,0.0,0.0,0.0,0.0,0.0,0.0
0.810188,0.000000,,26.000000,0.0,0.0,97.0,0.007880,0.018566,0.0,0.0,0.0,0.0,0.0,0.0,0.0,0.0
0.820110,0.000000,,26.000000,3.0,0.0,96.0,0.007955,0.015364,0.0,0.0,0.0,0.0,0.0,0.0,0.0,0.0
0.830195,0.000000,,26.000000,0.0,0.0,55.0,0.009113,0.016807,0.0,0.0,0.0,0.0,0.0,0.0,0.0,0.0
0.840122,0.000000,,27.000000,1.0,0.0,54.0,0.009277,0.015711,0.0,0.0,0.0,0.0,0.0,0.0,0.0,0.0
0.850224,0.000000,,27.000000,-2.0,-2.0,94.0,0.012304,0.018088,0.0,0.0,0.0,0.0,0.0,0.0,0.0,0.0
0.860103,0.000000,,27.000000,2.0,4.0,99.0,0.006815,0.016657,0.0,0.0,0.0,0.0,0.0,0.0,0.0,0.0
0.870115,0.000000,,27.000000,0.0,-2.0,95.0,0.009456,0.017292,0.0,0.0,0.0,0.0,0.0,0.0,0.0,0.0
0.880256,0.000000,,27.000000,0.0,0.0,92.0,0.009962,0.018762,0.0,0.0,0.0,0.0,0.0,0.0,0.0,0.0
0.890101,0.000000,,30.000000,0.0,0.0,90.0,0.010307,0.019389,0.0,0.0,0.0,0.0,0.0,0.0,0.0,0.0
0.900217,0.000000,,30.000000,-1.0,0.0,92.0,0.011432,0.020561,0.0,0.0,0.0,0.0,0.0,0.0,0.0,0.0
0.910131,0.000000,,30.000000,0.0,-2.0,89.0,0.014945,0.019892,0.0,0.0,0.0,0.0,0.0,0.0,0.0,0.0
0.920127,0.000000,,30.000000,5.0,2.0,93.0,0.011180,0.013712,0.0,0.0,0.0,0.0,0.0,0.0,0.0,0.0
0.930117,0.000000,,30.000000,0.0,0.0,85.0,0.011663,0.014391,0.0,0.0,0.0,0.0,0.0,0.0,0.0,0.0
0.940088,0.000000,,27.000000,0.0,0.0,51.0,0.011645,0.015436,0.0,0.0,0.0,0.0,0.0,0.0,0.0,0.0
0.950125,0.000000,,27.000000,0.0,1.0,92.0,0.008975,0.015257,0.0,0.0,0.0,0.0,0.0,0.0,0.0,0.0
0.960255,0.000000,,27.000000,0.0,-1.0,90.0,0.009208,0.014514,0.0,0.0,0.0,0.0,0.0,0.0,0.0,0.0
0.970129,0.000000,,27.000000,-5.0,-2.0,92.0,0.012330,0.020111,0.0,0.0,0.0,0.0,0.0,0.0,0.0,0.0
0.980223,0.000000,,27.000000,1.0,2.0,96.0,0.009015,0.018280,0.0,0.0,0.0,0.0,0.0,0.0,0.0,0.0
0.990826,0.000000,,28.000000,4.0,2.0,47.0,0.005302,0.012073,0.0,0.0,0.0,0.0,0.0,0.0,0.0,0.0
1.000111,0.003500,,28.000000,-8.0,-2.0,92.0,0.009888,0.019771,0.0,0.0,0.0,0.0,0.0,0.0,0.0,0.0
1.010122,0.007000,,28.000000,2.0,0.0,96.0,0.008854,0.015895,0.0,0.0,0.0,0.0,0.0,0.0,0.0,0.0
1.020111,0.010500,,28.000000,-2.0,-1.0,98.0,0.009749,0.016632,0.0,0.0,0.0,0.0,0.0,0.0,0.0,0.0
1.030093,0.014000,,28.000000,8.0,2.0,54.0,0.004437,0.005895,0.0,0.0,0.0,0.0,0.0,0.0,0.0,0.0
1.040103,0.017500,,27.000000,0.0,1.0,60.0,0.002868,0.006298,0.0,0.0,0.0,0.0,0.0,0.0,0.0,0.0
1.050113,0.021000,,27.000000,-7.0,-3.0,97.0,0.008242,0.014679,0.0,0.0,0.0,0.0,0.0,0.0,0.0,0.0
1.060214,0.024500,,27.000000,-1.0,1.0,93.0,0.006362,0.016188,0.0,0.0,0.0,0.0,0.0,0.0,0.0,0.0
1.070141,0.028000,,27.000000,3.0,2.0,97.0,0.002188,0.012610,0.0,0.0,0.0,0.0,0.0,0.0,0.0,0.0
1.080129,0.031500,,27.000000,3.0,3.0,82.0,-0.002618,0.008829,0.0,0.0,0.0,0.0,0.0,0.0,0.0,0.0
1.090126,0.035000,,27.000000,2.0,-2.0,56.0,-0.000317,0.005167,0.0,0.0,0.0,0.0,0.0,0.0,0.0,0.0
1.100249,0.038500,,27.000000,-5.0,0.0,89.0,0.000736,0.010248,0.0,0.0,0.0,0.0,0.0,0.0,0.0,0.0
1.110238,0.042000,,27.000000,-2.0,-2.0,93.0,0.002427,0.011256,0.0,0.0,0.0,0.0,0.0,0.0,0.0,0.0
1.120177,0.045500,,27.000000,1.0,0.0,94.0,0.000298,0.009971,0.0,0.0,0.0,0.0,0.0,0.0,0.0,0.0
1.130116,0.049000,,27.000000,3.0,0.0,54.0,-0.002407,0.006849,0.0,0.0,0.0,0.0,0.0,0.0,0.0,0.0
1.140109,0.052500,,27.000000,3.0,1.0,53.0,-0.005648,0.004041,0.0,0.0,0.0,0.0,0.0,0.0,0.0,0.0
1.150125,0.056000,,27.000000,-7.0,-2.0,103.0,-0.002463,0.011493,0.0,0.0,0.0,0.0,0.0,0.0,0.0,0.0
1.160117,0.059500,,27.000000,-1.0,0.0,95.0,-0.001889,0.012154,0.0,0.0,0.0,0.0,0.0,0.0,0.0,0.0
1.170121,0.063000,,27.000000,3.0,2.0,74.0,-0.004140,0.009136,0.0,0.0,0.0,0.0,0.0,0.0,0.0,0.0
1.180102,0.066500,,27.000000,-2.0,-5.0,100.0,0.003064,0.011352,0.0,0.0,0.0,0.0,0.0,0.0,0.0,0.0
1.190136,0.070000,,30.000000,7.0,4.0,65.0,-0.002175,0.004762,0.0,0.0,0.0,0.0,0.0,0.0,0.0,0.0
1.200120,0.073500,,30.000000,-5.0,-1.0,92.0,-0.000015,0.010529,0.0,0.0,0.0,0.0,0.0,0.0,0.0,0.0
1.210265,0.077000,,30.000000,-3.0,0.0,100.0,-0.000014,0.013910,0.0,0.0,0.0,0.0,0.0,0.0,0.0,0.0
1.220834,0.080500,,30.000000,0.0,0.0,90.0,-0.000122,0.014762,0.0,0.0,0.0,0.0,0.0,0.0,0.0,0.0
1.230100,0.084000,,30.000000,8.0,0.0,54.0,-0.001592,0.005814,0.0,0.0,0.0,0.0,0.0,0.0,0.0,0.0
1.240112,0.087500,,27.000000,0.0,1.0,55.0,-0.001856,0.007484,0.0,0.0,0.0,0.0,0.0,0.0,0.0,0.0
1.250118,0.091000,,27.000000,-5.0,-1.0,98.0,0.001727,0.014382,0.0,0.0,0.0,0.0,0.0,0.0,0.0,0.0
1.260160,0.094500,,27.000000,3.0,5.0,96.0,-0.003464,0.012801,0.0,0.0,0.0,0.0,0.0,0.0,0.0,0.0
1.270170,0.098000,,27.000000,-5.0,-4.0,99.0,0.004137,0.018190,0.0,0.0,0.0,0.0,0.0,0.0,0.0,0.0
1.280113,0.101500,,27.000000,0.0,-3.0,97.0,0.008627,0.017414,0.0,0.0,0.0,0.0,0.0,0.0,0.0,0.0
1.290134,0.105000,,29.000000,1.0,4.0,83.0,0.003685,0.016573,0.0,0.0,0.0,0.0,0.0,0.0,0.0,0.0
1.300133,0.108500,,29.000000,-2.0,-3.0,99.0,0.006939,0.017462,0.0,0.0,0.0,0.0,0.0,0.0,0.0,0.0
1.310128,0.112000,,29.000000,2.0,1.0,94.0,0.003895,0.014814,0.0,0.0,0.0,0.0,0.0,0.0,0.0,0.0
1.320145,0.115500,,29.000000,0.0,-2.0,91.0,0.005388,0.014606,0.0,0.0,0.0,0.0,0.0,0.0,0.0,0.0
1.330112,0.119000,,29.000000,2.0,1.0,47.0,0.003832,0.012852,0.0,0.0,0.0,0.0,0.0,0.0,0.0,0.0
1.340125,0.122500,,31.000000,0.0,0.0,53.0,0.003389,0.012997,0.0,0.0,0.0,0.0,0.0,0.0,0.0,0.0
1.350146,0.126000,,31.000000,-4.0,0.0,95.0,0.003540,0.017240,0.0,0.0,0.0,0.0,0.0,0.0,0.0,0.0
1.360112,0.129500,,31.000000,0.0,2.0,98.0,0.000150,0.016676,0.0,0.0,0.0,0.0,0.0,0.0,0.0,0.0
1.370125,0.133000,,31.000000,2.0,-1.0,97.0,0.000736,0.013499,0.0,0.0,0.0,0.0,0.0,0.0,0.0,0.0
1.380105,0.136500,,31.000000,0.0,-2.0,91.0,0.004340,0.013376,0.0,0.0,0.0,0.0,0.0,0.0,0.0,0.0
1.390107,0.140000,,28.000000,6.0,2.0,50.0,0.002575,0.006956,0.0,0.0,0.0,0.0,0.0,0.0,0.0,0.0
1.400103,0.143500,,28.000000,-7.0,0.0,99.0,0.005348,0.015439,0.0,0.0,0.0,0.0,0.0,0.0,0.0,0.0
1.410096,0.147000,,28.000000,0.0,0.0,95.0,0.005672,0.016765,0.0,0.0,0.0,0.0,0.0,0.0,0.0,0.0
1.420118,0.150500,,28.000000,0.0,-1.0,99.0,0.005907,0.016715,0.0,0.0,0.0,0.0,0.0,0.0,0.0,0.0
1.430146,0.154000,,28.000000,2.0,3.0,91.0,0.000954,0.014811,0.0,0.0,0.0,0.0,0.0,0.0,0.0,0.0
1.440106,0.157500,,27.000000,5.0,0.0,51.0,0.000209,0.008231,0.0,0.0,0.0,0.0,0.0,0.0,0.0,0.0
1.450115,0.161000,,27.000000,-5.0,0.0,93.0,0.002456,0.013279,0.0,0.0,0.0,0.0,0.0,0.0,0.0,0.0
1.460137,0.164500,,27.000000,0.0,-1.0,90.0,0.004530,0.012167,0.0,0.0,0.0,0.0,0.0,0.0,0.0,0.0
1.470129,0.168000,,27.000000,-2.0,-2.0,97.0,0.007997,0.014180,0.0,0.0,0.0,0.0,0.0,0.0,0.0,0.0
1.480123,0.171500,,27.000000,0.0,1.0,93.0,0.007529,0.014631,0.0,0.0,0.0,0.0,0.0,0.0,0.0,0.0
1.490830,0.175000,,24.000000,7.0,2.0,54.0,0.004736,0.007405,0.0,0.0,0.0,0.0,0.0,0.0,0.0,0.0
1.500120,0.178500,,24.000000,-8.0,-1.0,97.0,0.008044,0.017104,0.0,0.0,0.0,0.0,0.0,0.0,0.0,0.0
1.510121,0.182000,,24.000000,0.0,0.0,95.0,0.008262,0.018040,0.0,0.0,0.0,0.0,0.0,0.0,0.0,0.0
1.520122,0.185500,,24.000000,0.0,-3.0,95.0,0.011790,0.017220,0.0,0.0,0.0,0.0,0.0,0.0,0.0,0.0
1.530159,0.189000,,24.000000,2.0,0.0,58.0,0.012012,0.015305,0.0,0.0,0.0,0.0,0.0,0.0,0.0,0.0
1.540118,0.192500,,30.000000,2.0,2.0,62.0,0.010382,0.013251,0.0,0.0,0.0,0.0,0.0,0.0,0.0,0.0
1.550123,0.196000,,30.000000,-4.0,-2.0,98.0,0.015551,0.017804,0.0,0.0,0.0,0.0,0.0,0.0,0.0,0.0
1.560103,0.199500,,30.000000,0.0,1.0,95.0,0.015732,0.017544,0.0,0.0,0.0,0.0,0.0,0.0,0.0,0.0
1.570855,0.203000,,30.000000,0.0,1.0,97.0,0.015207,0.017092,0.0,0.0,0.0,0.0,0.0,0.0,0.0,0.0
1.580759,0.206500,,30.000000,5.0,5.0,67.0,0.008714,0.011746,0.0,0.0,0.0,0.0,0.0,0.0,0.0,0.0
1.590398,0.210000,,28.000000,0.0,-5.0,59.0,0.014300,0.010030,0.0,0.0,0.0,0.0,0.0,0.0,0.0,0.0
1.600183,0.213500,,28.000000,-5.0,0.0,97.0,0.014299,0.015577,0.0,0.0,0.0,0.0,0.0,0.0,0.0,0.0
1.610103,0.217000,,28.000000,0.0,0.0,95.0,0.014799,0.016869,0.0,0.0,0.0,0.0,0.0,0.0,0.0,0.0
1.620121,0.220500,,28.000000,5.0,6.0,89.0,0.007759,0.012933,0.0,0.0,0.0,0.0,0.0,0.0,0.0,0.0
1.630099,0.224000,,28.000000,-5.0,-7.0,54.0,0.019896,0.017350,0.0,0.0,0.0,0.0,0.0,0.0,0.0,0.0
1.640131,0.227500,,28.000000,4.0,1.0,59.0,0.019094,0.011535,0.0,0.0,0.0,0.0,0.0,0.0,0.0,0.0
1.650184,0.231000,,28.000000,-4.0,-1.0,95.0,0.020689,0.015401,0.0,0.0,0.0,0.0,0.0,0.0,0.0,0.0
1.660107,0.234500,,28.000000,0.0,0.0,98.0,0.019834,0.015727,0.0,0.0,0.0,0.0,0.0,0.0,0.0,0.0
1.670135,0.238000,,28.000000,6.0,7.0,84.0,0.008116,0.009452,0.0,0.0,0.0,0.0,0.0,0.0,0.0,0.0
1.680116,0.241500,,28.000000,-6.0,-7.0,98.0,0.016823,0.015186,0.0,0.0,0.0,0.0,0.0,0.0,0.0,0.0
1.690132,0.245000,,27.000000,2.0,4.0,73.0,0.009864,0.014379,0.0,0.0,0.0,0.0,0.0,0.0,0.0,0.0
1.700102,0.248500,,27.000000,-1.0,-4.0,99.0,0.013657,0.015313,0.0,0.0,0.0,0.0,0.0,0.0,0.0,0.0
1.710087,0.252000,,27.000000,2.0,1.0,95.0,0.010622,0.012838,0.0,0.0,0.0,0.0,0.0,0.0,0.0,0.0
1.720095,0.255500,,27.000000,-3.0,0.0,97.0,0.009694,0.015621,0.0,0.0,0.0,0.0,0.0,0.0,0.0,0.0
1.730082,0.259000,,27.000000,8.0,1.0,53.0,0.005666,0.005266,0.0,0.0,0.0,0.0,0.0,0.0,0.0,0.0
1.740140,0.262500,,29.000000,0.0,0.0,55.0,0.004763,0.004035,0.0,0.0,0.0,0.0,0.0,0.0,0.0,0.0
1.750104,0.266000,,29.000000,-7.0,-1.0,98.0,0.006351,0.010971,0.0,0.0,0.0,0.0,0.0,0.0,0.0,0.0
1.760115,0.269500,,29.000000,1.0,2.0,92.0,0.002054,0.009371,0.0,0.0,0.0,0.0,0.0,0.0,0.0,0.0
1.770125,0.273000,,29.000000,-2.0,-1.0,94.0,0.001974,0.012158,0.0,0.0,0.0,0.0,0.0,0.0,0.0,0.0
1.780213,0.276500,,29.000000,0.0,-2.0,96.0,0.002810,0.013196,0.0,0.0,0.0,0.0,0.0,0.0,0.0,0.0
1.790119,0.280000,,27.000000,2.0,1.0,97.0,-0.000004,0.012893,0.0,0.0,0.0,0.0,0.0,0.0,0.0,0.0
1.800217,0.283500,,27.000000,-2.0,0.0,92.0,0.000066,0.015837,0.0,0.0,0.0,0.0,0.0,0.0,0.0,0.0
1.810140,0.287000,,27.000000,0.0,-1.0,95.0,0.001896,0.014952,0.0,0.0,0.0,0.0,0.0,0.0,0.0,0.0
1.820139,0.290500,,27.000000,1.0,-2.0,100.0,0.005232,0.012705,0.0,0.0,0.0,0.0,0.0,0.0,0.0,0.0
1.830109,0.294000,,27.000000,7.0,4.0,51.0,-0.000101,0.004405,0.0,0.0,0.0,0.0,0.0,0.0,0.0,0.0
1.840125,0.297500,,28.000000,0.0,0.0,57.0,-0.000828,0.003798,0.0,0.0,0.0,0.0,0.0,0.0,0.0,0.0
1.850191,0.301000,,28.000000,-5.0,0.0,94.0,-0.001508,0.009906,0.0,0.0,0.0,0.0,0.0,0.0,0.0,0.0
1.860137,0.304500,,28.000000,-2.0,0.0,90.0,-0.002053,0.013081,0.0,0.0,0.0,0.0,0.0,0.0,0.0,0.0
1.870152,0.308000,,28.000000,-1.0,0.0,97.0,-0.000622,0.015107,0.0,0.0,0.0,0.0,0.0,0.0,0.0,0.0
1.880115,0.311500,,28.000000,0.0,0.0,92.0,0.001834,0.016125,0.0,0.0,0.0,0.0,0.0,0.0,0.0,0.0
1.890126,0.315000,,29.000000,8.0,0.0,49.0,0.001656,0.004781,0.0,0.0,0.0,0.0,0.0,0.0,0.0,0.0
1.900197,0.318500,,29.000000,-7.0,0.0,94.0,0.003869,0.012679,0.0,0.0,0.0,0.0,0.0,0.0,0.0,0.0
1.910131,0.322000,,29.000000,-1.0,1.0,97.0,0.002602,0.012439,0.0,0.0,0.0,0.0,0.0,0.0,0.0,0.0
1.920120,0.325500,,29.000000,0.0,-1.0,93.0,0.003469,0.010417,0.0,0.0,0.0,0.0,0.0,0.0,0.0,0.0
1.930150,0.329000,,29.000000,-1.0,2.0,84.0,0.001404,0.009768,0.0,0.0,0.0,0.0,0.0,0.0,0.0,0.0
1.940103,0.332500,,28.000000,9.0,0.0,57.0,-0.000169,-0.002203,0.0,0.0,0.0,0.0,0.0,0.0,0.0,0.0
1.950113,0.336000,,28.000000,-8.0,-2.0,98.0,0.004031,0.006889,0.0,0.0,0.0,0.0,0.0,0.0,0.0,0.0
1.960091,0.339500,,28.000000,0.0,0.0,93.0,0.003970,0.007871,0.0,0.0,0.0,0.0,0.0,0.0,0.0,0.0
1.970154,0.343000,,28.000000,0.0,0.0,99.0,0.004162,0.008805,0.0,0.0,0.0,0.0,0.0,0.0,0.0,0.0
1.980098,0.346500,,28.000000,0.0,2.0,99.0,0.001462,0.009725,0.0,0.0,0.0,0.0,0.0,0.0,0.0,0.0
1.990125,0.350000,,29.000000,4.0,0.0,55.0,0.000803,0.004313,0.0,0.0,0.0,0.0,0.0,0.0,0.0,0.0
2.000106,0.350000,,29.000000,-3.0,-1.0,96.0,0.002682,0.007014,0.0,0.0,0.0,0.0,0.0,0.0,0.0,0.0
2.010149,0.350000,,29.000000,-1.0,0.0,92.0,0.002277,0.007460,0.0,0.0,0.0,0.0,0.0,0.0,0.0,0.0
2.020152,0.350000,,29.000000,0.0,-2.0,96.0,0.004367,0.006817,0.0,0.0,0.0,0.0,0.0,0.0,0.0,0.0
2.030119,0.350000,,29.000000,8.0,4.0,54.0,-0.001396,-0.002770,0.0,0.0,0.0,0.0,0.0,0.0,0.0,0.0
2.040133,0.350000,,29.000000,-2.0,1.0,60.0,-0.001025,0.000242,0.0,0.0,0.0,0.0,0.0,0.0,0.0,0.0
2.050135,0.350000,,29.000000,-6.0,-4.0,96.0,0.005571,0.007640,0.0,0.0,0.0,0.0,0.0,0.0,0.0,0.0
2.060122,0.350000,,29.000000,0.0,0.0,98.0,0.006183,0.009608,0.0,0.0,0.0,0.0,0.0,0.0,0.0,0.0
2.070140,0.350000,,29.000000,6.0,4.0,93.0,0.000989,0.004525,0.0,0.0,0.0,0.0,0.0,0.0,0.0,0.0
2.080118,0.350000,,29.000000,-2.0,-2.0,52.0,0.004905,0.006952,0.0,0.0,0.0,0.0,0.0,0.0,0.0,0.0
2.090112,0.350000,,27.000000,4.0,1.0,61.0,0.002920,0.002075,0.0,0.0,0.0,0.0,0.0,0.0,0.0,0.0
2.100103,0.350000,,27.000000,-8.0,-2.0,97.0,0.006378,0.011179,0.0,0.0,0.0,0.0,0.0,0.0,0.0,0.0
2.110114,0.350000,,27.000000,0.0,0.0,91.0,0.006464,0.012185,0.0,0.0,0.0,0.0,0.0,0.0,0.0,0.0
2.120125,0.350000,,27.000000,0.0,0.0,93.0,0.007107,0.013074,0.0,0.0,0.0,0.0,0.0,0.0,0.0,0.0
2.130075,0.350000,,27.000000,8.0,2.0,52.0,0.003011,0.003211,0.0,0.0,0.0,0.0,0.0,0.0,0.0,0.0
2.140126,0.350000,,26.000000,0.0,1.0,52.0,0.001754,0.004039,0.0,0.0,0.0,0.0,0.0,0.0,0.0,0.0
2.150093,0.350000,,26.000000,-9.0,-4.0,102.0,0.007862,0.014865,0.0,0.0,0.0,0.0,0.0,0.0,0.0,0.0
2.160124,0.350000,,26.000000,5.0,5.0,97.0,-0.000913,0.009335,0.0,0.0,0.0,0.0,0.0,0.0,0.0,0.0
2.170138,0.350000,,26.000000,-4.0,-1.0,87.0,0.000324,0.014213,0.0,0.0,0.0,0.0,0.0,0.0,0.0,0.0
2.180084,0.350000,,26.000000,-1.0,-5.0,97.0,0.006274,0.014304,0.0,0.0,0.0,0.0,0.0,0.0,0.0,0.0
2.190124,0.350000,,27.000000,5.0,6.0,76.0,-0.002808,0.009309,0.0,0.0,0.0,0.0,0.0,0.0,0.0,0.0
2.200109,0.350000,,27.000000,-5.0,-5.0,100.0,0.004649,0.014901,0.0,0.0,0.0,0.0,0.0,0.0,0.0,0.0
2.210097,0.350000,,27.000000,0.0,0.0,94.0,0.005245,0.015883,0.0,0.0,0.0,0.0,0.0,0.0,0.0,0.0
2.220089,0.350000,,27.000000,0.0,0.0,95.0,0.005247,0.016251,0.0,0.0,0.0,0.0,0.0,0.0,0.0,0.0
2.230076,0.350000,,27.000000,0.0,1.0,47.0,0.003114,0.015385,0.0,0.0,0.0,0.0,0.0,0.0,0.0,0.0
2.240113,0.350000,,32.000000,9.0,2.0,55.0,-0.002323,0.002641,0.0,0.0,0.0,0.0,0.0,0.0,0.0,0.0
2.250105,0.350000,,32.000000,-8.0,-3.0,100.0,0.003605,0.013302,0.0,0.0,0.0,0.0,0.0,0.0,0.0,0.0
2.260086,0.350000,,32.000000,-1.0,3.0,89.0,0.000508,0.015176,0.0,0.0,0.0,0.0,0.0,0.0,0.0,0.0
2.270123,0.350000,,32.000000,0.0,-3.0,103.0,0.004572,0.013833,0.0,0.0,0.0,0.0,0.0,0.0,0.0,0.0
2.280081,0.350000,,32.000000,0.0,0.0,95.0,0.003956,0.013716,0.0,0.0,0.0,0.0,0.0,0.0,0.0,0.0
2.290228,0.350000,,32.000000,0.0,1.0,96.0,0.001251,0.012648,0.0,0.0,0.0,0.0,0.0,0.0,0.0,0.0
2.300092,0.350000,,32.000000,0.0,-1.0,94.0,0.002081,0.012235,0.0,0.0,0.0,0.0,0.0,0.0,0.0,0.0
2.310127,0.350000,,32.000000,0.0,0.0,91.0,0.003319,0.013652,0.0,0.0,0.0,0.0,0.0,0.0,0.0,0.0
2.320107,0.350000,,32.000000,0.0,0.0,95.0,0.005741,0.015225,0.0,0.0,0.0,0.0,0.0,0.0,0.0,0.0
2.330114,0.350000,,32.000000,6.0,0.0,49.0,0.006339,0.006782,0.0,0.0,0.0,0.0,0.0,0.0,0.0,0.0
2.340121,0.350000,,27.000000,-2.0,2.0,56.0,0.005097,0.010967,0.0,0.0,0.0,0.0,0.0,0.0,0.0,0.0
2.350123,0.350000,,27.000000,-2.0,0.0,93.0,0.004585,0.013642,0.0,0.0,0.0,0.0,0.0,0.0,0.0,0.0
2.360121,0.350000,,27.000000,-1.0,-2.0,92.0,0.005611,0.014113,0.0,0.0,0.0,0.0,0.0,0.0,0.0,0.0
2.370144,0.350000,,27.000000,0.0,0.0,94.0,0.004438,0.014865,0.0,0.0,0.0,0.0,0.0,0.0,0.0,0.0
2.380120,0.350000,,27.000000,-1.0,0.0,96.0,0.003563,0.016087,0.0,0.0,0.0,0.0,0.0,0.0,0.0,0.0
2.390213,0.350000,,28.000000,1.0,0.0,49.0,0.003055,0.015127,0.0,0.0,0.0,0.0,0.0,0.0,0.0,0.0
2.400113,0.350000,,28.000000,0.0,1.0,92.0,0.001481,0.015244,0.0,0.0,0.0,0.0,0.0,0.0,0.0,0.0
2.410133,0.350000,,28.000000,0.0,-1.0,98.0,0.002505,0.014651,0.0,0.0,0.0,0.0,0.0,0.0,0.0,0.0
2.420147,0.350000,,28.000000,0.0,-1.0,99.0,0.002791,0.013879,0.0,0.0,0.0,0.0,0.0,0.0,0.0,0.0
2.430121,0.350000,,28.000000,4.0,5.0,80.0,-0.005089,0.009151,0.0,0.0,0.0,0.0,0.0,0.0,0.0,0.0
2.440128,0.350000,,29.000000,3.0,0.0,57.0,-0.006005,0.004907,0.0,0.0,0.0,0.0,0.0,0.0,0.0,0.0
2.450114,0.350000,,29.000000,-8.0,-4.0,97.0,0.000108,0.014032,0.0,0.0,0.0,0.0,0.0,0.0,0.0,0.0
2.460131,0.350000,,29.000000,0.0,0.0,92.0,0.000069,0.014193,0.0,0.0,0.0,0.0,0.0,0.0,0.0,0.0
2.470136,0.350000,,29.000000,0.0,1.0,95.0,-0.000957,0.013903,0.0,0.0,0.0,0.0,0.0,0.0,0.0,0.0
2.480098,0.350000,,29.000000,0.0,0.0,80.0,-0.000795,0.014721,0.0,0.0,0.0,0.0,0.0,0.0,0.0,0.0
2.490527,0.350000,,28.000000,9.0,1.0,53.0,-0.003837,0.002722,0.0,0.0,0.0,0.0,0.0,0.0,0.0,0.0
2.500111,0.350000,,28.000000,-9.0,1.0,89.0,-0.003064,0.014301,0.0,0.0,0.0,0.0,0.0,0.0,0.0,0.0
2.510106,0.350000,,28.000000,0.0,-2.0,94.0,0.000925,0.013038,0.0,0.0,0.0,0.0,0.0,0.0,0.0,0.0
2.520119,0.350000,,28.000000,0.0,-3.0,91.0,0.006011,0.011923,0.0,0.0,0.0,0.0,0.0,0.0,0.0,0.0
2.530116,0.350000,,28.000000,5.0,1.0,54.0,0.004169,0.005936,0.0,0.0,0.0,0.0,0.0,0.0,0.0,0.0
2.540137,0.350000,,33.000000,2.0,5.0,59.0,-0.002441,0.004356,0.0,0.0,0.0,0.0,0.0,0.0,0.0,0.0
2.550120,0.350000,,33.000000,-6.0,-4.0,100.0,0.003734,0.011156,0.0,0.0,0.0,0.0,0.0,0.0,0.0,0.0
2.560207,0.350000,,33.000000,0.0,-1.0,102.0,0.005157,0.011235,0.0,0.0,0.0,0.0,0.0,0.0,0.0,0.0
2.570137,0.350000,,33.000000,4.0,6.0,85.0,-0.002170,0.008288,0.0,0.0,0.0,0.0,0.0,0.0,0.0,0.0
2.580178,0.350000,,33.000000,-4.0,-5.0,91.0,0.005498,0.012699,0.0,0.0,0.0,0.0,0.0,0.0,0.0,0.0
2.590519,0.350000,,28.000000,0.0,1.0,57.0,0.005626,0.013448,0.0,0.0,0.0,0.0,0.0,0.0,0.0,0.0
2.600131,0.350000,,28.000000,0.0,-1.0,98.0,0.008020,0.012864,0.0,0.0,0.0,0.0,0.0,0.0,0.0,0.0
2.610137,0.350000,,28.000000,0.0,0.0,101.0,0.009408,0.013017,0.0,0.0,0.0,0.0,0.0,0.0,0.0,0.0
2.620136,0.350000,,28.000000,-1.0,1.0,92.0,0.009208,0.013427,0.0,0.0,0.0,0.0,0.0,0.0,0.0,0.0
2.630140,0.350000,,28.000000,1.0,0.0,52.0,0.008808,0.011234,0.0,0.0,0.0,0.0,0.0,0.0,0.0,0.0
2.640147,0.350000,,30.000000,3.0,-1.0,55.0,0.008692,0.006949,0.0,0.0,0.0,0.0,0.0,0.0,0.0,0.0
2.650130,0.350000,,30.000000,-3.0,-1.0,101.0,0.011019,0.011093,0.0,0.0,0.0,0.0,0.0,0.0,0.0,0.0
2.660120,0.350000,,30.000000,-1.0,4.0,97.0,0.007984,0.013851,0.0,0.0,0.0,0.0,0.0,0.0,0.0,0.0
2.670141,0.350000,,30.000000,0.0,0.0,92.0,0.010109,0.015269,0.0,0.0,0.0,0.0,0.0,0.0,0.0,0.0
2.680128,0.350000,,30.000000,0.0,-5.0,94.0,0.017480,0.014303,0.0,0.0,0.0,0.0,0.0,0.0,0.0,0.0
2.690166,0.350000,,28.000000,0.0,4.0,85.0,0.012655,0.014991,0.0,0.0,0.0,0.0,0.0,0.0,0.0,0.0
2.700113,0.350000,,28.000000,0.0,-1.0,99.0,0.013379,0.014173,0.0,0.0,0.0,0.0,0.0,0.0,0.0,0.0
2.710115,0.350000,,28.000000,0.0,-1.0,95.0,0.013128,0.013361,0.0,0.0,0.0,0.0,0.0,0.0,0.0,0.0
2.720139,0.350000,,28.000000,0.0,-1.0,93.0,0.012339,0.012425,0.0,0.0,0.0,0.0,0.0,0.0,0.0,0.0
2.730135,0.350000,,28.000000,0.0,0.0,51.0,0.011451,0.013117,0.0,0.0,0.0,0.0,0.0,0.0,0.0,0.0
2.740134,0.350000,,31.000000,5.0,0.0,56.0,0.009522,0.006979,0.0,0.0,0.0,0.0,0.0,0.0,0.0,0.0
2.750128,0.350000,,31.000000,-5.0,0.0,98.0,0.010300,0.014023,0.0,0.0,0.0,0.0,0.0,0.0,0.0,0.0
2.760127,0.350000,,31.000000,0.0,2.0,100.0,0.007159,0.013573,0.0,0.0,0.0,0.0,0.0,0.0,0.0,0.0
2.770121,0.350000,,31.000000,0.0,-1.0,96.0,0.006821,0.011709,0.0,0.0,0.0,0.0,0.0,0.0,0.0,0.0
2.780087,0.350000,,31.000000,0.0,0.0,95.0,0.005928,0.010705,0.0,0.0,0.0,0.0,0.0,0.0,0.0,0.0
2.790110,0.350000,,28.000000,0.0,0.0,94.0,0.005859,0.010083,0.0,0.0,0.0,0.0,0.0,0.0,0.0,0.0
2.800169,0.350000,,28.000000,0.0,0.0,96.0,0.006597,0.010225,0.0,0.0,0.0,0.0,0.0,0.0,0.0,0.0
2.810112,0.350000,,28.000000,0.0,1.0,93.0,0.006413,0.010078,0.0,0.0,0.0,0.0,0.0,0.0,0.0,0.0
2.820129,0.350000,,28.000000,0.0,-1.0,93.0,0.008435,0.009792,0.0,0.0,0.0,0.0,0.0,0.0,0.0,0.0
2.830107,0.350000,,28.000000,3.0,4.0,82.0,0.001962,0.006708,0.0,0.0,0.0,0.0,0.0,0.0,0.0,0.0
2.840109,0.350000,,32.000000,-2.0,-2.0,54.0,0.004785,0.009020,0.0,0.0,0.0,0.0,0.0,0.0,0.0,0.0
2.850115,0.350000,,32.000000,0.0,0.0,98.0,0.006113,0.009130,0.0,0.0,0.0,0.0,0.0,0.0,0.0,0.0
2.860105,0.350000,,32.000000,0.0,-2.0,96.0,0.010965,0.008356,0.0,0.0,0.0,0.0,0.0,0.0,0.0,0.0
2.870130,0.350000,,32.000000,0.0,0.0,91.0,0.012026,0.008229,0.0,0.0,0.0,0.0,0.0,0.0,0.0,0.0
2.880112,0.350000,,32.000000,0.0,1.0,96.0,0.009668,0.008168,0.0,0.0,0.0,0.0,0.0,0.0,0.0,0.0
2.890163,0.350000,,29.000000,8.0,1.0,55.0,0.005497,-0.002224,0.0,0.0,0.0,0.0,0.0,0.0,0.0,0.0
2.900121,0.350000,,29.000000,-8.0,0.0,99.0,0.005399,0.009751,0.0,0.0,0.0,0.0,0.0,0.0,0.0,0.0
2.910160,0.350000,,29.000000,0.0,-1.0,96.0,0.005197,0.010899,0.0,0.0,0.0,0.0,0.0,0.0,0.0,0.0
2.920129,0.350000,,29.000000,0.0,-3.0,95.0,0.008115,0.011602,0.0,0.0,0.0,0.0,0.0,0.0,0.0,0.0
2.930122,0.350000,,29.000000,3.0,4.0,55.0,0.001940,0.009327,0.0,0.0,0.0,0.0,0.0,0.0,0.0,0.0
2.940101,0.350000,,28.000000,5.0,1.0,54.0,0.001267,0.004430,0.0,0.0,0.0,0.0,0.0,0.0,0.0,0.0
2.950316,0.350000,,28.000000,-8.0,-3.0,98.0,0.008296,0.014221,0.0,0.0,0.0,0.0,0.0,0.0,0.0,0.0
2.960096,0.350000,,28.000000,0.0,0.0,94.0,0.009013,0.014198,0.0,0.0,0.0,0.0,0.0,0.0,0.0,0.0
2.970143,0.350000,,28.000000,0.0,1.0,97.0,0.006414,0.013299,0.0,0.0,0.0,0.0,0.0,0.0,0.0,0.0
2.980098,0.350000,,28.000000,5.0,4.0,81.0,-0.002135,0.006468,0.0,0.0,0.0,0.0,0.0,0.0,0.0,0.0
2.990168,0.350000,,33.000000,-5.0,-5.0,61.0,0.002411,0.010942,0.0,0.0,0.0,0.0,0.0,0.0,0.0,0.0
3.000104,0.350000,,33.000000,0.0,1.0,99.0,0.000990,0.011404,0.0,0.0,0.0,0.0,0.0,0.0,0.0,0.0
3.010169,0.350000,,33.000000,0.0,-1.0,99.0,0.003781,0.011735,0.0,0.0,0.0,0.0,0.0,0.0,0.0,0.0
3.020129,0.350000,,33.000000,-1.0,0.0,89.0,0.004672,0.012709,0.0,0.0,0.0,0.0,0.0,0.0,0.0,0.0
3.030116,0.350000,,33.000000,1.0,0.0,60.0,0.003728,0.010585,0.0,0.0,0.0,0.0,0.0,0.0,0.0,0.0
3.040130,0.350000,,27.000000,0.0,1.0,52.0,0.001922,0.010032,0.0,0.0,0.0,0.0,0.0,0.0,0.0,0.0
3.050130,0.350000,,27.000000,0.0,0.0,96.0,0.002349,0.009619,0.0,0.0,0.0,0.0,0.0,0.0,0.0,0.0
3.060103,0.350000,,27.000000,0.0,0.0,96.0,0.003754,0.009737,0.0,0.0,0.0,0.0,0.0,0.0,0.0,0.0
3.070104,0.350000,,27.000000,0.0,1.0,84.0,0.003808,0.009808,0.0,0.0,0.0,0.0,0.0,0.0,0.0,0.0
3.080096,0.350000,,27.000000,-1.0,-4.0,96.0,0.009663,0.010939,0.0,0.0,0.0,0.0,0.0,0.0,0.0,0.0
3.090112,0.350000,,29.000000,0.0,5.0,89.0,0.002538,0.013057,0.0,0.0,0.0,0.0,0.0,0.0,0.0,0.0
3.100096,0.350000,,29.000000,0.0,-3.0,101.0,0.006432,0.014065,0.0,0.0,0.0,0.0,0.0,0.0,0.0,0.0
3.110098,0.350000,,29.000000,0.0,0.0,100.0,0.007019,0.016126,0.0,0.0,0.0,0.0,0.0,0.0,0.0,0.0
3.120143,0.350000,,29.000000,0.0,0.0,96.0,0.007731,0.017879,0.0,0.0,0.0,0.0,0.0,0.0,0.0,0.0
3.130158,0.350000,,29.000000,0.0,1.0,49.0,0.006468,0.018532,0.0,0.0,0.0,0.0,0.0,0.0,0.0,0.0
3.140149,0.350000,,31.000000,6.0,3.0,54.0,0.000929,0.010888,0.0,0.0,0.0,0.0,0.0,0.0,0.0,0.0
3.150103,0.350000,,31.000000,-6.0,-2.0,99.0,0.004320,0.018403,0.0,0.0,0.0,0.0,0.0,0.0,0.0,0.0
3.160102,0.350000,,31.000000,0.0,1.0,92.0,0.002677,0.017976,0.0,0.0,0.0,0.0,0.0,0.0,0.0,0.0
3.170122,0.350000,,31.000000,0.0,-2.0,97.0,0.005528,0.017815,0.0,0.0,0.0,0.0,0.0,0.0,0.0,0.0
3.180108,0.350000,,31.000000,0.0,-1.0,96.0,0.006636,0.017839,0.0,0.0,0.0,0.0,0.0,0.0,0.0,0.0
3.190108,0.350000,,29.000000,0.0,1.0,96.0,0.005016,0.017945,0.0,0.0,0.0,0.0,0.0,0.0,0.0,0.0
3.200093,0.350000,,29.000000,0.0,0.0,98.0,0.004378,0.018163,0.0,0.0,0.0,0.0,0.0,0.0,0.0,0.0
3.210094,0.350000,,29.000000,0.0,0.0,100.0,0.003898,0.018129,0.0,0.0,0.0,0.0,0.0,0.0,0.0,0.0
3.220208,0.350000,,29.000000,0.0,-1.0,93.0,0.004299,0.016111,0.0,0.0,0.0,0.0,0.0,0.0,0.0,0.0
3.230111,0.350000,,29.000000,0.0,1.0,51.0,0.001743,0.014294,0.0,0.0,0.0,0.0,0.0,0.0,0.0,0.0
3.240124,0.350000,,34.000000,0.0,0.0,55.0,0.001558,0.012710,0.0,0.0,0.0,0.0,0.0,0.0,0.0,0.0
3.250083,0.350000,,34.000000,0.0,0.0,98.0,0.002175,0.011693,0.0,0.0,0.0,0.0,0.0,0.0,0.0,0.0
3.260111,0.350000,,34.000000,0.0,0.0,97.0,0.002748,0.010866,0.0,0.0,0.0,0.0,0.0,0.0,0.0,0.0
3.270098,0.350000,,34.000000,0.0,0.0,96.0,0.003522,0.010450,0.0,0.0,0.0,0.0,0.0,0.0,0.0,0.0
3.280077,0.350000,,34.000000,0.0,-2.0,95.0,0.006733,0.009377,0.0,0.0,0.0,0.0,0.0,0.0,0.0,0.0
3.290121,0.350000,,28.000000,0.0,3.0,52.0,0.002052,0.009499,0.0,0.0,0.0,0.0,0.0,0.0,0.0,0.0
3.300119,0.350000,,28.000000,0.0,0.0,101.0,0.001985,0.009522,0.0,0.0,0.0,0.0,0.0,0.0,0.0,0.0
3.310079,0.350000,,28.000000,0.0,-1.0,93.0,0.003916,0.008603,0.0,0.0,0.0,0.0,0.0,0.0,0.0,0.0
3.320151,0.350000,,28.000000,0.0,-1.0,96.0,0.005398,0.008222,0.0,0.0,0.0,0.0,0.0,0.0,0.0,0.0
3.330134,0.350000,,27.000000,0.0,2.0,77.0,0.002235,0.008649,0.0,0.0,0.0,0.0,0.0,0.0,0.0,0.0
3.340134,0.350000,,27.000000,0.0,-1.0,59.0,0.004398,0.009396,0.0,0.0,0.0,0.0,0.0,0.0,0.0,0.0
3.350128,0.350000,,27.000000,0.0,-1.0,98.0,0.006571,0.009763,0.0,0.0,0.0,0.0,0.0,0.0,0.0,0.0
3.360129,0.350000,,27.000000,0.0,0.0,91.0,0.006857,0.010904,0.0,0.0,0.0,0.0,0.0,0.0,0.0,0.0
3.370139,0.350000,,27.000000,0.0,0.0,94.0,0.006339,0.012120,0.0,0.0,0.0,0.0,0.0,0.0,0.0,0.0
3.380092,0.350000,,27.000000,0.0,2.0,94.0,0.001342,0.012781,0.0,0.0,0.0,0.0,0.0,0.0,0.0,0.0
3.390218,0.350000,,29.000000,0.0,-2.0,56.0,0.003302,0.013064,0.0,0.0,0.0,0.0,0.0,0.0,0.0,0.0
3.400106,0.350000,,29.000000,0.0,0.0,97.0,0.004921,0.013196,0.0,0.0,0.0,0.0,0.0,0.0,0.0,0.0
3.410108,0.350000,,29.000000,0.0,-1.0,99.0,0.008022,0.013300,0.0,0.0,0.0,0.0,0.0,0.0,0.0,0.0
3.420108,0.350000,,29.000000,0.0,-1.0,96.0,0.009701,0.013562,0.0,0.0,0.0,0.0,0.0,0.0,0.0,0.0
3.430127,0.350000,,29.000000,3.0,4.0,51.0,0.002440,0.011125,0.0,0.0,0.0,0.0,0.0,0.0,0.0,0.0
3.440098,0.350000,,27.000000,4.0,2.0,57.0,-0.002410,0.007291,0.0,0.0,0.0,0.0,0.0,0.0,0.0,0.0
3.450111,0.350000,,27.000000,-6.0,-6.0,101.0,0.006565,0.015079,0.0,0.0,0.0,0.0,0.0,0.0,0.0,0.0
3.460172,0.350000,,27.000000,0.0,0.0,96.0,0.007151,0.016393,0.0,0.0,0.0,0.0,0.0,0.0,0.0,0.0
3.470127,0.350000,,27.000000,0.0,3.0,92.0,0.002888,0.017287,0.0,0.0,0.0,0.0,0.0,0.0,0.0,0.0
3.480100,0.350000,,27.000000,4.0,0.0,54.0,0.001841,0.011596,0.0,0.0,0.0,0.0,0.0,0.0,0.0,0.0
3.490122,0.350000,,32.000000,-3.0,-1.0,58.0,0.003598,0.014441,0.0,0.0,0.0,0.0,0.0,0.0,0.0,0.0
3.500123,0.350000,,32.000000,-1.0,1.0,95.0,0.002884,0.015000,0.0,0.0,0.0,0.0,0.0,0.0,0.0,0.0
3.510126,0.350000,,32.000000,-1.0,-1.0,99.0,0.004937,0.015475,0.0,0.0,0.0,0.0,0.0,0.0,0.0,0.0
3.520097,0.350000,,32.000000,0.0,2.0,90.0,0.003751,0.015518,0.0,0.0,0.0,0.0,0.0,0.0,0.0,0.0
3.530108,0.350000,,32.000000,7.0,2.0,50.0,0.000690,0.007161,0.0,0.0,0.0,0.0,0.0,0.0,0.0,0.0
3.540128,0.350000,,29.000000,-1.0,-2.0,54.0,0.003270,0.007769,0.0,0.0,0.0,0.0,0.0,0.0,0.0,0.0
3.550205,0.350000,,29.000000,-6.0,-3.0,99.0,0.006653,0.014243,0.0,0.0,0.0,0.0,0.0,0.0,0.0,0.0
3.560108,0.350000,,29.000000,1.0,2.0,96.0,0.003145,0.012479,0.0,0.0,0.0,0.0,0.0,0.0,0.0,0.0
3.570119,0.350000,,29.000000,0.0,0.0,84.0,0.003335,0.011950,0.0,0.0,0.0,0.0,0.0,0.0,0.0,0.0
3.580144,0.350000,,29.000000,0.0,-3.0,92.0,0.007551,0.010350,0.0,0.0,0.0,0.0,0.0,0.0,0.0,0.0
3.590125,0.350000,,27.000000,8.0,5.0,62.0,0.000047,0.000243,0.0,0.0,0.0,0.0,0.0,0.0,0.0,0.0
3.600109,0.350000,,27.000000,-8.0,-4.0,100.0,0.006574,0.009799,0.0,0.0,0.0,0.0,0.0,0.0,0.0,0.0
3.610105,0.350000,,27.000000,-1.0,1.0,96.0,0.004405,0.011117,0.0,0.0,0.0,0.0,0.0,0.0,0.0,0.0
3.620118,0.350000,,27.000000,0.0,0.0,103.0,0.003047,0.011287,0.0,0.0,0.0,0.0,0.0,0.0,0.0,0.0
3.630103,0.350000,,27.000000,0.0,1.0,50.0,-0.000079,0.010281,0.0,0.0,0.0,0.0,0.0,0.0,0.0,0.0
3.640129,0.350000,,29.000000,0.0,0.0,54.0,-0.000614,0.009623,0.0,0.0,0.0,0.0,0.0,0.0,0.0,0.0
3.650211,0.350000,,29.000000,0.0,0.0,97.0,0.000352,0.009538,0.0,0.0,0.0,0.0,0.0,0.0,0.0,0.0
3.660116,0.350000,,29.000000,0.0,0.0,89.0,0.002585,0.009008,0.0,0.0,0.0,0.0,0.0,0.0,0.0,0.0
3.670127,0.350000,,29.000000,0.0,-1.0,103.0,0.005982,0.008241,0.0,0.0,0.0,0.0,0.0,0.0,0.0,0.0
3.680121,0.350000,,29.000000,0.0,0.0,98.0,0.006692,0.008284,0.0,0.0,0.0,0.0,0.0,0.0,0.0,0.0
3.690178,0.350000,,26.000000,0.0,0.0,98.0,0.006692,0.008822,0.0,0.0,0.0,0.0,0.0,0.0,0.0,0.0
3.700162,0.350000,,26.000000,0.0,0.0,97.0,0.005800,0.009489,0.0,0.0,0.0,0.0,0.0,0.0,0.0,0.0
3.710123,0.350000,,26.000000,0.0,0.0,94.0,0.004501,0.009779,0.0,0.0,0.0,0.0,0.0,0.0,0.0,0.0
3.720137,0.350000,,26.000000,0.0,0.0,94.0,0.003831,0.010796,0.0,0.0,0.0,0.0,0.0,0.0,0.0,0.0
3.730092,0.350000,,32.000000,3.0,1.0,54.0,0.001239,0.005732,0.0,0.0,0.0,0.0,0.0,0.0,0.0,0.0
3.740123,0.350000,,32.000000,4.0,4.0,61.0,-0.005873,-0.000173,0.0,0.0,0.0,0.0,0.0,0.0,0.0,0.0
3.750196,0.350000,,32.000000,-6.0,-2.0,96.0,0.000065,0.010246,0.0,0.0,0.0,0.0,0.0,0.0,0.0,0.0
3.760106,0.350000,,32.000000,0.0,0.0,98.0,0.000722,0.011438,0.0,0.0,0.0,0.0,0.0,0.0,0.0,0.0
3.770175,0.350000,,32.000000,-1.0,-2.0,99.0,0.004350,0.012087,0.0,0.0,0.0,0.0,0.0,0.0,0.0,0.0
3.780198,0.350000,,29.000000,0.0,-2.0,98.0,0.007395,0.011362,0.0,0.0,0.0,0.0,0.0,0.0,0.0,0.0
3.790139,0.350000,,29.000000,0.0,2.0,49.0,0.004293,0.011428,0.0,0.0,0.0,0.0,0.0,0.0,0.0,0.0
3.800192,0.350000,,29.000000,0.0,1.0,95.0,0.003255,0.011647,0.0,0.0,0.0,0.0,0.0,0.0,0.0,0.0
3.810109,0.350000,,29.000000,0.0,0.0,95.0,0.003871,0.012622,0.0,0.0,0.0,0.0,0.0,0.0,0.0,0.0
3.820137,0.350000,,29.000000,0.0,0.0,98.0,0.004292,0.013651,0.0,0.0,0.0,0.0,0.0,0.0,0.0,0.0
3.830102,0.350000,,28.000000,0.0,1.0,71.0,0.002750,0.013904,0.0,0.0,0.0,0.0,0.0,0.0,0.0,0.0
3.840229,0.350000,,28.000000,0.0,-1.0,60.0,0.004868,0.013478,0.0,0.0,0.0,0.0,0.0,0.0,0.0,0.0
3.850118,0.350000,,28.000000,0.0,0.0,101.0,0.005772,0.013908,0.0,0.0,0.0,0.0,0.0,0.0,0.0,0.0
3.860118,0.350000,,28.000000,0.0,0.0,101.0,0.006609,0.014687,0.0,0.0,0.0,0.0,0.0,0.0,0.0,0.0
3.870126,0.350000,,28.000000,0.0,0.0,93.0,0.007738,0.016084,0.0,0.0,0.0,0.0,0.0,0.0,0.0,0.0
3.880101,0.350000,,29.000000,0.0,1.0,85.0,0.006281,0.015815,0.0,0.0,0.0,0.0,0.0,0.0,0.0,0.0
3.890154,0.350000,,29.000000,0.0,0.0,54.0,0.006348,0.016374,0.0,0.0,0.0,0.0,0.0,0.0,0.0,0.0
3.900220,0.350000,,29.000000,0.0,0.0,99.0,0.006509,0.016227,0.0,0.0,0.0,0.0,0.0,0.0,0.0,0.0
3.910144,0.350000,,29.000000,0.0,-3.0,99.0,0.010871,0.014499,0.0,0.0,0.0,0.0,0.0,0.0,0.0,0.0
3.920123,0.350000,,29.000000,0.0,0.0,96.0,0.009971,0.015361,0.0,0.0,0.0,0.0,0.0,0.0,0.0,0.0
3.930131,0.350000,,32.000000,0.0,3.0,54.0,0.003499,0.016382,0.0,0.0,0.0,0.0,0.0,0.0,0.0,0.0
3.940126,0.350000,,32.000000,0.0,-1.0,61.0,0.005916,0.016289,0.0,0.0,0.0,0.0,0.0,0.0,0.0,0.0
3.950136,0.350000,,32.000000,0.0,-1.0,96.0,0.009154,0.015706,0.0,0.0,0.0,0.0,0.0,0.0,0.0,0.0
3.960135,0.350000,,32.000000,0.0,0.0,98.0,0.010434,0.016833,0.0,0.0,0.0,0.0,0.0,0.0,0.0,0.0
3.970112,0.350000,,32.000000,0.0,2.0,84.0,0.006880,0.016785,0.0,0.0,0.0,0.0,0.0,0.0,0.0,0.0
3.980094,0.350000,,32.000000,0.0,-4.0,98.0,0.012419,0.014892,0.0,0.0,0.0,0.0,0.0,0.0,0.0,0.0
3.990105,0.350000,,30.000000,0.0,1.0,57.0,0.009763,0.013623,0.0,0.0,0.0,0.0,0.0,0.0,0.0,0.0
4.000316,0.350000,,30.000000,0.0,0.0,96.0,0.009460,0.013348,0.0,0.0,0.0,0.0,0.0,0.0,0.0,0.0
4.010114,0.350000,,30.000000,0.0,0.0,100.0,0.009390,0.014422,0.0,0.0,0.0,0.0,0.0,0.0,0.0,0.0
4.020137,0.350000,,30.000000,0.0,3.0,97.0,0.003663,0.014839,0.0,0.0,0.0,0.0,0.0,0.0,0.0,0.0
4.030136,0.350000,,30.000000,0.0,-4.0,53.0,0.009147,0.013244,0.0,0.0,0.0,0.0,0.0,0.0,0.0,0.0
4.040136,0.350000,,30.000000,0.0,3.0,56.0,0.003475,0.012972,0.0,0.0,0.0,0.0,0.0,0.0,0.0,0.0
4.050247,0.350000,,30.000000,0.0,-1.0,95.0,0.004032,0.012036,0.0,0.0,0.0,0.0,0.0,0.0,0.0,0.0
4.060129,0.350000,,30.000000,0.0,2.0,91.0,0.000122,0.011531,0.0,0.0,0.0,0.0,0.0,0.0,0.0,0.0
4.070136,0.350000,,30.000000,0.0,0.0,95.0,-0.000292,0.011161,0.0,0.0,0.0,0.0,0.0,0.0,0.0,0.0
4.080129,0.350000,,27.000000,0.0,-3.0,99.0,0.004372,0.009858,0.0,0.0,0.0,0.0,0.0,0.0,0.0,0.0
4.090125,0.350000,,27.000000,0.0,3.0,81.0,0.001080,0.011223,0.0,0.0,0.0,0.0,0.0,0.0,0.0,0.0
4.100126,0.350000,,27.000000,0.0,-1.0,94.0,0.003774,0.011706,0.0,0.0,0.0,0.0,0.0,0.0,0.0,0.0
4.110104,0.350000,,27.000000,0.0,0.0,95.0,0.005199,0.012280,0.0,0.0,0.0,0.0,0.0,0.0,0.0,0.0
4.120120,0.350000,,27.000000,0.0,-2.0,97.0,0.008854,0.011555,0.0,0.0,0.0,0.0,0.0,0.0,0.0,0.0
4.130103,0.350000,,28.000000,0.0,2.0,49.0,0.005925,0.011935,0.0,0.0,0.0,0.0,0.0,0.0,0.0,0.0
4.140107,0.350000,,28.000000,0.0,-1.0,55.0,0.006783,0.011745,0.0,0.0,0.0,0.0,0.0,0.0,0.0,0.0
4.150106,0.350000,,28.000000,0.0,0.0,97.0,0.006232,0.011735,0.0,0.0,0.0,0.0,0.0,0.0,0.0,0.0
4.160166,0.350000,,28.000000,1.0,4.0,100.0,0.000204,0.010644,0.0,0.0,0.0,0.0,0.0,0.0,0.0,0.0
4.170187,0.350000,,28.000000,-1.0,-5.0,98.0,0.007173,0.011488,0.0,0.0,0.0,0.0,0.0,0.0,0.0,0.0
4.180182,0.350000,,28.000000,0.0,0.0,92.0,0.006840,0.012868,0.0,0.0,0.0,0.0,0.0,0.0,0.0,0.0
4.190173,0.350000,,27.000000,0.0,2.0,98.0,0.003461,0.013443,0.0,0.0,0.0,0.0,0.0,0.0,0.0,0.0
4.200149,0.350000,,27.000000,0.0,-1.0,95.0,0.004863,0.012504,0.0,0.0,0.0,0.0,0.0,0.0,0.0,0.0
4.210149,0.350000,,27.000000,0.0,4.0,98.0,-0.000676,0.012053,0.0,0.0,0.0,0.0,0.0,0.0,0.0,0.0
4.220284,0.350000,,27.000000,0.0,-3.0,93.0,0.002919,0.010602,0.0,0.0,0.0,0.0,0.0,0.0,0.0,0.0
4.230184,0.350000,,27.000000,0.0,1.0,84.0,0.001499,0.010158,0.0,0.0,0.0,0.0,0.0,0.0,0.0,0.0
4.240178,0.350000,,28.000000,0.0,-1.0,55.0,0.003357,0.009037,0.0,0.0,0.0,0.0,0.0,0.0,0.0,0.0
4.250266,0.350000,,28.000000,0.0,1.0,95.0,0.002895,0.009449,0.0,0.0,0.0,0.0,0.0,0.0,0.0,0.0
4.260164,0.350000,,28.000000,0.0,-2.0,98.0,0.006434,0.009794,0.0,0.0,0.0,0.0,0.0,0.0,0.0,0.0
4.270170,0.350000,,28.000000,0.0,0.0,92.0,0.007158,0.010947,0.0,0.0,0.0,0.0,0.0,0.0,0.0,0.0
4.280123,0.350000,,28.000000,0.0,0.0,97.0,0.007565,0.012145,0.0,0.0,0.0,0.0,0.0,0.0,0.0,0.0
4.290395,0.350000,,28.000000,0.0,1.0,53.0,0.005919,0.013044,0.0,0.0,0.0,0.0,0.0,0.0,0.0,0.0
4.300110,0.350000,,28.000000,0.0,0.0,95.0,0.005852,0.014572,0.0,0.0,0.0,0.0,0.0,0.0,0.0,0.0
4.310151,0.350000,,28.000000,0.0,-1.0,94.0,0.006833,0.014959,0.0,0.0,0.0,0.0,0.0,0.0,0.0,0.0
4.320177,0.350000,,28.000000,0.0,-1.0,97.0,0.006891,0.014525,0.0,0.0,0.0,0.0,0.0,0.0,0.0,0.0
4.330118,0.350000,,30.000000,5.0,4.0,56.0,-0.001202,0.008009,0.0,0.0,0.0,0.0,0.0,0.0,0.0,0.0
4.340144,0.350000,,30.000000,-4.0,-2.0,54.0,0.001663,0.012300,0.0,0.0,0.0,0.0,0.0,0.0,0.0,0.0
4.350116,0.350000,,30.000000,-1.0,-2.0,102.0,0.005279,0.012826,0.0,0.0,0.0,0.0,0.0,0.0,0.0,0.0
4.360136,0.350000,,30.000000,0.0,0.0,99.0,0.006648,0.013652,0.0,0.0,0.0,0.0,0.0,0.0,0.0,0.0
4.370178,0.350000,,30.000000,0.0,3.0,100.0,0.002817,0.014207,0.0,0.0,0.0,0.0,0.0,0.0,0.0,0.0
4.380167,0.350000,,29.000000,0.0,0.0,84.0,0.002298,0.014995,0.0,0.0,0.0,0.0,0.0,0.0,0.0,0.0
4.390146,0.350000,,29.000000,0.0,-1.0,58.0,0.002710,0.014628,0.0,0.0,0.0,0.0,0.0,0.0,0.0,0.0
4.400131,0.350000,,29.000000,0.0,1.0,100.0,0.000820,0.014776,0.0,0.0,0.0,0.0,0.0,0.0,0.0,0.0
4.410105,0.350000,,29.000000,0.0,-3.0,97.0,0.004977,0.014458,0.0,0.0,0.0,0.0,0.0,0.0,0.0,0.0
4.420166,0.350000,,29.000000,0.0,-2.0,96.0,0.007698,0.014414,0.0,0.0,0.0,0.0,0.0,0.0,0.0,0.0
4.430091,0.350000,,31.000000,0.0,3.0,57.0,0.002932,0.014742,0.0,0.0,0.0,0.0,0.0,0.0,0.0,0.0
4.440145,0.350000,,31.000000,0.0,0.0,58.0,0.001478,0.014681,0.0,0.0,0.0,0.0,0.0,0.0,0.0,0.0
4.450105,0.350000,,31.000000,0.0,-1.0,98.0,0.001307,0.013499,0.0,0.0,0.0,0.0,0.0,0.0,0.0,0.0
4.460169,0.350000,,31.000000,0.0,1.0,102.0,-0.000270,0.012558,0.0,0.0,0.0,0.0,0.0,0.0,0.0,0.0
4.470097,0.350000,,31.000000,0.0,1.0,82.0,-0.000017,0.011858,0.0,0.0,0.0,0.0,0.0,0.0,0.0,0.0
4.480088,0.350000,,29.000000,0.0,-4.0,97.0,0.007080,0.010073,0.0,0.0,0.0,0.0,0.0,0.0,0.0,0.0
4.490115,0.350000,,29.000000,0.0,5.0,85.0,0.001774,0.010054,0.0,0.0,0.0,0.0,0.0,0.0,0.0,0.0
