time_s,cmd_fraction,imu_z,height,delta_x,delta_y,squal,vx,vy,motor_m1,motor_m2,motor_m3,motor_m4,motor_m1req,motor_m2req,motor_m3req,motor_m4req,supervisor_info,stab_thrust
0.000072,0.000000,,46.000000,5.0,-4.0,57.0,-0.002894,0.001588,0.0,0.0,0.0,0.0,0.0,0.0,0.0,0.0,580.0,0.00
0.010140,0.000000,,46.000000,0.0,-2.0,63.0,0.000193,0.000588,0.0,0.0,0.0,0.0,0.0,0.0,0.0,0.0,580.0,0.00
0.020164,0.000000,,46.000000,-5.0,5.0,108.0,-0.004448,0.005698,0.0,0.0,0.0,0.0,0.0,0.0,0.0,0.0,580.0,0.00
0.030135,0.000000,,46.000000,0.0,0.0,105.0,-0.003638,0.005208,0.0,0.0,0.0,0.0,0.0,0.0,0.0,0.0,580.0,0.00
0.040095,0.000000,,46.000000,0.0,3.0,104.0,-0.007444,0.004657,0.0,0.0,0.0,0.0,0.0,0.0,0.0,0.0,580.0,0.00
0.050097,0.000000,,46.000000,0.0,0.0,79.0,-0.007457,0.005365,0.0,0.0,0.0,0.0,0.0,0.0,0.0,0.0,580.0,0.00
0.060178,0.000000,,47.000000,6.0,-6.0,61.0,0.000978,-0.001834,0.0,0.0,0.0,0.0,0.0,0.0,0.0,0.0,580.0,0.00
0.070112,0.000000,,47.000000,-2.0,0.0,93.0,0.001114,0.001450,0.0,0.0,0.0,0.0,0.0,0.0,0.0,0.0,580.0,0.00
0.080503,0.000000,,47.000000,-4.0,4.0,105.0,-0.004838,0.006346,0.0,0.0,0.0,0.0,0.0,0.0,0.0,0.0,580.0,0.00
0.090529,0.000000,,47.000000,0.0,2.0,102.0,-0.008644,0.005929,0.0,0.0,0.0,0.0,0.0,0.0,0.0,0.0,580.0,0.00
0.100127,0.000000,,47.000000,5.0,-5.0,57.0,-0.003360,-0.000676,0.0,0.0,0.0,0.0,0.0,0.0,0.0,0.0,580.0,0.00
0.110122,0.000000,,45.000000,3.0,-3.0,58.0,0.000532,-0.003946,0.0,0.0,0.0,0.0,0.0,0.0,0.0,0.0,580.0,0.00
0.120087,0.000000,,45.000000,-7.0,4.0,104.0,-0.003562,0.005390,0.0,0.0,0.0,0.0,0.0,0.0,0.0,0.0,580.0,0.00
0.130088,0.000000,,45.000000,-1.0,2.0,109.0,-0.005131,0.007049,0.0,0.0,0.0,0.0,0.0,0.0,0.0,0.0,580.0,0.00
0.140114,0.000000,,45.000000,0.0,1.0,87.0,-0.005531,0.007622,0.0,0.0,0.0,0.0,0.0,0.0,0.0,0.0,580.0,0.00
0.150101,0.000000,,45.000000,0.0,-2.0,101.0,-0.002072,0.007922,0.0,0.0,0.0,0.0,0.0,0.0,0.0,0.0,580.0,0.00
0.160117,0.000000,,45.000000,3.0,-2.0,61.0,0.000644,0.004378,0.0,0.0,0.0,0.0,0.0,0.0,0.0,0.0,580.0,0.00
0.170128,0.000000,,45.000000,0.0,0.0,104.0,0.000410,0.004559,0.0,0.0,0.0,0.0,0.0,0.0,0.0,0.0,580.0,0.00
0.180110,0.000000,,45.000000,-3.0,1.0,104.0,-0.001450,0.008161,0.0,0.0,0.0,0.0,0.0,0.0,0.0,0.0,580.0,0.00
0.190112,0.000000,,45.000000,0.0,2.0,100.0,-0.004395,0.007768,0.0,0.0,0.0,0.0,0.0,0.0,0.0,0.0,580.0,0.00
0.200094,0.000000,,45.000000,3.0,-3.0,59.0,-0.000524,0.004187,0.0,0.0,0.0,0.0,0.0,0.0,0.0,0.0,580.0,0.00
0.210117,0.000000,,48.000000,0.0,-1.0,61.0,0.000029,0.004481,0.0,0.0,0.0,0.0,0.0,0.0,0.0,0.0,580.0,0.00
0.220089,0.000000,,48.000000,-1.0,0.0,103.0,-0.000021,0.005542,0.0,0.0,0.0,0.0,0.0,0.0,0.0,0.0,580.0,0.00
0.230096,0.000000,,48.000000,-2.0,7.0,102.0,-0.010028,0.008816,0.0,0.0,0.0,0.0,0.0,0.0,0.0,0.0,580.0,0.00
0.240096,0.000000,,48.000000,1.0,-6.0,103.0,-0.002184,0.006579,0.0,0.0,0.0,0.0,0.0,0.0,0.0,0.0,580.0,0.00
0.250093,0.000000,,48.000000,-1.0,3.0,99.0,-0.005061,0.006468,0.0,0.0,0.0,0.0,0.0,0.0,0.0,0.0,580.0,0.00
0.260111,0.000000,,46.000000,0.0,1.0,87.0,-0.005484,0.005563,0.0,0.0,0.0,0.0,0.0,0.0,0.0,0.0,580.0,0.00
0.270107,0.000000,,46.000000,0.0,-1.0,104.0,-0.004217,0.005437,0.0,0.0,0.0,0.0,0.0,0.0,0.0,0.0,580.0,0.00
0.280107,0.000000,,46.000000,0.0,-1.0,102.0,-0.003096,0.006283,0.0,0.0,0.0,0.0,0.0,0.0,0.0,0.0,580.0,0.00
0.290087,0.000000,,46.000000,0.0,0.0,97.0,-0.003689,0.007454,0.0,0.0,0.0,0.0,0.0,0.0,0.0,0.0,580.0,0.00
0.300113,0.000000,,46.000000,5.0,-3.0,53.0,-0.003689,0.007454,0.0,0.0,0.0,0.0,0.0,0.0,0.0,0.0,580.0,0.00
0.310103,0.000000,,49.000000,-1.0,-1.0,52.0,0.001096,0.003635,0.0,0.0,0.0,0.0,0.0,0.0,0.0,0.0,580.0,0.00
0.320098,0.000000,,49.000000,-4.0,3.0,104.0,-0.002594,0.008241,0.0,0.0,0.0,0.0,0.0,0.0,0.0,0.0,580.0,0.00
0.330178,0.000000,,49.000000,0.0,3.0,107.0,-0.003151,0.008830,0.0,0.0,0.0,0.0,0.0,0.0,0.0,0.0,580.0,0.00
0.340095,0.000000,,49.000000,0.0,-1.0,106.0,-0.005987,0.007957,0.0,0.0,0.0,0.0,0.0,0.0,0.0,0.0,580.0,0.00
0.350124,0.000000,,49.000000,0.0,0.0,99.0,-0.006766,0.007828,0.0,0.0,0.0,0.0,0.0,0.0,0.0,0.0,580.0,0.00
0.360113,0.000000,,44.000000,3.0,-5.0,55.0,-0.000468,0.003954,0.0,0.0,0.0,0.0,0.0,0.0,0.0,0.0,580.0,0.00
0.370098,0.000000,,44.000000,-3.0,5.0,111.0,0.000186,0.004457,0.0,0.0,0.0,0.0,0.0,0.0,0.0,0.0,580.0,0.00
0.380143,0.000000,,44.000000,0.0,0.0,103.0,-0.004861,0.008099,0.0,0.0,0.0,0.0,0.0,0.0,0.0,0.0,580.0,0.00
0.390203,0.000000,,44.000000,0.0,-1.0,104.0,-0.003269,0.007615,0.0,0.0,0.0,0.0,0.0,0.0,0.0,0.0,580.0,0.00
0.400135,0.000000,,44.000000,0.0,3.0,76.0,-0.007329,0.007243,0.0,0.0,0.0,0.0,0.0,0.0,0.0,0.0,580.0,0.00
0.410137,0.000000,,48.000000,5.0,-5.0,56.0,-0.006821,0.007392,0.0,0.0,0.0,0.0,0.0,0.0,0.0,0.0,580.0,0.00
0.420139,0.000000,,48.000000,5.0,-5.0,56.0,-0.006821,0.007392,0.0,0.0,0.0,0.0,0.0,0.0,0.0,0.0,580.0,0.00
0.430139,0.000000,,48.000000,-5.0,2.0,105.0,-0.000920,0.007253,0.0,0.0,0.0,0.0,0.0,0.0,0.0,0.0,580.0,0.00
0.440120,0.000000,,48.000000,0.0,1.0,106.0,0.000697,0.007941,0.0,0.0,0.0,0.0,0.0,0.0,0.0,0.0,580.0,0.00
0.450100,0.000000,,48.000000,0.0,0.0,108.0,-0.000444,0.009019,0.0,0.0,0.0,0.0,0.0,0.0,0.0,0.0,580.0,0.00
0.460114,0.000000,,47.000000,3.0,-4.0,55.0,0.004313,0.005275,0.0,0.0,0.0,0.0,0.0,0.0,0.0,0.0,580.0,0.00
0.470120,0.000000,,47.000000,-3.0,3.0,101.0,0.003075,0.005810,0.0,0.0,0.0,0.0,0.0,0.0,0.0,0.0,580.0,0.00
0.480115,0.000000,,47.000000,0.0,0.0,105.0,-0.002839,0.009538,0.0,0.0,0.0,0.0,0.0,0.0,0.0,0.0,580.0,0.00
0.490126,0.000000,,47.000000,0.0,1.0,102.0,-0.006446,0.008605,0.0,0.0,0.0,0.0,0.0,0.0,0.0,0.0,580.0,0.00
0.500304,0.000000,,47.000000,4.0,-4.0,51.0,-0.003886,0.002312,0.0,0.0,0.0,0.0,0.0,0.0,0.0,0.0,580.0,0.00
0.510132,0.000000,,49.000000,1.0,0.0,59.0,-0.006099,0.001635,0.0,0.0,0.0,0.0,0.0,0.0,0.0,0.0,580.0,0.00
0.520113,0.000000,,49.000000,1.0,0.0,59.0,-0.006099,0.001635,0.0,0.0,0.0,0.0,0.0,0.0,0.0,0.0,580.0,0.00
0.530447,0.000000,,49.000000,-5.0,2.0,108.0,-0.008618,0.006286,0.0,0.0,0.0,0.0,0.0,0.0,0.0,0.0,580.0,0.00
0.540106,0.000000,,49.000000,1.0,-1.0,106.0,-0.007299,0.006336,0.0,0.0,0.0,0.0,0.0,0.0,0.0,0.0,580.0,0.00
0.550152,0.000000,,49.000000,0.0,3.0,100.0,-0.007705,0.004439,0.0,0.0,0.0,0.0,0.0,0.0,0.0,0.0,580.0,0.00
0.560819,0.000000,,49.000000,-1.0,2.0,72.0,-0.006680,0.005073,0.0,0.0,0.0,0.0,0.0,0.0,0.0,0.0,580.0,0.00
0.570093,0.000000,,47.000000,6.0,-6.0,57.0,-0.000329,-0.000510,0.0,0.0,0.0,0.0,0.0,0.0,0.0,0.0,580.0,0.00
0.580119,0.000000,,47.000000,-6.0,2.0,101.0,0.000241,0.000161,0.0,0.0,0.0,0.0,0.0,0.0,0.0,0.0,580.0,0.00
0.590107,0.000000,,47.000000,0.0,2.0,100.0,-0.003817,0.007972,0.0,0.0,0.0,0.0,0.0,0.0,0.0,0.0,580.0,0.00
0.600097,0.000000,,47.000000,0.0,2.0,93.0,-0.002674,0.008836,0.0,0.0,0.0,0.0,0.0,0.0,0.0,0.0,580.0,0.00
0.610097,0.000000,,47.000000,1.0,-5.0,56.0,0.002500,0.007040,0.0,0.0,0.0,0.0,0.0,0.0,0.0,0.0,580.0,0.00
0.620089,0.000000,,49.000000,2.0,-2.0,62.0,0.005047,0.002912,0.0,0.0,0.0,0.0,0.0,0.0,0.0,0.0,580.0,0.00
0.630170,0.000000,,49.000000,-2.0,5.0,101.0,-0.001091,0.005048,0.0,0.0,0.0,0.0,0.0,0.0,0.0,0.0,580.0,0.00
0.640128,0.000000,,49.000000,-1.0,0.0,103.0,-0.002526,0.004537,0.0,0.0,0.0,0.0,0.0,0.0,0.0,0.0,580.0,0.00
0.650099,0.000000,,49.000000,0.0,2.0,90.0,-0.008505,0.006018,0.0,0.0,0.0,0.0,0.0,0.0,0.0,0.0,580.0,0.00
0.660096,0.000000,,48.000000,0.0,-3.0,104.0,-0.008505,0.006018,0.0,0.0,0.0,0.0,0.0,0.0,0.0,0.0,580.0,0.00
0.670089,0.000000,,48.000000,0.0,3.0,90.0,-0.012150,0.007048,0.0,0.0,0.0,0.0,0.0,0.0,0.0,0.0,580.0,0.00
0.680534,0.000000,,48.000000,0.0,-3.0,105.0,-0.012150,0.007048,0.0,0.0,0.0,0.0,0.0,0.0,0.0,0.0,580.0,0.00
0.690123,0.000000,,48.000000,0.0,2.0,108.0,-0.009883,0.007295,0.0,0.0,0.0,0.0,0.0,0.0,0.0,0.0,580.0,0.00
0.700106,0.000000,,48.000000,2.0,-4.0,100.0,-0.009883,0.007295,0.0,0.0,0.0,0.0,0.0,0.0,0.0,0.0,580.0,0.00
0.710094,0.000000,,48.000000,0.0,0.0,55.0,-0.004121,0.004620,0.0,0.0,0.0,0.0,0.0,0.0,0.0,0.0,580.0,0.00
0.720082,0.000000,,47.000000,4.0,-1.0,60.0,-0.004183,0.004667,0.0,0.0,0.0,0.0,0.0,0.0,0.0,0.0,580.0,0.00
0.730086,0.000000,,47.000000,-6.0,2.0,98.0,-0.004904,0.006344,0.0,0.0,0.0,0.0,0.0,0.0,0.0,0.0,580.0,0.00
0.740091,0.000000,,47.000000,0.0,2.0,103.0,-0.004904,0.006344,0.0,0.0,0.0,0.0,0.0,0.0,0.0,0.0,580.0,0.00
0.750096,0.000000,,47.000000,0.0,1.0,109.0,-0.003334,0.005075,0.0,0.0,0.0,0.0,0.0,0.0,0.0,0.0,580.0,0.00
0.760237,0.000000,,47.000000,0.0,-2.0,102.0,-0.003334,0.005075,0.0,0.0,0.0,0.0,0.0,0.0,0.0,0.0,580.0,0.00
0.770167,0.000000,,49.000000,0.0,1.0,99.0,0.000193,0.004558,0.0,0.0,0.0,0.0,0.0,0.0,0.0,0.0,580.0,0.00
0.780133,0.000000,,49.000000,0.0,0.0,102.0,-0.000483,0.005225,0.0,0.0,0.0,0.0,0.0,0.0,0.0,0.0,580.0,0.00
0.790203,0.000000,,49.000000,0.0,0.0,105.0,-0.002054,0.006447,0.0,0.0,0.0,0.0,0.0,0.0,0.0,0.0,580.0,0.00
0.800205,0.000000,,49.000000,0.0,-1.0,97.0,-0.000849,0.007205,0.0,0.0,0.0,0.0,0.0,0.0,0.0,0.0,580.0,0.00
0.810131,0.000000,,49.000000,4.0,-2.0,60.0,0.002018,0.002399,0.0,0.0,0.0,0.0,0.0,0.0,0.0,0.0,580.0,0.00
0.820089,0.000000,,48.000000,1.0,-1.0,64.0,0.002332,0.001124,0.0,0.0,0.0,0.0,0.0,0.0,0.0,0.0,580.0,0.00
0.830205,0.000000,,48.000000,-5.0,6.0,96.0,-0.007388,0.006972,0.0,0.0,0.0,0.0,0.0,0.0,0.0,0.0,580.0,0.00
0.840096,0.000000,,48.000000,0.0,0.0,104.0,-0.010104,0.006668,0.0,0.0,0.0,0.0,0.0,0.0,0.0,0.0,580.0,0.00
0.850124,0.000000,,48.000000,0.0,-1.0,106.0,-0.009300,0.005858,0.0,0.0,0.0,0.0,0.0,0.0,0.0,0.0,580.0,0.00
0.860142,0.000000,,48.000000,0.0,-2.0,102.0,-0.005902,0.005184,0.0,0.0,0.0,0.0,0.0,0.0,0.0,0.0,580.0,0.00
0.870092,0.000000,,48.000000,1.0,-2.0,52.0,-0.001992,0.003634,0.0,0.0,0.0,0.0,0.0,0.0,0.0,0.0,580.0,0.00
0.880112,0.000000,,48.000000,-1.0,3.0,109.0,-0.004254,0.004581,0.0,0.0,0.0,0.0,0.0,0.0,0.0,0.0,580.0,0.00
0.890093,0.000000,,48.000000,0.0,0.0,108.0,-0.003537,0.004977,0.0,0.0,0.0,0.0,0.0,0.0,0.0,0.0,580.0,0.00
0.900173,0.000000,,48.000000,0.0,-1.0,103.0,-0.001524,0.005694,0.0,0.0,0.0,0.0,0.0,0.0,0.0,0.0,580.0,0.00
0.910113,0.000000,,48.000000,0.0,3.0,83.0,-0.005207,0.006640,0.0,0.0,0.0,0.0,0.0,0.0,0.0,0.0,580.0,0.00
0.920118,0.000000,,50.000000,1.0,-5.0,55.0,0.001133,0.006143,0.0,0.0,0.0,0.0,0.0,0.0,0.0,0.0,580.0,0.00
0.930125,0.000000,,50.000000,-1.0,3.0,109.0,-0.002575,0.008329,0.0,0.0,0.0,0.0,0.0,0.0,0.0,0.0,580.0,0.00
0.940089,0.000000,,50.000000,0.0,-1.0,106.0,-0.000822,0.009070,0.0,0.0,0.0,0.0,0.0,0.0,0.0,0.0,580.0,0.00
0.950114,0.000000,,50.000000,0.0,1.0,102.0,-0.002287,0.009253,0.0,0.0,0.0,0.0,0.0,0.0,0.0,0.0,580.0,0.00
0.960113,0.000000,,50.000000,0.0,0.0,100.0,-0.003361,0.009137,0.0,0.0,0.0,0.0,0.0,0.0,0.0,0.0,580.0,0.00
0.970098,0.000000,,46.000000,1.0,-4.0,60.0,0.000479,0.006405,0.0,0.0,0.0,0.0,0.0,0.0,0.0,0.0,580.0,0.00
0.980093,0.000000,,46.000000,-1.0,4.0,108.0,-0.004940,0.006234,0.0,0.0,0.0,0.0,0.0,0.0,0.0,0.0,580.0,0.00
0.990086,0.000000,,46.000000,0.0,-1.0,100.0,-0.003422,0.005244,0.0,0.0,0.0,0.0,0.0,0.0,0.0,0.0,580.0,0.00
1.000094,0.006250,,46.000000,0.0,1.0,105.0,-0.004429,0.005066,0.0,0.0,0.0,0.0,0.0,0.0,0.0,0.0,580.0,0.00
1.010767,0.012500,,46.000000,3.0,-4.0,56.0,0.000929,0.001754,0.0,0.0,0.0,0.0,0.0,0.0,0.0,0.0,580.0,0.00
1.020121,0.018750,,49.000000,0.0,0.0,58.0,0.001383,0.002156,0.0,0.0,0.0,0.0,0.0,0.0,0.0,0.0,580.0,0.00
1.030113,0.025000,,49.000000,-3.0,3.0,102.0,-0.002216,0.006596,0.0,0.0,0.0,0.0,0.0,0.0,0.0,0.0,580.0,0.00
1.040098,0.031250,,49.000000,0.0,0.0,103.0,-0.002545,0.007138,0.0,0.0,0.0,0.0,0.0,0.0,0.0,0.0,580.0,0.00
1.050133,0.037500,,49.000000,0.0,2.0,96.0,-0.006511,0.006961,0.0,0.0,0.0,0.0,0.0,0.0,0.0,0.0,580.0,0.00
1.060176,0.043750,,49.000000,1.0,3.0,63.0,-0.008936,0.006733,0.0,0.0,0.0,0.0,0.0,0.0,0.0,0.0,580.0,0.00
1.070113,0.050000,,47.000000,0.0,-7.0,59.0,-0.004324,0.004470,0.0,0.0,0.0,0.0,0.0,0.0,0.0,0.0,580.0,0.00
1.080153,0.056250,,47.000000,-1.0,1.0,103.0,-0.003981,0.004714,0.0,0.0,0.0,0.0,0.0,0.0,0.0,0.0,580.0,0.00
1.090136,0.062500,,47.000000,0.0,2.0,104.0,-0.005687,0.005903,0.0,0.0,0.0,0.0,0.0,0.0,0.0,0.0,580.0,0.00
1.100275,0.068750,,47.000000,0.0,0.0,105.0,-0.004805,0.006198,0.0,0.0,0.0,0.0,0.0,0.0,0.0,0.0,580.0,0.00
1.110168,0.075000,,47.000000,1.0,-3.0,61.0,-0.000593,0.004882,0.0,0.0,0.0,0.0,0.0,0.0,0.0,0.0,580.0,0.00
1.120123,0.081250,,47.000000,1.0,0.0,61.0,-0.000759,0.005681,0.0,0.0,0.0,0.0,0.0,0.0,0.0,0.0,580.0,0.00
1.130129,0.087500,,47.000000,-2.0,1.0,107.0,-0.001099,0.006816,0.0,0.0,0.0,0.0,0.0,0.0,0.0,0.0,580.0,0.00
1.140124,0.093750,,47.000000,0.0,2.0,107.0,0.000092,0.006670,0.0,0.0,0.0,0.0,0.0,0.0,0.0,0.0,580.0,0.00
1.150108,0.100000,,47.000000,0.0,1.0,89.0,-0.001902,0.005789,0.0,0.0,0.0,0.0,0.0,0.0,0.0,0.0,580.0,0.00
1.161219,0.106250,,46.000000,0.0,-2.0,99.0,-0.000805,0.004583,0.0,0.0,0.0,0.0,0.0,0.0,0.0,0.0,580.0,0.00
1.170131,0.112500,,46.000000,0.0,1.0,72.0,-0.002331,0.004696,0.0,0.0,0.0,0.0,0.0,0.0,0.0,0.0,580.0,0.00
1.180135,0.118750,,46.000000,0.0,0.0,102.0,-0.004797,0.005241,0.0,0.0,0.0,0.0,0.0,0.0,0.0,0.0,580.0,0.00
1.190129,0.125000,,46.000000,0.0,0.0,105.0,-0.005010,0.006205,0.0,0.0,0.0,0.0,0.0,0.0,0.0,0.0,580.0,0.00
1.200210,0.131250,,46.000000,0.0,-1.0,102.0,-0.003565,0.006449,0.0,0.0,0.0,0.0,0.0,0.0,0.0,0.0,580.0,0.00
1.210130,0.137500,,46.000000,0.0,-3.0,55.0,0.000366,0.006416,0.0,0.0,0.0,0.0,0.0,0.0,0.0,0.0,580.0,0.00
1.220121,0.143750,,49.000000,1.0,0.0,54.0,0.000540,0.004739,0.0,0.0,0.0,0.0,0.0,0.0,0.0,0.0,580.0,0.00
1.230141,0.150000,,49.000000,-1.0,3.0,102.0,-0.002933,0.005740,0.0,0.0,0.0,0.0,0.0,0.0,0.0,0.0,580.0,0.00
1.240262,0.156250,,49.000000,0.0,3.0,102.0,-0.006341,0.005110,0.0,0.0,0.0,0.0,0.0,0.0,0.0,0.0,580.0,0.00
1.250128,0.162500,,49.000000,0.0,-1.0,108.0,-0.005065,0.004702,0.0,0.0,0.0,0.0,0.0,0.0,0.0,0.0,580.0,0.00
1.260213,0.168750,,49.000000,0.0,-2.0,102.0,-0.003601,0.005188,0.0,0.0,0.0,0.0,0.0,0.0,0.0,0.0,580.0,0.00
1.270103,0.175000,,47.000000,0.0,0.0,98.0,-0.004684,0.006264,0.0,0.0,0.0,0.0,0.0,0.0,0.0,0.0,580.0,0.00
1.280121,0.181250,,47.000000,0.0,1.0,104.0,-0.005813,0.006843,0.0,0.0,0.0,0.0,0.0,0.0,0.0,0.0,580.0,0.00
1.290106,0.187500,,47.000000,0.0,0.0,106.0,-0.005035,0.007289,0.0,0.0,0.0,0.0,0.0,0.0,0.0,0.0,580.0,0.00
1.300119,0.193750,,47.000000,0.0,0.0,101.0,-0.004082,0.007436,0.0,0.0,0.0,0.0,0.0,0.0,0.0,0.0,580.0,0.00
1.310121,0.200000,,47.000000,3.0,-3.0,56.0,-0.000061,0.002814,0.0,0.0,0.0,0.0,0.0,0.0,0.0,0.0,580.0,0.00
1.320094,0.206250,,44.000000,-1.0,-2.0,58.0,0.000417,0.003735,0.0,0.0,0.0,0.0,0.0,0.0,0.0,0.0,580.0,0.00
1.330157,0.212500,,44.000000,-2.0,5.0,94.0,-0.007902,0.005780,0.0,0.0,0.0,0.0,0.0,0.0,0.0,0.0,580.0,0.00
1.340101,0.218750,,44.000000,0.0,0.0,101.0,-0.008072,0.005711,0.0,0.0,0.0,0.0,0.0,0.0,0.0,0.0,580.0,0.00
1.350108,0.225000,,44.000000,-1.0,0.0,108.0,-0.006363,0.006783,0.0,0.0,0.0,0.0,0.0,0.0,0.0,0.0,580.0,0.00
1.360116,0.231250,,44.000000,0.0,0.0,103.0,-0.005000,0.007046,0.0,0.0,0.0,0.0,0.0,0.0,0.0,0.0,580.0,0.00
1.370096,0.237500,,44.000000,2.0,-3.0,60.0,0.000381,0.003962,0.0,0.0,0.0,0.0,0.0,0.0,0.0,0.0,580.0,0.00
1.380105,0.243750,,44.000000,-1.0,3.0,106.0,-0.003356,0.005705,0.0,0.0,0.0,0.0,0.0,0.0,0.0,0.0,580.0,0.00
1.390145,0.250000,,44.000000,0.0,0.0,104.0,-0.003347,0.006556,0.0,0.0,0.0,0.0,0.0,0.0,0.0,0.0,580.0,0.00
1.400120,0.256250,,44.000000,0.0,-1.0,103.0,-0.002772,0.007050,0.0,0.0,0.0,0.0,0.0,0.0,0.0,0.0,580.0,0.00
1.410132,0.262500,,44.000000,0.0,2.0,86.0,-0.007120,0.007633,0.0,0.0,0.0,0.0,0.0,0.0,0.0,0.0,580.0,0.00
1.420111,0.268750,,46.000000,3.0,-5.0,53.0,-0.002109,0.003637,0.0,0.0,0.0,0.0,0.0,0.0,0.0,0.0,580.0,0.00
1.430136,0.275000,,46.000000,-3.0,4.0,108.0,-0.009582,0.007820,0.0,0.0,0.0,0.0,0.0,0.0,0.0,0.0,580.0,0.00
1.440096,0.281250,,46.000000,0.0,1.0,101.0,-0.011752,0.006919,0.0,0.0,0.0,0.0,0.0,0.0,0.0,0.0,580.0,0.00
1.450126,0.287500,,46.000000,0.0,0.0,106.0,-0.011576,0.006038,0.0,0.0,0.0,0.0,0.0,0.0,0.0,0.0,580.0,0.00
1.460153,0.293750,,46.000000,0.0,1.0,97.0,-0.010434,0.005134,0.0,0.0,0.0,0.0,0.0,0.0,0.0,0.0,580.0,0.00
1.470180,0.300000,,43.000000,1.0,-6.0,59.0,0.000500,0.002903,0.0,0.0,0.0,0.0,0.0,0.0,0.0,0.0,580.0,0.00
1.480204,0.306250,,43.000000,-1.0,4.0,98.0,-0.003221,0.004145,0.0,0.0,0.0,0.0,0.0,0.0,0.0,0.0,580.0,0.00
1.490287,0.312500,,43.000000,0.0,0.0,108.0,-0.002383,0.005195,0.0,0.0,0.0,0.0,0.0,0.0,0.0,0.0,580.0,0.00
1.500123,0.318750,,43.000000,0.0,0.0,102.0,-0.002187,0.005937,0.0,0.0,0.0,0.0,0.0,0.0,0.0,0.0,580.0,0.00
1.510128,0.325000,,43.000000,2.0,-4.0,62.0,0.003113,0.002912,0.0,0.0,0.0,0.0,0.0,0.0,0.0,0.0,580.0,0.00
1.520106,0.331250,,44.000000,1.0,-1.0,59.0,0.003408,0.001586,0.0,0.0,0.0,0.0,0.0,0.0,0.0,0.0,580.0,0.00
1.530147,0.337500,,44.000000,-3.0,7.0,104.0,-0.006772,0.006018,0.0,0.0,0.0,0.0,0.0,0.0,0.0,0.0,580.0,0.00
1.541142,0.343750,,44.000000,0.0,-2.0,106.0,-0.004282,0.005424,0.0,0.0,0.0,0.0,0.0,0.0,0.0,0.0,580.0,0.00
1.550113,0.350000,,44.000000,0.0,2.0,85.0,-0.007771,0.005545,0.0,0.0,0.0,0.0,0.0,0.0,0.0,0.0,580.0,0.00
1.560123,0.356250,,44.000000,0.0,-1.0,101.0,-0.007542,0.005664,0.0,0.0,0.0,0.0,0.0,0.0,0.0,0.0,580.0,0.00
1.570107,0.362500,,48.000000,5.0,-4.0,60.0,-0.002481,-0.000927,0.0,0.0,0.0,0.0,0.0,0.0,0.0,0.0,580.0,0.00
1.580149,0.368750,,48.000000,-5.0,2.0,104.0,-0.002074,-0.001054,0.0,0.0,0.0,0.0,0.0,0.0,0.0,0.0,580.0,0.00
1.590115,0.375000,,48.000000,0.0,1.0,102.0,-0.003859,0.006482,0.0,0.0,0.0,0.0,0.0,0.0,0.0,0.0,580.0,0.00
1.600121,0.381250,,48.000000,0.0,2.0,106.0,-0.006959,0.006714,0.0,0.0,0.0,0.0,0.0,0.0,0.0,0.0,580.0,0.00
1.610148,0.387500,,48.000000,3.0,-5.0,53.0,-0.000440,0.003008,0.0,0.0,0.0,0.0,0.0,0.0,0.0,0.0,580.0,0.00
1.620290,0.393750,,45.000000,0.0,0.0,61.0,-0.000138,0.003521,0.0,0.0,0.0,0.0,0.0,0.0,0.0,0.0,580.0,0.00
1.630146,0.400000,,45.000000,-3.0,3.0,103.0,-0.003116,0.007478,0.0,0.0,0.0,0.0,0.0,0.0,0.0,0.0,580.0,0.00
1.640136,0.406250,,45.000000,0.0,3.0,104.0,-0.006779,0.007355,0.0,0.0,0.0,0.0,0.0,0.0,0.0,0.0,580.0,0.00
1.650882,0.412500,,45.000000,0.0,0.0,93.0,-0.008606,0.007570,0.0,0.0,0.0,0.0,0.0,0.0,0.0,0.0,580.0,0.00
1.660211,0.418750,,45.000000,0.0,-2.0,101.0,-0.006794,0.007471,0.0,0.0,0.0,0.0,0.0,0.0,0.0,0.0,580.0,0.00
1.670102,0.425000,,47.000000,0.0,1.0,75.0,-0.007324,0.007094,0.0,0.0,0.0,0.0,0.0,0.0,0.0,0.0,580.0,0.00
1.680387,0.431250,,47.000000,0.0,-1.0,104.0,-0.004946,0.006019,0.0,0.0,0.0,0.0,0.0,0.0,0.0,0.0,580.0,0.00
1.690105,0.437500,,47.000000,0.0,0.0,111.0,-0.003954,0.005854,0.0,0.0,0.0,0.0,0.0,0.0,0.0,0.0,580.0,0.00
1.700142,0.443750,,47.000000,0.0,0.0,105.0,-0.003478,0.006279,0.0,0.0,0.0,0.0,0.0,0.0,0.0,0.0,580.0,0.00
1.710152,0.450000,,47.000000,1.0,-5.0,56.0,0.003480,0.005166,0.0,0.0,0.0,0.0,0.0,0.0,0.0,0.0,580.0,0.00
1.720102,0.456250,,44.000000,1.0,0.0,57.0,0.002923,0.004226,0.0,0.0,0.0,0.0,0.0,0.0,0.0,0.0,580.0,0.00
1.730174,0.462500,,44.000000,-2.0,4.0,105.0,-0.004148,0.006580,0.0,0.0,0.0,0.0,0.0,0.0,0.0,0.0,580.0,0.00
1.740141,0.468750,,44.000000,0.0,2.0,104.0,-0.008974,0.006305,0.0,0.0,0.0,0.0,0.0,0.0,0.0,0.0,580.0,0.00
1.750465,0.475000,,44.000000,-1.0,-1.0,101.0,-0.009243,0.006162,0.0,0.0,0.0,0.0,0.0,0.0,0.0,0.0,580.0,0.00
1.760154,0.481250,,45.000000,0.0,0.0,102.0,-0.009138,0.005435,0.0,0.0,0.0,0.0,0.0,0.0,0.0,0.0,580.0,0.00
1.770103,0.487500,,45.000000,0.0,2.0,105.0,-0.009555,0.004764,0.0,0.0,0.0,0.0,0.0,0.0,0.0,0.0,580.0,0.00
1.780155,0.493750,,45.000000,0.0,2.0,105.0,-0.009555,0.004764,0.0,0.0,0.0,0.0,0.0,0.0,0.0,0.0,580.0,0.00
1.790186,0.500000,,45.000000,0.0,0.0,105.0,-0.007436,0.004711,0.0,0.0,0.0,0.0,0.0,0.0,0.0,0.0,580.0,0.00
1.800132,0.506250,,45.000000,0.0,-1.0,104.0,-0.004358,0.005099,0.0,0.0,0.0,0.0,0.0,0.0,0.0,0.0,580.0,0.00
1.810134,0.512500,,45.000000,0.0,1.0,105.0,-0.006323,0.005808,0.0,0.0,0.0,0.0,0.0,0.0,0.0,0.0,580.0,0.00
1.820126,0.518750,,47.000000,2.0,-6.0,59.0,0.000880,0.003966,0.0,0.0,0.0,0.0,0.0,0.0,0.0,0.0,580.0,0.00
1.830114,0.525000,,47.000000,-1.0,6.0,107.0,-0.007578,0.006109,0.0,0.0,0.0,0.0,0.0,0.0,0.0,0.0,580.0,0.00
1.840136,0.531250,,47.000000,0.0,-1.0,103.0,-0.006379,0.005886,0.0,0.0,0.0,0.0,0.0,0.0,0.0,0.0,580.0,0.00
1.850127,0.537500,,47.000000,0.0,0.0,106.0,-0.007562,0.005249,0.0,0.0,0.0,0.0,0.0,0.0,0.0,0.0,580.0,0.00
1.860160,0.543750,,47.000000,0.0,0.0,106.0,-0.008992,0.004636,0.0,0.0,0.0,0.0,0.0,0.0,0.0,0.0,580.0,0.00
1.870108,0.550000,,45.000000,0.0,-4.0,60.0,-0.003238,0.004225,0.0,0.0,0.0,0.0,0.0,0.0,0.0,0.0,580.0,0.00
1.880166,0.556250,,45.000000,-1.0,4.0,108.0,-0.007871,0.005528,0.0,0.0,0.0,0.0,0.0,0.0,0.0,0.0,580.0,0.00
1.890077,0.562500,,45.000000,0.0,0.0,105.0,-0.007863,0.005474,0.0,0.0,0.0,0.0,0.0,0.0,0.0,0.0,580.0,0.00
1.900142,0.568750,,45.000000,0.0,0.0,98.0,-0.008184,0.005936,0.0,0.0,0.0,0.0,0.0,0.0,0.0,0.0,580.0,0.00
1.910124,0.575000,,45.000000,2.0,-4.0,59.0,-0.001710,0.003260,0.0,0.0,0.0,0.0,0.0,0.0,0.0,0.0,580.0,0.00
1.920082,0.581250,,47.000000,-1.0,0.0,61.0,-0.001657,0.004757,0.0,0.0,0.0,0.0,0.0,0.0,0.0,0.0,580.0,0.00
1.930155,0.587500,,47.000000,0.0,2.0,101.0,-0.004816,0.004149,0.0,0.0,0.0,0.0,0.0,0.0,0.0,0.0,580.0,0.00
1.940130,0.593750,,47.000000,-1.0,1.0,105.0,-0.006712,0.004622,0.0,0.0,0.0,0.0,0.0,0.0,0.0,0.0,580.0,0.00
1.950116,0.600000,,47.000000,0.0,1.0,107.0,-0.007684,0.003899,0.0,0.0,0.0,0.0,0.0,0.0,0.0,0.0,580.0,0.00
1.960165,0.606250,,47.000000,-1.0,4.0,91.0,-0.011501,0.005090,0.0,0.0,0.0,0.0,0.0,0.0,0.0,0.0,580.0,0.00
1.970129,0.612500,,47.000000,3.0,-9.0,57.0,0.001970,0.000556,0.0,0.0,0.0,0.0,0.0,0.0,0.0,0.0,580.0,0.00
1.980173,0.618750,,47.000000,-1.0,6.0,104.0,-0.006236,0.001771,0.0,0.0,0.0,0.0,0.0,0.0,0.0,0.0,580.0,0.00
1.990155,0.625000,,47.000000,-1.0,0.0,104.0,-0.007030,0.003382,0.0,0.0,0.0,0.0,0.0,0.0,0.0,0.0,580.0,0.00
2.000216,0.625000,,47.000000,0.0,0.0,103.0,-0.008473,0.004628,0.0,0.0,0.0,0.0,0.0,0.0,0.0,0.0,580.0,0.00
2.010151,0.625000,,47.000000,0.0,-3.0,57.0,-0.009932,0.006137,0.0,0.0,0.0,0.0,0.0,0.0,0.0,0.0,580.0,0.00
2.020158,0.625000,,49.000000,0.0,0.0,59.0,-0.006238,0.006654,0.0,0.0,0.0,0.0,0.0,0.0,0.0,0.0,580.0,0.00
2.031009,0.625000,,49.000000,0.0,0.0,108.0,-0.008443,0.007403,0.0,0.0,0.0,0.0,0.0,0.0,0.0,0.0,580.0,0.00
2.040128,0.625000,,49.000000,0.0,0.0,82.0,-0.007363,0.007306,0.0,0.0,0.0,0.0,0.0,0.0,0.0,0.0,580.0,0.00
2.050160,0.625000,,49.000000,0.0,-1.0,102.0,-0.004209,0.006493,0.0,0.0,0.0,0.0,0.0,0.0,0.0,0.0,580.0,0.00
2.060230,0.625000,,44.000000,0.0,-1.0,102.0,-0.004209,0.006493,0.0,0.0,0.0,0.0,0.0,0.0,0.0,0.0,580.0,0.00
2.070127,0.625000,,44.000000,0.0,-4.0,55.0,0.002650,0.005497,0.0,0.0,0.0,0.0,0.0,0.0,0.0,0.0,580.0,0.00
2.080210,0.625000,,44.000000,0.0,6.0,102.0,-0.006471,0.003767,0.0,0.0,0.0,0.0,0.0,0.0,0.0,0.0,580.0,0.00
2.090147,0.625000,,44.000000,0.0,-1.0,103.0,-0.006222,0.002452,0.0,0.0,0.0,0.0,0.0,0.0,0.0,0.0,580.0,0.00
2.100176,0.625000,,44.000000,0.0,1.0,99.0,-0.008006,0.001856,0.0,0.0,0.0,0.0,0.0,0.0,0.0,0.0,580.0,0.00
2.110144,0.625000,,44.000000,1.0,-6.0,59.0,0.000736,0.000716,0.0,0.0,0.0,0.0,0.0,0.0,0.0,0.0,580.0,0.00
2.120375,0.625000,,45.000000,1.0,0.0,56.0,0.000876,0.000667,0.0,0.0,0.0,0.0,0.0,0.0,0.0,0.0,580.0,0.00
2.130199,0.625000,,45.000000,-1.0,3.0,105.0,-0.004405,0.003424,0.0,0.0,0.0,0.0,0.0,0.0,0.0,0.0,580.0,0.00
2.140139,0.625000,,45.000000,-1.0,1.0,99.0,-0.007113,0.005848,0.0,0.0,0.0,0.0,0.0,0.0,0.0,0.0,580.0,0.00
2.150276,0.625000,,45.000000,0.0,4.0,101.0,-0.012217,0.006250,0.0,0.0,0.0,0.0,0.0,0.0,0.0,0.0,580.0,0.00
2.160138,0.625000,,48.000000,0.0,1.0,103.0,-0.008049,0.004880,0.0,0.0,0.0,0.0,0.0,0.0,0.0,0.0,580.0,0.00
2.170140,0.625000,,48.000000,0.0,-1.0,106.0,-0.006803,0.003741,0.0,0.0,0.0,0.0,0.0,0.0,0.0,0.0,580.0,0.00
2.180151,0.625000,,48.000000,0.0,0.0,102.0,-0.007920,0.002622,0.0,0.0,0.0,0.0,0.0,0.0,0.0,0.0,580.0,0.00
2.190131,0.625000,,48.000000,0.0,-1.0,98.0,-0.006161,0.001646,0.0,0.0,0.0,0.0,0.0,0.0,0.0,0.0,580.0,0.00
2.200160,0.625000,,48.000000,1.0,-3.0,60.0,-0.000431,-0.000225,0.0,0.0,0.0,0.0,0.0,0.0,0.0,0.0,580.0,0.00
2.210130,0.625000,,46.000000,-1.0,-2.0,57.0,0.003235,0.000862,0.0,0.0,0.0,0.0,0.0,0.0,0.0,0.0,580.0,0.00
2.220176,0.625000,,46.000000,0.0,5.0,108.0,-0.002844,0.001397,0.0,0.0,0.0,0.0,0.0,0.0,0.0,0.0,580.0,0.00
2.230401,0.625000,,46.000000,0.0,0.0,103.0,-0.003157,0.002415,0.0,0.0,0.0,0.0,0.0,0.0,0.0,0.0,580.0,0.00
2.240150,0.625000,,46.000000,0.0,1.0,105.0,-0.005040,0.003544,0.0,0.0,0.0,0.0,0.0,0.0,0.0,0.0,580.0,0.00
2.250188,0.625000,,46.000000,0.0,-1.0,104.0,-0.004743,0.004633,0.0,0.0,0.0,0.0,0.0,0.0,0.0,0.0,580.0,0.00
2.260172,0.625000,,49.000000,0.0,2.0,106.0,-0.008475,0.005115,0.0,0.0,0.0,0.0,0.0,0.0,0.0,0.0,580.0,0.00
2.270168,0.625000,,49.000000,0.0,0.0,104.0,-0.009782,0.005028,0.0,0.0,0.0,0.0,0.0,0.0,0.0,0.0,580.0,0.00
2.280147,0.625000,,49.000000,0.0,0.0,105.0,-0.009922,0.004751,0.0,0.0,0.0,0.0,0.0,0.0,0.0,0.0,580.0,0.00
2.290144,0.625000,,49.000000,0.0,-2.0,101.0,-0.005086,0.003729,0.0,0.0,0.0,0.0,0.0,0.0,0.0,0.0,580.0,0.00
2.300189,0.625000,,49.000000,0.0,1.0,104.0,-0.004153,0.002743,0.0,0.0,0.0,0.0,0.0,0.0,0.0,0.0,580.0,0.00
2.310159,0.625000,,44.000000,1.0,-6.0,59.0,0.004842,0.000892,0.0,0.0,0.0,0.0,0.0,0.0,0.0,0.0,580.0,0.00
2.320143,0.625000,,44.000000,0.0,7.0,100.0,-0.004056,0.001207,0.0,0.0,0.0,0.0,0.0,0.0,0.0,0.0,580.0,0.00
2.330178,0.625000,,44.000000,-1.0,-2.0,104.0,-0.001455,0.002842,0.0,0.0,0.0,0.0,0.0,0.0,0.0,0.0,580.0,0.00
2.340179,0.625000,,44.000000,0.0,0.0,107.0,-0.002521,0.003876,0.0,0.0,0.0,0.0,0.0,0.0,0.0,0.0,580.0,0.00
2.350152,0.625000,,44.000000,0.0,0.0,106.0,-0.004068,0.004715,0.0,0.0,0.0,0.0,0.0,0.0,0.0,0.0,580.0,0.00
2.360162,0.625000,,48.000000,0.0,-3.0,63.0,-0.001230,0.004453,0.0,0.0,0.0,0.0,0.0,0.0,0.0,0.0,580.0,0.00
2.370171,0.625000,,48.000000,0.0,5.0,103.0,-0.008647,0.004451,0.0,0.0,0.0,0.0,0.0,0.0,0.0,0.0,580.0,0.00
2.380199,0.625000,,48.000000,0.0,0.0,104.0,-0.008300,0.004176,0.0,0.0,0.0,0.0,0.0,0.0,0.0,0.0,580.0,0.00
2.390134,0.625000,,48.000000,0.0,-2.0,103.0,-0.004162,0.003351,0.0,0.0,0.0,0.0,0.0,0.0,0.0,0.0,580.0,0.00
2.400098,0.625000,,48.000000,0.0,2.0,76.0,-0.006180,0.002989,0.0,0.0,0.0,0.0,0.0,0.0,0.0,0.0,580.0,0.00
2.410161,0.625000,,45.000000,1.0,-5.0,60.0,0.001495,0.001587,0.0,0.0,0.0,0.0,0.0,0.0,0.0,0.0,580.0,0.00
2.420079,0.625000,,45.000000,0.0,1.0,106.0,-0.000408,0.001594,0.0,0.0,0.0,0.0,0.0,0.0,0.0,0.0,580.0,0.00
2.430149,0.625000,,45.000000,-1.0,0.0,105.0,-0.001953,0.003244,0.0,0.0,0.0,0.0,0.0,0.0,0.0,0.0,580.0,0.00
2.440217,0.625000,,45.000000,0.0,4.0,104.0,-0.008241,0.003936,0.0,0.0,0.0,0.0,0.0,0.0,0.0,0.0,580.0,0.00
2.450161,0.625000,,45.000000,0.0,-1.0,81.0,-0.007420,0.003809,0.0,0.0,0.0,0.0,0.0,0.0,0.0,0.0,580.0,0.00
2.460138,0.625000,,45.000000,0.0,-4.0,61.0,-0.002225,0.003699,0.0,0.0,0.0,0.0,0.0,0.0,0.0,0.0,580.0,0.00
2.470122,0.625000,,45.000000,0.0,5.0,104.0,-0.007353,0.004040,0.0,0.0,0.0,0.0,0.0,0.0,0.0,0.0,580.0,0.00
2.480092,0.625000,,45.000000,0.0,0.0,105.0,-0.006368,0.004335,0.0,0.0,0.0,0.0,0.0,0.0,0.0,0.0,580.0,0.00
2.490112,0.625000,,45.000000,0.0,-1.0,106.0,-0.004515,0.004699,0.0,0.0,0.0,0.0,0.0,0.0,0.0,0.0,580.0,0.00
2.500608,0.625000,,45.000000,0.0,-1.0,106.0,-0.004515,0.004699,0.0,0.0,0.0,0.0,0.0,0.0,0.0,0.0,580.0,0.00
2.510157,0.625000,,45.000000,0.0,-4.0,55.0,0.000227,0.004811,0.0,0.0,0.0,0.0,0.0,0.0,0.0,0.0,580.0,0.00
2.520123,0.625000,,48.000000,1.0,-1.0,66.0,0.002029,0.003132,0.0,0.0,0.0,0.0,0.0,0.0,0.0,0.0,580.0,0.00
2.530153,0.625000,,48.000000,0.0,4.0,103.0,-0.001685,0.002880,0.0,0.0,0.0,0.0,0.0,0.0,0.0,0.0,580.0,0.00
2.540153,0.625000,,48.000000,-1.0,3.0,104.0,-0.004616,0.003683,0.0,0.0,0.0,0.0,0.0,0.0,0.0,0.0,580.0,0.00
2.550163,0.625000,,48.000000,0.0,-2.0,80.0,-0.002717,0.003318,0.0,0.0,0.0,0.0,0.0,0.0,0.0,0.0,580.0,0.00
2.560162,0.625000,,48.000000,0.0,0.0,101.0,-0.004508,0.003323,0.0,0.0,0.0,0.0,0.0,0.0,0.0,0.0,580.0,0.00
2.570268,0.625000,,48.000000,0.0,-4.0,62.0,-0.000686,0.003136,0.0,0.0,0.0,0.0,0.0,0.0,0.0,0.0,580.0,0.00
2.580159,0.625000,,48.000000,0.0,1.0,102.0,-0.003262,0.003680,0.0,0.0,0.0,0.0,0.0,0.0,0.0,0.0,580.0,0.00
2.590091,0.625000,,48.000000,0.0,3.0,105.0,-0.008104,0.004366,0.0,0.0,0.0,0.0,0.0,0.0,0.0,0.0,580.0,0.00
2.600249,0.625000,,48.000000,0.0,1.0,106.0,-0.009974,0.004936,0.0,0.0,0.0,0.0,0.0,0.0,0.0,0.0,580.0,0.00
2.610113,0.625000,,48.000000,1.0,-7.0,63.0,-0.001647,0.003779,0.0,0.0,0.0,0.0,0.0,0.0,0.0,0.0,580.0,0.00
2.620150,0.625000,,48.000000,0.0,1.0,60.0,-0.003072,0.003498,0.0,0.0,0.0,0.0,0.0,0.0,0.0,0.0,580.0,0.00
2.630269,0.625000,,48.000000,0.0,2.0,101.0,-0.004751,0.002498,0.0,0.0,0.0,0.0,0.0,0.0,0.0,0.0,580.0,0.00
2.640376,0.625000,,48.000000,-1.0,4.0,106.0,-0.008451,0.002665,0.0,0.0,0.0,0.0,0.0,0.0,0.0,0.0,580.0,0.00
2.650169,0.625000,,48.000000,0.0,0.0,101.0,-0.008338,0.001759,0.0,0.0,0.0,0.0,0.0,0.0,0.0,0.0,580.0,0.00
2.660136,0.625000,,48.000000,0.0,-1.0,101.0,-0.007192,0.001525,0.0,0.0,0.0,0.0,0.0,0.0,0.0,0.0,580.0,0.00
2.670144,0.625000,,48.000000,0.0,3.0,89.0,-0.011492,0.001902,0.0,0.0,0.0,0.0,0.0,0.0,0.0,0.0,580.0,0.00
2.680460,0.625000,,48.000000,0.0,-3.0,108.0,-0.007538,0.002491,0.0,0.0,0.0,0.0,0.0,0.0,0.0,0.0,580.0,0.00
2.690146,0.625000,,48.000000,0.0,1.0,106.0,-0.007245,0.003506,0.0,0.0,0.0,0.0,0.0,0.0,0.0,0.0,580.0,0.00
2.700142,0.625000,,48.000000,0.0,0.0,103.0,-0.006216,0.004218,0.0,0.0,0.0,0.0,0.0,0.0,0.0,0.0,580.0,0.00
2.710222,0.625000,,46.000000,2.0,-5.0,52.0,-0.000238,0.001834,0.0,0.0,0.0,0.0,0.0,0.0,0.0,0.0,580.0,0.00
2.720120,0.625000,,46.000000,0.0,0.0,56.0,-0.001434,0.002482,0.0,0.0,0.0,0.0,0.0,0.0,0.0,0.0,580.0,0.00
2.730131,0.625000,,46.000000,0.0,2.0,98.0,-0.009297,0.006039,0.0,0.0,0.0,0.0,0.0,0.0,0.0,0.0,580.0,0.00
2.740111,0.625000,,46.000000,0.0,0.0,108.0,-0.008314,0.006663,0.0,0.0,0.0,0.0,0.0,0.0,0.0,0.0,580.0,0.00
2.750088,0.625000,,46.000000,0.0,-3.0,104.0,-0.002617,0.006193,0.0,0.0,0.0,0.0,0.0,0.0,0.0,0.0,580.0,0.00
2.760122,0.625000,,50.000000,2.0,-3.0,56.0,0.002539,0.002758,0.0,0.0,0.0,0.0,0.0,0.0,0.0,0.0,580.0,0.00
2.770097,0.625000,,50.000000,-1.0,5.0,102.0,-0.003987,0.003740,0.0,0.0,0.0,0.0,0.0,0.0,0.0,0.0,580.0,0.00
2.780141,0.625000,,50.000000,-1.0,0.0,106.0,-0.003472,0.004539,0.0,0.0,0.0,0.0,0.0,0.0,0.0,0.0,580.0,0.00
2.790148,0.625000,,50.000000,0.0,0.0,105.0,-0.004259,0.004467,0.0,0.0,0.0,0.0,0.0,0.0,0.0,0.0,580.0,0.00
2.800111,0.625000,,50.000000,0.0,0.0,97.0,-0.005678,0.004454,0.0,0.0,0.0,0.0,0.0,0.0,0.0,0.0,580.0,0.00
2.810127,0.625000,,46.000000,1.0,-3.0,55.0,-0.002454,0.002567,0.0,0.0,0.0,0.0,0.0,0.0,0.0,0.0,580.0,0.00
2.820113,0.625000,,46.000000,-1.0,2.0,100.0,-0.006337,0.003228,0.0,0.0,0.0,0.0,0.0,0.0,0.0,0.0,580.0,0.00
2.830114,0.625000,,46.000000,0.0,0.0,103.0,-0.006880,0.003165,0.0,0.0,0.0,0.0,0.0,0.0,0.0,0.0,580.0,0.00
2.840661,0.625000,,46.000000,0.0,0.0,103.0,-0.006880,0.003165,0.0,0.0,0.0,0.0,0.0,0.0,0.0,0.0,580.0,0.00
2.850430,0.625000,,46.000000,0.0,2.0,104.0,-0.006033,0.003723,0.0,0.0,0.0,0.0,0.0,0.0,0.0,0.0,580.0,0.00
2.860138,0.625000,,48.000000,0.0,2.0,104.0,-0.006033,0.003723,0.0,0.0,0.0,0.0,0.0,0.0,0.0,0.0,580.0,0.00
2.870280,0.625000,,48.000000,0.0,5.0,108.0,-0.006624,0.004076,0.0,0.0,0.0,0.0,0.0,0.0,0.0,0.0,580.0,0.00
2.880143,0.625000,,48.000000,0.0,0.0,104.0,-0.008578,0.004216,0.0,0.0,0.0,0.0,0.0,0.0,0.0,0.0,580.0,0.00
2.890132,0.625000,,48.000000,0.0,0.0,101.0,-0.011419,0.004295,0.0,0.0,0.0,0.0,0.0,0.0,0.0,0.0,580.0,0.00
2.900171,0.625000,,48.000000,0.0,0.0,101.0,-0.011419,0.004295,0.0,0.0,0.0,0.0,0.0,0.0,0.0,0.0,580.0,0.00
2.910171,0.625000,,48.000000,0.0,0.0,70.0,-0.013206,0.004487,0.0,0.0,0.0,0.0,0.0,0.0,0.0,0.0,580.0,0.00
2.920126,0.625000,,47.000000,0.0,-11.0,61.0,0.005256,0.004391,0.0,0.0,0.0,0.0,0.0,0.0,0.0,0.0,580.0,0.00
2.930854,0.625000,,47.000000,0.0,9.0,104.0,-0.006852,0.005030,0.0,0.0,0.0,0.0,0.0,0.0,0.0,0.0,580.0,0.00
2.940154,0.625000,,47.000000,0.0,-1.0,105.0,-0.002961,0.005334,0.0,0.0,0.0,0.0,0.0,0.0,0.0,0.0,580.0,0.00
2.950180,0.625000,,47.000000,0.0,5.0,102.0,-0.008687,0.005245,0.0,0.0,0.0,0.0,0.0,0.0,0.0,0.0,580.0,0.00
2.960146,0.625000,,46.000000,0.0,0.0,67.0,-0.008303,0.005357,0.0,0.0,0.0,0.0,0.0,0.0,0.0,0.0,580.0,0.00
2.970155,0.625000,,46.000000,0.0,8.0,108.0,-0.004466,0.004567,0.0,0.0,0.0,0.0,0.0,0.0,0.0,0.0,580.0,0.00
2.980165,0.625000,,46.000000,0.0,0.0,104.0,-0.005706,0.004658,0.0,0.0,0.0,0.0,0.0,0.0,0.0,0.0,580.0,0.00
2.990148,0.625000,,46.000000,0.0,1.0,109.0,-0.008610,0.004468,0.0,0.0,0.0,0.0,0.0,0.0,0.0,0.0,580.0,0.00
3.000159,0.625000,,46.000000,0.0,-5.0,61.0,-0.001700,0.004418,0.0,0.0,0.0,0.0,0.0,0.0,0.0,0.0,580.0,0.00
3.010160,0.625000,,49.000000,0.0,0.0,61.0,-0.001252,0.005139,0.0,0.0,0.0,0.0,0.0,0.0,0.0,0.0,580.0,0.00
3.020195,0.625000,,49.000000,0.0,3.0,106.0,-0.005357,0.005323,0.0,0.0,0.0,0.0,0.0,0.0,0.0,0.0,580.0,0.00
3.030211,0.625000,,49.000000,0.0,3.0,101.0,-0.010449,0.005197,0.0,0.0,0.0,0.0,0.0,0.0,0.0,0.0,580.0,0.00
3.040128,0.625000,,49.000000,0.0,0.0,83.0,-0.012315,0.005628,0.0,0.0,0.0,0.0,0.0,0.0,0.0,0.0,580.0,0.00
3.050131,0.625000,,49.000000,0.0,-2.0,100.0,-0.010005,0.005219,0.0,0.0,0.0,0.0,0.0,0.0,0.0,0.0,580.0,0.00
3.060410,0.625000,,45.000000,0.0,2.0,91.0,-0.013066,0.005030,0.0,0.0,0.0,0.0,0.0,0.0,0.0,0.0,580.0,0.00
3.070130,0.625000,,45.000000,0.0,-4.0,101.0,-0.007524,0.004954,0.0,0.0,0.0,0.0,0.0,0.0,0.0,0.0,580.0,0.00
3.080185,0.625000,,45.000000,0.0,0.0,107.0,-0.007670,0.005272,0.0,0.0,0.0,0.0,0.0,0.0,0.0,0.0,580.0,0.00
3.090294,0.625000,,45.000000,0.0,2.0,102.0,-0.009594,0.004843,0.0,0.0,0.0,0.0,0.0,0.0,0.0,0.0,580.0,0.00
3.100143,0.625000,,45.000000,0.0,-3.0,52.0,-0.003574,0.004154,0.0,0.0,0.0,0.0,0.0,0.0,0.0,0.0,580.0,0.00
3.110312,0.625000,,48.000000,0.0,-2.0,55.0,0.001286,0.003982,0.0,0.0,0.0,0.0,0.0,0.0,0.0,0.0,580.0,0.00
3.120188,0.625000,,48.000000,-2.0,9.0,102.0,-0.010409,0.006951,0.0,0.0,0.0,0.0,0.0,0.0,0.0,0.0,580.0,0.00
3.130176,0.625000,,48.000000,1.0,-4.0,103.0,-0.005556,0.005187,0.0,0.0,0.0,0.0,0.0,0.0,0.0,0.0,580.0,0.00
3.140145,0.625000,,48.000000,-2.0,4.0,105.0,-0.011538,0.007441,0.0,0.0,0.0,0.0,0.0,0.0,0.0,0.0,580.0,0.00
3.150136,0.625000,,48.000000,2.0,-3.0,100.0,-0.007660,0.004222,0.0,0.0,0.0,0.0,0.0,0.0,0.0,0.0,580.0,0.00
3.160189,0.625000,,48.000000,0.0,0.0,98.0,-0.007660,0.004401,0.0,0.0,0.0,0.0,0.0,0.0,0.0,0.0,580.0,0.00
3.170142,0.625000,,48.000000,0.0,0.0,104.0,-0.007949,0.004493,0.0,0.0,0.0,0.0,0.0,0.0,0.0,0.0,580.0,0.00
3.180137,0.625000,,48.000000,0.0,-1.0,107.0,-0.007018,0.004592,0.0,0.0,0.0,0.0,0.0,0.0,0.0,0.0,580.0,0.00
3.190155,0.625000,,48.000000,0.0,1.0,106.0,-0.009599,0.004462,0.0,0.0,0.0,0.0,0.0,0.0,0.0,0.0,580.0,0.00
3.200102,0.625000,,48.000000,0.0,0.0,58.0,-0.010254,0.004631,0.0,0.0,0.0,0.0,0.0,0.0,0.0,0.0,580.0,0.00
3.210175,0.625000,,47.000000,0.0,0.0,58.0,-0.010254,0.004631,0.0,0.0,0.0,0.0,0.0,0.0,0.0,0.0,580.0,0.00
3.220126,0.625000,,47.000000,1.0,7.0,100.0,-0.010892,0.003327,0.0,0.0,0.0,0.0,0.0,0.0,0.0,0.0,580.0,0.00
3.230141,0.625000,,47.000000,0.0,-3.0,102.0,-0.005920,0.003151,0.0,0.0,0.0,0.0,0.0,0.0,0.0,0.0,580.0,0.00
3.240122,0.625000,,47.000000,0.0,0.0,103.0,-0.006107,0.002951,0.0,0.0,0.0,0.0,0.0,0.0,0.0,0.0,580.0,0.00
3.250105,0.625000,,47.000000,0.0,0.0,106.0,-0.006233,0.002922,0.0,0.0,0.0,0.0,0.0,0.0,0.0,0.0,580.0,0.00
3.260147,0.625000,,47.000000,0.0,0.0,53.0,-0.005671,0.003176,0.0,0.0,0.0,0.0,0.0,0.0,0.0,0.0,580.0,0.00
3.270101,0.625000,,47.000000,0.0,1.0,100.0,-0.004595,0.004376,0.0,0.0,0.0,0.0,0.0,0.0,0.0,0.0,580.0,0.00
3.280094,0.625000,,47.000000,0.0,0.0,104.0,-0.005231,0.005301,0.0,0.0,0.0,0.0,0.0,0.0,0.0,0.0,580.0,0.00
3.290134,0.625000,,47.000000,0.0,0.0,104.0,-0.006165,0.006171,0.0,0.0,0.0,0.0,0.0,0.0,0.0,0.0,580.0,0.00
3.300142,0.625000,,47.000000,-1.0,3.0,63.0,-0.013219,0.007941,0.0,0.0,0.0,0.0,0.0,0.0,0.0,0.0,580.0,0.00
3.310115,0.625000,,46.000000,0.0,-8.0,58.0,-0.001809,0.007565,0.0,0.0,0.0,0.0,0.0,0.0,0.0,0.0,580.0,0.00
3.320129,0.625000,,46.000000,1.0,5.0,110.0,-0.009406,0.006088,0.0,0.0,0.0,0.0,0.0,0.0,0.0,0.0,580.0,0.00
3.330139,0.625000,,46.000000,0.0,0.0,107.0,-0.009879,0.006036,0.0,0.0,0.0,0.0,0.0,0.0,0.0,0.0,580.0,0.00
3.340152,0.625000,,46.000000,0.0,-1.0,99.0,-0.007799,0.005822,0.0,0.0,0.0,0.0,0.0,0.0,0.0,0.0,580.0,0.00
3.350129,0.625000,,46.000000,0.0,-1.0,107.0,-0.006280,0.005429,0.0,0.0,0.0,0.0,0.0,0.0,0.0,0.0,580.0,0.00
3.360132,0.625000,,45.000000,0.0,3.0,55.0,-0.010527,0.004874,0.0,0.0,0.0,0.0,0.0,0.0,0.0,0.0,580.0,0.00
3.370133,0.625000,,45.000000,0.0,-2.0,103.0,-0.006648,0.004087,0.0,0.0,0.0,0.0,0.0,0.0,0.0,0.0,580.0,0.00
3.380148,0.625000,,45.000000,0.0,0.0,101.0,-0.005741,0.004072,0.0,0.0,0.0,0.0,0.0,0.0,0.0,0.0,580.0,0.00
3.390142,0.625000,,45.000000,0.0,-1.0,105.0,-0.002244,0.003866,0.0,0.0,0.0,0.0,0.0,0.0,0.0,0.0,580.0,0.00
3.400154,0.625000,,45.000000,0.0,-2.0,53.0,0.001388,0.003892,0.0,0.0,0.0,0.0,0.0,0.0,0.0,0.0,580.0,0.00
3.410133,0.625000,,46.000000,0.0,0.0,65.0,0.001166,0.004719,0.0,0.0,0.0,0.0,0.0,0.0,0.0,0.0,580.0,0.00
3.420164,0.625000,,46.000000,-1.0,2.0,100.0,-0.002637,0.006694,0.0,0.0,0.0,0.0,0.0,0.0,0.0,0.0,580.0,0.00
3.430197,0.625000,,46.000000,0.0,0.0,107.0,-0.004151,0.007223,0.0,0.0,0.0,0.0,0.0,0.0,0.0,0.0,580.0,0.00
3.440104,0.625000,,46.000000,0.0,4.0,96.0,-0.011124,0.007327,0.0,0.0,0.0,0.0,0.0,0.0,0.0,0.0,580.0,0.00
3.450140,0.625000,,44.000000,0.0,-1.0,102.0,-0.010359,0.007213,0.0,0.0,0.0,0.0,0.0,0.0,0.0,0.0,580.0,0.00
3.460134,0.625000,,44.000000,1.0,-5.0,63.0,-0.002858,0.005368,0.0,0.0,0.0,0.0,0.0,0.0,0.0,0.0,580.0,0.00
3.470143,0.625000,,44.000000,0.0,1.0,102.0,-0.005135,0.004670,0.0,0.0,0.0,0.0,0.0,0.0,0.0,0.0,580.0,0.00
3.480113,0.625000,,44.000000,0.0,3.0,108.0,-0.008559,0.004175,0.0,0.0,0.0,0.0,0.0,0.0,0.0,0.0,580.0,0.00
3.490124,0.625000,,44.000000,0.0,3.0,108.0,-0.008559,0.004175,0.0,0.0,0.0,0.0,0.0,0.0,0.0,0.0,580.0,0.00
3.500138,0.625000,,44.000000,1.0,-7.0,63.0,0.000680,0.002308,0.0,0.0,0.0,0.0,0.0,0.0,0.0,0.0,580.0,0.00
3.510126,0.625000,,47.000000,0.0,1.0,57.0,-0.000654,0.002075,0.0,0.0,0.0,0.0,0.0,0.0,0.0,0.0,580.0,0.00
3.520114,0.625000,,47.000000,0.0,0.0,105.0,-0.006074,0.003749,0.0,0.0,0.0,0.0,0.0,0.0,0.0,0.0,580.0,0.00
3.530173,0.625000,,47.000000,0.0,0.0,92.0,-0.006070,0.004014,0.0,0.0,0.0,0.0,0.0,0.0,0.0,0.0,580.0,0.00
3.540189,0.625000,,47.000000,0.0,0.0,92.0,-0.006070,0.004014,0.0,0.0,0.0,0.0,0.0,0.0,0.0,0.0,580.0,0.00
3.550497,0.625000,,45.000000,-1.0,0.0,71.0,-0.004503,0.006243,0.0,0.0,0.0,0.0,0.0,0.0,0.0,0.0,580.0,0.00
3.560219,0.625000,,45.000000,0.0,0.0,103.0,-0.004487,0.007232,0.0,0.0,0.0,0.0,0.0,0.0,0.0,0.0,580.0,0.00
3.570148,0.625000,,45.000000,0.0,0.0,103.0,-0.004487,0.007232,0.0,0.0,0.0,0.0,0.0,0.0,0.0,0.0,580.0,0.00
3.580142,0.625000,,45.000000,0.0,0.0,105.0,-0.004388,0.007945,0.0,0.0,0.0,0.0,0.0,0.0,0.0,0.0,580.0,0.00
3.590097,0.625000,,45.000000,0.0,0.0,104.0,-0.004753,0.008056,0.0,0.0,0.0,0.0,0.0,0.0,0.0,0.0,580.0,0.00
3.600130,0.625000,,45.000000,1.0,-11.0,56.0,0.011371,0.004941,0.0,0.0,0.0,0.0,0.0,0.0,0.0,0.0,580.0,0.00
3.610129,0.625000,,49.000000,0.0,6.0,60.0,0.000142,0.004170,0.0,0.0,0.0,0.0,0.0,0.0,0.0,0.0,580.0,0.00
3.620082,0.625000,,49.000000,0.0,5.0,106.0,-0.009141,0.003601,0.0,0.0,0.0,0.0,0.0,0.0,0.0,0.0,580.0,0.00
3.630167,0.625000,,49.000000,-2.0,5.0,99.0,-0.016907,0.006314,0.0,0.0,0.0,0.0,0.0,0.0,0.0,0.0,580.0,0.00
3.640094,0.625000,,49.000000,0.0,-4.0,101.0,-0.002996,0.004622,0.0,0.0,0.0,0.0,0.0,0.0,0.0,0.0,580.0,0.00
3.650088,0.625000,,47.000000,0.0,3.0,105.0,-0.004379,0.005137,0.0,0.0,0.0,0.0,0.0,0.0,0.0,0.0,580.0,0.00
3.660130,0.625000,,47.000000,0.0,-2.0,105.0,-0.003596,0.006416,0.0,0.0,0.0,0.0,0.0,0.0,0.0,0.0,580.0,0.00
3.670105,0.625000,,47.000000,0.0,-2.0,105.0,-0.003596,0.006416,0.0,0.0,0.0,0.0,0.0,0.0,0.0,0.0,580.0,0.00
3.680179,0.625000,,47.000000,0.0,1.0,104.0,-0.002147,0.006783,0.0,0.0,0.0,0.0,0.0,0.0,0.0,0.0,580.0,0.00
3.690128,0.625000,,47.000000,0.0,1.0,97.0,-0.002271,0.006299,0.0,0.0,0.0,0.0,0.0,0.0,0.0,0.0,580.0,0.00
3.700123,0.625000,,49.000000,0.0,-2.0,57.0,-0.000591,0.005382,0.0,0.0,0.0,0.0,0.0,0.0,0.0,0.0,580.0,0.00
3.710122,0.625000,,49.000000,0.0,4.0,101.0,-0.006986,0.004545,0.0,0.0,0.0,0.0,0.0,0.0,0.0,0.0,580.0,0.00
3.720075,0.625000,,49.000000,0.0,0.0,104.0,-0.008131,0.003647,0.0,0.0,0.0,0.0,0.0,0.0,0.0,0.0,580.0,0.00
3.730161,0.625000,,49.000000,0.0,0.0,104.0,-0.008131,0.003647,0.0,0.0,0.0,0.0,0.0,0.0,0.0,0.0,580.0,0.00
3.740094,0.625000,,49.000000,0.0,-2.0,102.0,-0.003319,0.002641,0.0,0.0,0.0,0.0,0.0,0.0,0.0,0.0,580.0,0.00
3.750105,0.625000,,45.000000,0.0,-4.0,55.0,0.000317,0.002867,0.0,0.0,0.0,0.0,0.0,0.0,0.0,0.0,580.0,0.00
3.760132,0.625000,,45.000000,0.0,7.0,105.0,-0.009461,0.003172,0.0,0.0,0.0,0.0,0.0,0.0,0.0,0.0,580.0,0.00
3.770139,0.625000,,45.000000,0.0,0.0,100.0,-0.009931,0.003456,0.0,0.0,0.0,0.0,0.0,0.0,0.0,0.0,580.0,0.00
3.780184,0.625000,,45.000000,0.0,-1.0,102.0,-0.007800,0.003762,0.0,0.0,0.0,0.0,0.0,0.0,0.0,0.0,580.0,0.00
3.790124,0.625000,,45.000000,0.0,2.0,76.0,-0.009897,0.004133,0.0,0.0,0.0,0.0,0.0,0.0,0.0,0.0,580.0,0.00
3.800110,0.625000,,47.000000,0.0,2.0,76.0,-0.009897,0.004133,0.0,0.0,0.0,0.0,0.0,0.0,0.0,0.0,580.0,0.00
3.810146,0.625000,,47.000000,0.0,3.0,110.0,-0.004968,0.003830,0.0,0.0,0.0,0.0,0.0,0.0,0.0,0.0,580.0,0.00
3.820118,0.625000,,47.000000,0.0,0.0,106.0,-0.004428,0.003464,0.0,0.0,0.0,0.0,0.0,0.0,0.0,0.0,580.0,0.00
3.830150,0.625000,,47.000000,0.0,2.0,103.0,-0.006298,0.003201,0.0,0.0,0.0,0.0,0.0,0.0,0.0,0.0,580.0,0.00
3.840128,0.625000,,47.000000,0.0,2.0,97.0,-0.008229,0.003133,0.0,0.0,0.0,0.0,0.0,0.0,0.0,0.0,580.0,0.00
3.850187,0.625000,,45.000000,1.0,-11.0,61.0,0.005599,0.001410,0.0,0.0,0.0,0.0,0.0,0.0,0.0,0.0,580.0,0.00
3.860180,0.625000,,45.000000,1.0,-11.0,61.0,0.005599,0.001410,0.0,0.0,0.0,0.0,0.0,0.0,0.0,0.0,580.0,0.00
3.870139,0.625000,,45.000000,0.0,-4.0,106.0,-0.006111,0.002561,0.0,0.0,0.0,0.0,0.0,0.0,0.0,0.0,580.0,0.00
3.880185,0.625000,,45.000000,1.0,-1.0,98.0,-0.005465,0.001386,0.0,0.0,0.0,0.0,0.0,0.0,0.0,0.0,580.0,0.00
3.890106,0.625000,,45.000000,1.0,-1.0,98.0,-0.005465,0.001386,0.0,0.0,0.0,0.0,0.0,0.0,0.0,0.0,580.0,0.00
3.900153,0.625000,,46.000000,1.0,-3.0,54.0,-0.001605,0.000678,0.0,0.0,0.0,0.0,0.0,0.0,0.0,0.0,580.0,0.00
3.910142,0.625000,,46.000000,-1.0,3.0,105.0,-0.006694,0.003511,0.0,0.0,0.0,0.0,0.0,0.0,0.0,0.0,580.0,0.00
3.920172,0.625000,,46.000000,0.0,1.0,105.0,-0.008097,0.004298,0.0,0.0,0.0,0.0,0.0,0.0,0.0,0.0,580.0,0.00
3.930125,0.625000,,46.000000,0.0,0.0,81.0,-0.008340,0.005191,0.0,0.0,0.0,0.0,0.0,0.0,0.0,0.0,580.0,0.00
3.940165,0.625000,,46.000000,0.0,-1.0,107.0,-0.006920,0.005240,0.0,0.0,0.0,0.0,0.0,0.0,0.0,0.0,580.0,0.00
3.950165,0.625000,,47.000000,0.0,5.0,82.0,-0.013072,0.004836,0.0,0.0,0.0,0.0,0.0,0.0,0.0,0.0,580.0,0.00
3.960121,0.625000,,47.000000,0.0,-5.0,102.0,-0.005554,0.003940,0.0,0.0,0.0,0.0,0.0,0.0,0.0,0.0,580.0,0.00
3.970150,0.625000,,47.000000,0.0,0.0,97.0,-0.004376,0.003308,0.0,0.0,0.0,0.0,0.0,0.0,0.0,0.0,580.0,0.00
3.980176,0.625000,,47.000000,0.0,0.0,104.0,-0.003499,0.003370,0.0,0.0,0.0,0.0,0.0,0.0,0.0,0.0,580.0,0.00
3.990152,0.625000,,47.000000,0.0,0.0,55.0,-0.003803,0.004165,0.0,0.0,0.0,0.0,0.0,0.0,0.0,0.0,580.0,0.00
4.000137,0.625000,,45.000000,0.0,0.0,55.0,-0.003803,0.004165,0.0,0.0,0.0,0.0,0.0,0.0,0.0,0.0,580.0,0.00
4.010305,0.625000,,45.000000,0.0,-5.0,58.0,0.001842,0.004460,0.0,0.0,0.0,0.0,0.0,0.0,0.0,0.0,580.0,0.00
4.020150,0.625000,,45.000000,0.0,4.0,97.0,-0.010354,0.005748,0.0,0.0,0.0,0.0,0.0,0.0,0.0,0.0,580.0,0.00
4.030236,0.625000,,45.000000,0.0,-1.0,99.0,-0.009220,0.005949,0.0,0.0,0.0,0.0,0.0,0.0,0.0,0.0,580.0,0.00
4.040305,0.625000,,45.000000,0.0,-2.0,103.0,-0.006664,0.005927,0.0,0.0,0.0,0.0,0.0,0.0,0.0,0.0,580.0,0.00
4.050207,0.625000,,44.000000,0.0,5.0,76.0,-0.013593,0.005771,0.0,0.0,0.0,0.0,0.0,0.0,0.0,0.0,580.0,0.00
4.060171,0.625000,,44.000000,0.0,-3.0,102.0,-0.009010,0.005171,0.0,0.0,0.0,0.0,0.0,0.0,0.0,0.0,580.0,0.00
4.070181,0.625000,,44.000000,0.0,0.0,102.0,-0.008044,0.005290,0.0,0.0,0.0,0.0,0.0,0.0,0.0,0.0,580.0,0.00
4.080235,0.625000,,44.000000,0.0,-3.0,109.0,-0.007797,0.005532,0.0,0.0,0.0,0.0,0.0,0.0,0.0,0.0,580.0,0.00
4.090161,0.625000,,44.000000,1.0,-3.0,56.0,-0.003136,0.005734,0.0,0.0,0.0,0.0,0.0,0.0,0.0,0.0,580.0,0.00
4.100159,0.625000,,48.000000,0.0,-4.0,62.0,0.001480,0.004155,0.0,0.0,0.0,0.0,0.0,0.0,0.0,0.0,580.0,0.00
4.110255,0.625000,,48.000000,-1.0,9.0,104.0,-0.005105,0.005181,0.0,0.0,0.0,0.0,0.0,0.0,0.0,0.0,580.0,0.00
4.120157,0.625000,,48.000000,0.0,2.0,103.0,-0.006991,0.005119,0.0,0.0,0.0,0.0,0.0,0.0,0.0,0.0,580.0,0.00
4.130138,0.625000,,48.000000,0.0,-3.0,105.0,-0.003008,0.004387,0.0,0.0,0.0,0.0,0.0,0.0,0.0,0.0,580.0,0.00
4.140254,0.625000,,48.000000,0.0,1.0,102.0,-0.005306,0.003661,0.0,0.0,0.0,0.0,0.0,0.0,0.0,0.0,580.0,0.00
4.150206,0.625000,,47.000000,0.0,-4.0,60.0,-0.001379,0.003185,0.0,0.0,0.0,0.0,0.0,0.0,0.0,0.0,580.0,0.00
4.160161,0.625000,,47.000000,0.0,4.0,106.0,-0.006631,0.003074,0.0,0.0,0.0,0.0,0.0,0.0,0.0,0.0,580.0,0.00
4.170155,0.625000,,47.000000,0.0,0.0,102.0,-0.006785,0.003280,0.0,0.0,0.0,0.0,0.0,0.0,0.0,0.0,580.0,0.00
4.180169,0.625000,,47.000000,0.0,0.0,104.0,-0.006967,0.004042,0.0,0.0,0.0,0.0,0.0,0.0,0.0,0.0,580.0,0.00
4.190133,0.625000,,47.000000,0.0,0.0,102.0,-0.007828,0.004899,0.0,0.0,0.0,0.0,0.0,0.0,0.0,0.0,580.0,0.00
4.200140,0.625000,,49.000000,0.0,-2.0,57.0,-0.005247,0.004900,0.0,0.0,0.0,0.0,0.0,0.0,0.0,0.0,580.0,0.00
4.210154,0.625000,,49.000000,0.0,3.0,101.0,-0.009786,0.005105,0.0,0.0,0.0,0.0,0.0,0.0,0.0,0.0,580.0,0.00
4.220132,0.625000,,49.000000,0.0,-2.0,104.0,-0.006525,0.004985,0.0,0.0,0.0,0.0,0.0,0.0,0.0,0.0,580.0,0.00
4.230143,0.625000,,49.000000,-1.0,0.0,104.0,-0.005414,0.006197,0.0,0.0,0.0,0.0,0.0,0.0,0.0,0.0,580.0,0.00
4.240154,0.625000,,49.000000,-2.0,5.0,105.0,-0.011773,0.008597,0.0,0.0,0.0,0.0,0.0,0.0,0.0,0.0,580.0,0.00
4.250144,0.625000,,50.000000,3.0,-9.0,58.0,0.000123,0.004232,0.0,0.0,0.0,0.0,0.0,0.0,0.0,0.0,580.0,0.00
4.260148,0.625000,,50.000000,-3.0,9.0,105.0,-0.011813,0.008203,0.0,0.0,0.0,0.0,0.0,0.0,0.0,0.0,580.0,0.00
4.270142,0.625000,,50.000000,0.0,-8.0,101.0,-0.001955,0.007902,0.0,0.0,0.0,0.0,0.0,0.0,0.0,0.0,580.0,0.00
4.280126,0.625000,,50.000000,2.0,4.0,102.0,-0.006101,0.005424,0.0,0.0,0.0,0.0,0.0,0.0,0.0,0.0,580.0,0.00
4.290135,0.625000,,50.000000,1.0,-5.0,62.0,0.001682,0.003694,0.0,0.0,0.0,0.0,0.0,0.0,0.0,0.0,580.0,0.00
4.300109,0.625000,,46.000000,0.0,10.0,58.0,-0.009830,0.003509,0.0,0.0,0.0,0.0,0.0,0.0,0.0,0.0,580.0,0.00
4.310091,0.625000,,46.000000,0.0,-6.0,106.0,-0.002382,0.003406,0.0,0.0,0.0,0.0,0.0,0.0,0.0,0.0,580.0,0.00
4.320115,0.625000,,46.000000,0.0,0.0,104.0,-0.003575,0.004042,0.0,0.0,0.0,0.0,0.0,0.0,0.0,0.0,580.0,0.00
4.330122,0.625000,,46.000000,0.0,2.0,109.0,-0.007111,0.004376,0.0,0.0,0.0,0.0,0.0,0.0,0.0,0.0,580.0,0.00
4.340118,0.625000,,46.000000,-1.0,0.0,80.0,-0.007345,0.005761,0.0,0.0,0.0,0.0,0.0,0.0,0.0,0.0,580.0,0.00
4.350122,0.625000,,46.000000,0.0,-6.0,57.0,-0.000350,0.005539,0.0,0.0,0.0,0.0,0.0,0.0,0.0,0.0,580.0,0.00
4.360192,0.625000,,46.000000,0.0,6.0,100.0,-0.008335,0.005902,0.0,0.0,0.0,0.0,0.0,0.0,0.0,0.0,580.0,0.00
4.370112,0.625000,,46.000000,0.0,-2.0,100.0,-0.005800,0.005543,0.0,0.0,0.0,0.0,0.0,0.0,0.0,0.0,580.0,0.00
4.380402,0.625000,,46.000000,0.0,3.0,84.0,-0.009091,0.005154,0.0,0.0,0.0,0.0,0.0,0.0,0.0,0.0,580.0,0.00
4.390168,0.625000,,46.000000,1.0,-6.0,56.0,-0.000827,0.002798,0.0,0.0,0.0,0.0,0.0,0.0,0.0,0.0,580.0,0.00
4.400162,0.625000,,50.000000,0.0,9.0,61.0,-0.010330,0.001994,0.0,0.0,0.0,0.0,0.0,0.0,0.0,0.0,580.0,0.00
4.410190,0.625000,,50.000000,0.0,9.0,61.0,-0.010330,0.001994,0.0,0.0,0.0,0.0,0.0,0.0,0.0,0.0,580.0,0.00
4.420144,0.625000,,50.000000,0.0,-5.0,105.0,-0.003630,0.001712,0.0,0.0,0.0,0.0,0.0,0.0,0.0,0.0,580.0,0.00
4.430193,0.625000,,50.000000,0.0,2.0,83.0,-0.008500,0.003991,0.0,0.0,0.0,0.0,0.0,0.0,0.0,0.0,580.0,0.00
4.440213,0.625000,,50.000000,0.0,2.0,83.0,-0.008500,0.003991,0.0,0.0,0.0,0.0,0.0,0.0,0.0,0.0,580.0,0.00
4.450157,0.625000,,46.000000,0.0,3.0,87.0,-0.008349,0.004865,0.0,0.0,0.0,0.0,0.0,0.0,0.0,0.0,580.0,0.00
4.460131,0.625000,,46.000000,0.0,-3.0,108.0,-0.004434,0.004965,0.0,0.0,0.0,0.0,0.0,0.0,0.0,0.0,580.0,0.00
4.470133,0.625000,,46.000000,0.0,0.0,103.0,-0.005737,0.004904,0.0,0.0,0.0,0.0,0.0,0.0,0.0,0.0,580.0,0.00
4.480109,0.625000,,46.000000,0.0,0.0,103.0,-0.007338,0.004988,0.0,0.0,0.0,0.0,0.0,0.0,0.0,0.0,580.0,0.00
4.490198,0.625000,,46.000000,0.0,-4.0,55.0,-0.002409,0.004465,0.0,0.0,0.0,0.0,0.0,0.0,0.0,0.0,580.0,0.00
