time_s,x,y,z,vx,vy,vz,roll_deg,pitch_deg,yaw_deg,thrust,vbat,gyro_x,gyro_y,gyro_z,acc_x,acc_y,acc_z
0.000016877,-0.013578023,0.044796884,0.8760273,-0.06125493,-0.027796675,0.004132305,5.6063514,-0.32225505,-0.08478333,0.00017632823,3.6739004,-19.302542,15.97449,-0.6329571,-0.00040253976,-0.00782281,1.006713
0.027261475,-0.016704248,0.039181318,0.87459445,-0.05669065,-0.08119953,0.006153272,4.7197027,-0.95014715,-0.008311128,0.0001474237,3.6739004,-19.302542,15.97449,-0.6329571,-0.00040253976,-0.00782281,1.006713
0.05081422,-0.016262,0.029796846,0.8749879,-0.05669065,-0.08119953,0.006153272,3.650817,-1.6361729,0.025867889,0.0001474237,3.6739004,-28.436619,1.4364263,-1.0846282,0.0077940864,-0.010334439,1.000699
0.090113066,-0.020533307,0.021892302,0.8737554,-0.038663816,-0.11146676,-0.0018355119,1.7323325,-1.5510916,-0.019901935,0.00034524678,3.6686218,-36.270657,-3.1526153,-0.9549031,-0.0066973954,-0.0072787968,0.9989585
0.14062187,-0.01979837,0.0097964825,0.8714666,-0.027909912,-0.14537847,-0.010719462,0.40064603,-1.6490684,-0.072043605,0.000404361,3.6739004,-27.736137,13.641733,-1.4264655,-0.0056694504,0.00022299998,1.0199602
0.19059612,-0.019966472,-0.0006526056,0.8691422,-0.01252557,-0.14731915,-0.013607909,-0.66207147,-2.4502707,-0.15064871,0.00021003089,3.6633432,0.39542982,19.63029,-1.3074876,-0.008671378,0.0017060358,1.0260562
0.24007633,-0.020626815,-0.007378069,0.87133145,0.015624791,-0.14680979,0.0079303505,-0.36392394,-3.2860444,-0.22341768,0.0001362515,3.6633432,22.6218,10.911778,-0.3078318,-0.011282654,0.007565701,1.0122962
0.2899235,-0.021791924,-0.013806595,0.87304354,0.03282197,-0.14282599,0.020105511,0.9776453,-3.984301,-0.24961168,0.00052118103,3.6686218,21.123703,20.589,-0.79415315,-0.012821434,0.0014790695,1.0073279
0.34033966,-0.018912334,-0.02145256,0.87625307,0.06850953,-0.14450975,0.03415336,1.8258625,-4.939143,-0.2155038,0.00030221295,3.6739004,26.315174,31.484026,0.6895536,-0.0034364955,-0.0055786334,0.99611026
0.39028108,-0.016081976,-0.025190793,0.8798246,0.10857541,-0.1518313,0.040644526,3.3482733,-6.419269,-0.08482172,0.00022247533,3.6739004,49.5866,22.429249,3.1604912,-0.006654335,-0.0027061738,0.9851055
0.44019347,-0.0044879387,-0.033673562,0.8840561,0.1635169,-0.18606079,0.043454707,5.9576173,-7.382385,0.1410514,0.00035591438,3.679179,55.365982,3.2203166,3.629826,-0.010572125,-0.000016673226,0.96906507
0.49039245,0.0038750707,-0.039519686,0.8884182,0.2207645,-0.2348002,0.037837405,8.342842,-7.4978876,0.3719121,0.00065861415,3.6739004,22.988487,1.6633661,5.2368207,-0.012179169,-0.007298422,0.97523636
0.55774444,0.021066274,-0.05155649,0.89161694,0.28926033,-0.29306352,0.026357021,9.258785,-7.6652274,0.6265844,0.00041585404,3.6739004,7.3989263,10.967397,3.9081273,-0.01632694,-0.00090378843,0.9826059
0.5897758,0.040454526,-0.074621774,0.8905426,0.3519486,-0.37073478,-0.0021878453,9.680857,-8.062008,0.9578452,0.00026325905,3.6739004,9.295978,8.728838,3.1989095,-0.015158914,0.0019193591,0.99541503
0.6401151,0.06755691,-0.09513404,0.8901726,0.4297178,-0.456701,-0.0148696015,10.144615,-8.1729,1.1362482,0.00015168017,3.6686218,3.0021622,-20.662107,2.0829945,-0.016816923,0.012345592,1.0101179
0.69004905,0.09066803,-0.11933225,0.88872486,0.5020538,-0.54011184,-0.025601026,9.974598,-6.8732114,1.0106696,0.0007377887,3.6580646,-22.40744,-40.570465,0.46761435,-0.028037904,0.014712616,1.0138505
0.73957896,0.124392174,-0.15652311,0.8862091,0.55967754,-0.61852276,-0.03404414,8.510352,-4.9701085,0.7137813,0.0010959437,3.6633432,-47.689716,-24.007174,0.16400103,-0.024567822,0.018042412,1.0331806
0.78962076,0.1524663,-0.19433124,0.88301134,0.6158225,-0.7034155,-0.034807976,6.0108433,-4.1218987,0.5658258,0.0005619856,3.6633432,-60.522285,1.6835344,-1.8170359,-0.023629503,0.018759387,1.0410603
0.8398537,0.1833137,-0.229459,0.87554264,0.65041554,-0.7628141,-0.048190407,3.163024,-4.271118,0.48203743,0.00041821366,3.6633432,-58.2784,-1.5067775,-0.82753396,-0.028989876,0.023359712,1.0474995
0.8897368,0.21089222,-0.2690914,0.87129265,0.6857024,-0.7842962,-0.039667666,0.27993247,-3.974313,0.3984747,0.000717382,3.6580646,-57.206142,-16.700619,-2.4504924,-0.024404034,0.02713873,1.0575601
0.94003546,0.24465619,-0.31775042,0.86859024,0.7138138,-0.80081123,-0.022698734,-2.4508593,-3.0852382,0.34504357,0.0011494764,3.6580646,-44.168224,-9.068166,-2.378684,-0.031535566,0.015054468,1.0583847
0.9894542,0.27930894,-0.35276014,0.8684918,0.7398191,-0.7719522,0.004231492,-4.597185,-2.9657059,0.21301302,0.00091331056,3.6633432,-33.644062,21.64584,-2.1094313,-0.028787399,0.022030607,1.0311993
1.0396384,0.3098619,-0.39229038,0.8725553,0.761672,-0.74021953,0.035833802,-6.396517,-4.1375365,-0.05079557,0.0004981021,3.6686218,-37.946743,30.715885,-3.3140252,-0.029819785,0.02672996,1.0186902
1.0898118,0.34969828,-0.42432445,0.88020945,0.79041386,-0.67890567,0.0681194,-8.510343,-5.439966,-0.48107043,0.00039487178,3.6739004,-48.743465,8.939053,-4.8555617,-0.030276075,0.01579303,0.99940974
1.1393576,0.38006774,-0.44988042,0.88611495,0.82458925,-0.5939974,0.073688455,-11.016517,-5.523872,-0.7056922,0.00085870316,3.6844575,-38.06532,-16.638521,-1.7129844,-0.02584192,0.009224409,0.9797438
1.189784,0.42017505,-0.47098762,0.895422,0.8681548,-0.5064827,0.082816176,-12.633794,-4.6513343,-0.8250798,0.001063898,3.679179,-10.412,-8.255741,-1.7151624,-0.026748514,0.009949637,0.9652873
1.2393605,0.46603695,-0.4841673,0.8993363,0.8970795,-0.39152774,0.05839542,-13.034943,-4.3367257,-0.8826078,0.00074466894,3.6844575,0.8729995,3.2478473,-1.1036,-0.03165092,0.0049805623,0.9562066
1.2894429,0.5097523,-0.49424595,0.9014289,0.9355749,-0.28168908,0.027256988,-13.011398,-4.3319726,-1.005619,0.0002430943,3.679179,-2.354873,-14.423814,-2.255437,-0.030004794,-0.014237765,0.9596441
1.3395753,0.55509996,-0.4970798,0.90123403,0.96199405,-0.16453698,-0.008971249,-13.127231,-3.02349,-0.8364403,0.00072340405,3.6739004,-4.723574,-55.116024,-0.45745876,-0.038452085,-0.0108184805,0.98852664
1.3891964,0.5885632,-0.4988813,0.9010454,0.9740858,-0.049361777,-0.025315968,-13.184345,-0.15065295,-0.33867642,0.0014379192,3.6633432,6.4279027,-57.298878,-1.8558983,-0.04127601,-0.001302035,1.0069337
1.4397278,0.645736,-0.48488945,0.8964354,0.99070185,0.07408509,-0.04856234,-12.822269,2.1908484,0.14566453,0.0009351927,3.6633432,20.333456,-28.641075,-1.7743722,-0.03612445,-0.0028837398,1.0258781
1.4893659,0.6900537,-0.47485614,0.8972262,0.9653737,0.18890382,-0.035184268,-11.557652,3.402373,0.24290827,0.0005068424,3.6580646,32.379414,-19.774708,-1.0876687,-0.031094942,-0.034978267,1.0300452
1.5390438,0.7355495,-0.45107454,0.89218026,0.92369956,0.30529207,-0.047191992,-10.2735,4.6232405,0.43363205,0.0007569133,3.6633432,8.659763,-38.017212,-1.4008217,-0.03984958,-0.028337354,1.041701
1.5889328,0.7672844,-0.42874616,0.885669,0.8790776,0.39850378,-0.059378646,-10.023073,6.6661253,0.67526776,0.0011273632,3.6580646,4.4802775,-36.602062,-0.89411557,-0.03529604,-0.037428275,1.0534006
1.639043,0.8035928,-0.39853755,0.87912303,0.80587125,0.4937101,-0.065011874,-9.636014,8.086044,0.8517774,0.0011746556,3.6580646,24.153378,-1.0045784,-1.0208058,-0.035172112,-0.019162392,1.0744263
1.6893624,0.8322675,-0.3714672,0.875333,0.7313091,0.5887568,-0.050567605,-8.262575,7.89848,0.7631955,0.00047577271,3.652786,28.261745,18.134315,-0.6327934,-0.025005467,-0.042984843,1.0727985
1.739063,0.86066055,-0.32876992,0.87352884,0.6465027,0.67229056,-0.027503736,-6.9693313,7.1069565,0.5852247,0.00031673847,3.6580646,16.070139,9.011327,-0.9673219,-0.020551221,-0.0440563,1.0650152
1.7888131,0.8819647,-0.29051238,0.86929244,0.57690936,0.7430009,-0.022855105,-6.2689576,6.9053817,0.43329397,0.00041661866,3.6580646,10.046367,-7.6931767,-1.9359586,-0.019294329,-0.044827968,1.0512266
1.839071,0.8939719,-0.25163466,0.8682773,0.49496126,0.8039208,-0.007153344,-5.638022,7.273657,0.30603045,0.0008232921,3.6580646,15.352858,0.14265431,-1.4984348,-0.014872887,-0.041246668,1.0440828
1.8893863,0.9108458,-0.2121682,0.8713038,0.42383203,0.84487814,0.02187062,-4.856911,6.9869523,0.18896824,0.0004874579,3.6633432,8.86922,21.11901,-0.7074972,-0.019210124,-0.03972638,1.0229472
1.9390326,0.9206508,-0.1653819,0.8723448,0.3545626,0.8949677,0.029089754,-4.4859676,5.9456096,0.023609437,0.000110691675,3.6739004,3.8759935,21.60384,-1.7613914,-0.01890379,-0.024782203,1.0083324
1.9892614,0.9273611,-0.121274285,0.8714381,0.28811195,0.9324555,0.019277439,-4.191589,5.080236,-0.15685491,0.00013816949,3.6686218,16.214937,5.5005302,-1.0639733,-0.005261258,-0.03589644,0.9931413
2.038456,0.93082255,-0.07702886,0.869979,0.23417757,0.96796036,0.00614867,-3.1604574,5.0285788,-0.25016356,0.00032170836,3.6686218,28.380964,-5.7829676,-1.0222707,-0.0023942804,-0.04775761,1.0054914
2.0897913,0.9370022,-0.027093086,0.86883664,0.18239531,0.988778,0.00037924192,-1.8498516,5.5148907,-0.28002745,0.00048171045,3.6633432,12.933193,-12.972081,0.25775343,-0.0065340083,-0.037864972,1.0176835
2.1385798,0.9446796,0.017338753,0.87198603,0.13235135,0.9965324,0.017709564,-1.2861421,6.0619717,-0.26339102,0.0003332018,3.6580646,3.0997145,-7.8772225,-0.97663164,-0.011729343,-0.033004493,1.0028261
2.1885328,0.94837505,0.061496504,0.87421876,0.083003454,1.0056684,0.02463523,-0.8417741,6.341814,-0.33393303,-0.00010640153,3.6633432,18.306572,-7.387345,-1.4775556,0.0012753856,-0.041340694,0.9940803
2.2387774,0.9457479,0.10395091,0.8790061,0.020720396,1.0045027,0.038779333,0.26221645,7.131524,-0.4216801,0.00012872824,3.6739004,22.832973,-30.14723,0.17485857,0.0016292201,-0.046260968,0.9888949
2.2883873,0.94091773,0.1465108,0.88471824,-0.03997859,0.9868001,0.04984569,1.5436121,8.775295,-0.4832191,0.000434301,3.6686218,23.441704,-31.433092,-1.1285714,-0.0024150638,-0.0510293,0.9794328
2.3383946,0.9357832,0.19320898,0.8930668,-0.11078932,0.97190434,0.06320042,2.5585985,10.236055,-0.6083671,0.0002966966,3.679179,8.42086,-20.6965,-0.795478,-0.000095636846,-0.028827192,0.96005005
2.3888254,0.9286094,0.23154981,0.8977693,-0.19447465,0.94102037,0.05025885,3.0287666,10.990831,-0.7758234,0.00010652883,3.679179,10.120334,-1.683075,-1.4930177,-0.0002048443,-0.04493793,0.95285136
2.439083,0.91186863,0.26652673,0.89759624,-0.28857556,0.9109929,0.010690805,3.7938933,11.009551,-0.9193025,0.00001908734,3.679179,20.348372,5.4786415,-1.8417969,0.010953568,-0.042018585,0.96100813
2.4884431,0.8920606,0.30545986,0.89686006,-0.37935528,0.86934805,-0.019378182,4.9806433,10.705359,-1.0439179,0.000027708857,3.6633432,23.848824,7.989293,-0.69711053,0.015990673,-0.03772224,0.98506695
2.5389156,0.8669607,0.34078667,0.89594865,-0.46897247,0.8186214,-0.034334775,6.12973,10.155878,-1.137198,-0.000046613186,3.6633432,21.352947,14.60996,-3.6637657,0.023150003,-0.03357463,1.0074997
2.5884125,0.83992815,0.37194896,0.8965165,-0.55976784,0.7624685,-0.030777264,7.0933347,9.2134495,-1.2785063,-0.000089413006,3.6580646,9.839238,22.830679,-2.8040895,0.02530855,-0.033412732,1.006124
2.6380577,0.80540097,0.40071148,0.8893283,-0.64415395,0.69443166,-0.058827266,7.603777,8.187807,-1.3032541,0.000012839232,3.6633432,15.519728,26.386078,-3.962463,0.030855838,-0.025695587,1.0368384
2.6890354,0.7675518,0.41342592,0.88621783,-0.72125137,0.61568177,-0.053766035,8.65637,6.8105135,-1.3710865,-0.000090378395,3.6475074,17.33183,32.851315,-2.237929,0.025030546,-0.02059952,1.0381469
2.7383451,0.72497815,0.43069604,0.88191664,-0.7810174,0.5192133,-0.051664077,9.138537,5.138048,-1.2381723,-0.00030479737,3.652786,-13.620475,38.715794,-0.5878176,0.023395333,-0.02258146,1.0512259
2.7883983,0.6932012,0.44819906,0.87223566,-0.82436377,0.43019724,-0.07102758,8.124642,3.234353,-0.9689659,-0.0005960642,3.652786,-27.79831,30.809826,0.029879132,0.032968633,-0.010976646,1.063493
2.8385692,0.64607656,0.44668227,0.86835897,-0.8654368,0.34144464,-0.05307378,7.146499,1.9598151,-0.9113602,-0.00024309896,3.6475074,-0.6469321,15.0868435,0.13181739,0.02569853,-0.009273166,1.080565
2.8883505,0.60673887,0.44877407,0.86792773,-0.8749496,0.26015663,-0.014122607,7.745599,1.1914612,-0.87857974,-0.00030857822,3.6475074,24.087955,14.751305,0.24201125,0.031470302,-0.015996536,1.0562575
2.9385514,0.5674434,0.44850704,0.87028074,-0.88523376,0.16885771,0.018974332,8.611748,0.41172612,-0.7963279,-0.00034709636,3.6633432,-5.566338,11.61344,1.0232122,0.029909436,-0.014008692,1.042515
2.9884267,0.52666503,0.44543988,0.8743933,-0.88023597,0.08612621,0.04491357,8.032705,-0.016499765,-0.70877075,-0.00035069732,3.6633432,-20.220263,-2.2116435,0.70670867,0.02268871,-0.010169651,1.0282946
3.0383897,0.49199975,0.4382079,0.8770956,-0.87113905,0.017248986,0.052990787,7.4143295,0.22165303,-0.77369326,-0.00038825814,3.6739004,9.129236,-8.95807,-0.2380094,0.0178281,0.0074170176,1.0124652
3.0884328,0.4635167,0.42074507,0.8797832,-0.8610622,-0.058632717,0.056354713,8.548097,0.6970699,-0.9394897,-0.000354232,3.6686218,40.96491,-14.13745,0.42584935,0.02257432,0.0033154422,0.99139744
3.1380434,0.4188019,0.41512054,0.8842245,-0.8618485,-0.13304684,0.057941873,10.340592,1.4110814,-1.0114424,-0.00015109655,3.6739004,19.395636,-12.176133,-0.27451795,0.02032822,-0.0077474234,0.9789881
3.1883652,0.38402668,0.3999223,0.8872299,-0.8646708,-0.22070602,0.04347827,10.731829,1.837907,-1.1014113,-0.0001406087,3.6633432,-9.011437,-5.3657994,0.5437247,0.024281861,0.0017903585,0.97589046
3.2381089,0.34968448,0.3776955,0.8887462,-0.871871,-0.3293988,0.02090955,10.313303,1.9258597,-1.117903,-0.000028393262,3.6686218,-6.2330365,-1.1244226,1.7046856,0.02003359,0.010607468,0.98918533
3.2880597,0.31330284,0.3496048,0.8921152,-0.8682835,-0.41046056,0.023131285,10.131176,1.7873783,-1.086325,-0.0004965466,3.6633432,2.2609096,0.022566246,2.0297127,0.01803475,0.004943067,0.99821836
3.3378778,0.2823438,0.31834027,0.8944739,-0.88357645,-0.5184381,0.01861654,10.304765,1.7976342,-1.0549934,-0.000050611372,3.6633432,2.92186,-2.8145027,2.2818964,0.012817144,0.02033588,1.0056483
3.388617,0.24383701,0.2800252,0.89543444,-0.88757366,-0.60993487,0.011185464,10.473203,1.6662085,-0.96928084,-0.00010633794,3.6633432,-4.553119,7.7748275,2.1380467,0.025697786,0.011288576,0.9897404
3.4390981,0.20993243,0.24296737,0.8950358,-0.89614564,-0.70709383,-0.0046726926,9.725192,1.0825819,-0.80447316,-0.00022916924,3.6686218,-31.883802,15.134521,2.1763804,0.022980591,0.020381503,0.9962141
3.487677,0.169038,0.19815879,0.8933177,-0.8930336,-0.7920527,-0.017467089,8.001976,0.5952883,-0.6333589,-0.000318477,3.6633432,-41.00795,2.0909424,2.2018933,0.024702128,0.029482622,1.012712
3.537821,0.1399595,0.15678474,0.89238447,-0.8796995,-0.8478129,-0.018546337,6.0996785,0.60603344,-0.61029065,-0.00046402065,3.6633432,-30.454447,-10.02206,1.4921974,0.025634354,0.035226874,1.016101
3.587566,0.107934296,0.10950433,0.8906662,-0.8772588,-0.9136469,-0.019066736,4.7673445,1.2316098,-0.6577076,-0.000099329685,3.6633432,-25.427843,-13.712559,1.6475604,0.018390425,0.03251911,1.0178154
3.6370249,0.074454695,0.061563358,0.88786817,-0.87005633,-0.9509551,-0.022740643,3.459847,1.7801496,-0.66552293,-0.00015910808,3.6633432,-31.116074,0.41460934,0.8255101,0.024339242,0.022972995,1.0194743
3.6920621,0.038602926,0.00907086,0.88737404,-0.86902887,-0.98830485,-0.014292094,1.8532748,1.666898,-0.6435782,-0.00051696086,3.6580646,-33.37281,2.3802793,1.8868929,0.018683152,0.03239057,1.0172124
3.7369344,0.0078070443,-0.030214036,0.889423,-0.8723494,-0.9970741,0.003398157,0.07311832,1.587384,-0.61605877,-0.0004709882,3.6686218,-24.293463,-8.539298,0.86302835,0.02646108,0.027095823,1.0174563
3.7869797,-0.023214271,-0.07961488,0.889728,-0.87252206,-0.98912716,0.010770082,-0.7884915,2.1712637,-0.5957388,-0.00029573773,3.6686218,-4.9099135,-19.206959,0.98653775,0.02084148,0.033066556,0.99761367
3.8371942,-0.055488613,-0.122101225,0.8908733,-0.87507445,-0.9825882,0.013654013,-0.98707026,3.0949054,-0.5689353,-0.00016536008,3.6686218,-6.15365,-14.133643,0.47915277,0.019442486,0.042070188,0.9845585
3.8880749,-0.090104595,-0.1729392,0.89323694,-0.8816053,-0.96153104,0.017287374,-1.5972431,3.6199415,-0.5048715,-0.00025903663,3.6686218,-25.7573,-1.0674992,1.782381,0.027117036,0.01921412,0.98329747
3.9379163,-0.12504098,-0.21264355,0.89252967,-0.89885867,-0.95662194,0.0038542363,-3.1957443,3.2929907,-0.47340593,-0.0006068439,3.6686218,-39.04325,11.596787,3.5579476,0.02150102,0.027841708,0.9843382
3.9881823,-0.15803802,-0.2552255,0.8940906,-0.91179657,-0.9193743,0.0033584023,-5.0029902,2.8358822,-0.36352986,-0.0007322502,3.6633432,-22.148315,-2.9671822,2.8404992,0.030713985,0.029051084,0.99288195
4.0374966,-0.19628665,-0.2908398,0.8978221,-0.9205321,-0.8736145,0.014989179,-5.686181,3.3021407,-0.18457983,-0.0004565282,3.6686218,-0.22831105,-26.185492,0.8003816,0.025414826,0.030763034,0.9828097
4.0873985,-0.23279837,-0.3290648,0.90208465,-0.9369816,-0.8193051,0.02397543,-5.786351,4.5163865,-0.0044085155,0.000019737472,3.6686218,-12.816178,-19.421907,-0.35120112,0.023919834,0.018990267,0.96784717
4.138197,-0.27778292,-0.360514,0.90322685,-0.95499814,-0.76440346,0.011523564,-7.0939574,4.9097605,0.066140875,-0.00018487884,3.6739004,-48.154392,15.7982,0.49158835,0.026429307,-0.0012566166,0.9673574
4.188256,-0.31354278,-0.3844765,0.902473,-0.98027337,-0.69301367,-0.010737357,-9.626938,3.503249,-0.10084609,-0.0009043443,3.6686218,-37.098164,41.641468,-0.39261347,0.030315557,0.012670897,0.9981708
4.2375813,-0.3609249,-0.40935713,0.9028007,-1.0150403,-0.6123351,-0.018600732,-10.621893,1.7370226,-0.35235837,-0.00084771466,3.6633432,13.154029,20.405771,0.14333917,0.024632405,0.014321147,1.0001264
4.2870803,-0.4070939,-0.42735708,0.90062785,-1.0230424,-0.52127635,-0.031588677,-9.487032,1.149699,-0.42442283,-0.000463288,3.6580646,27.77875,-0.048878342,1.195856,0.02765739,-0.002835808,1.00968
4.3372664,-0.44917026,-0.43057433,0.89694285,-1.0243874,-0.41468576,-0.04592928,-8.817502,1.0940021,-0.37959775,-0.00012703866,3.6633432,-9.895342,8.9257555,1.475273,0.033645958,-0.006228441,1.012811
4.387371,-0.49779364,-0.43949088,0.89199054,-1.0168338,-0.31838647,-0.05897289,-9.648155,0.15349434,-0.48231688,-0.0006328893,3.652786,-15.344209,36.469208,0.5318014,0.03193745,-0.0053721233,1.038292
4.437084,-0.5384186,-0.44574904,0.8894658,-1.0193527,-0.22835788,-0.050575607,-9.870999,-1.791154,-0.7923415,-0.00092898874,3.652786,22.70268,29.035572,-0.076429404,0.040542684,-0.010831856,1.0432472
4.4873705,-0.5807893,-0.44633877,0.886433,-0.994137,-0.1321824,-0.042757627,-8.4660225,-2.7119226,-0.9307243,-0.0007348982,3.652786,28.729792,-9.196771,0.8178992,0.030140648,-0.012964415,1.0430824
4.53917,-0.6214421,-0.43539324,0.88342905,-0.9521367,-0.043974232,-0.035769917,-7.6912074,-1.9295241,-0.77052647,-0.00018100634,3.6580646,-8.278721,-19.904072,-0.16733083,0.024523398,-0.010887872,1.0313528
4.5871058,-0.65505505,-0.42900282,0.8793202,-0.9234996,0.043853454,-0.037851576,-8.47825,-1.5111244,-0.68003327,-0.00013634996,3.652786,-13.51848,18.787518,-0.34542727,0.028779117,-0.012647646,1.0483028
4.6367,-0.694979,-0.4159021,0.87819564,-0.8975002,0.11874563,-0.022429243,-8.484253,-2.772192,-0.8923074,-0.00088443724,3.652786,26.469603,28.398716,-0.6022487,0.030407889,-0.025102625,1.0525936
4.6870127,-0.7300952,-0.40557238,0.87449336,-0.8585983,0.1964744,-0.018717853,-6.9232144,-3.8430164,-1.0745564,-0.00096343545,3.652786,21.352524,3.9452577,0.29465193,0.024130477,-0.03529402,1.0393577
4.7372236,-0.76344365,-0.38133773,0.873622,-0.82640135,0.27799237,-0.008275583,-6.568977,-3.4393225,-1.0657247,-0.00015628479,3.6580646,-17.236856,-21.028511,-0.99496436,0.026066983,-0.023599533,1.0346488
4.786665,-0.78999025,-0.36519122,0.87403065,-0.7793786,0.3411909,0.00741711,-7.538396,-2.7237434,-1.0163541,0.00013923577,3.6580646,-24.420084,-2.4756455,-1.5790018,0.020876573,-0.02751279,1.0348357
4.83781,-0.82680196,-0.33909857,0.8778971,-0.74031246,0.40735388,0.032147523,-8.643585,-2.9578183,-1.097764,-0.00018811284,3.6580646,-2.5582654,14.7656765,-0.093635865,0.021359917,-0.029218873,1.0251584
4.886712,-0.8514694,-0.31967315,0.8818513,-0.70731825,0.47995177,0.0485779,-8.399045,-3.8682146,-1.2155819,-0.00022950712,3.6633432,8.707523,17.04888,-1.2580914,0.010638668,-0.038873605,1.0114083
4.9369144,-0.8824055,-0.29188627,0.88431954,-0.66102684,0.5480865,0.04844877,-8.401496,-4.663587,-1.3772464,-0.00027998682,3.6686218,-14.534152,12.230495,-1.7172492,0.014176496,-0.0319845,0.9906439
4.987193,-0.90767324,-0.2619169,0.8908142,-0.6268816,0.62114507,0.060211264,-9.440691,-5.286392,-1.4829495,0.00027926074,3.6633432,-29.104914,18.969677,-0.9585117,0.01591287,-0.043876737,0.9774348
5.036437,-0.9280902,-0.22766356,0.89567983,-0.56780297,0.6907266,0.054741077,-10.648121,-6.495862,-1.729088,-0.00007869731,3.6739004,-5.2040358,28.262884,-1.6508758,0.011202283,-0.03238933,0.9737693
5.087018,-0.9519826,-0.1924895,0.8958051,-0.5079504,0.77439344,0.025780523,-10.406361,-7.8468976,-2.0439286,-0.00015497742,3.6686218,21.743008,23.26353,-0.91880953,0.022570338,-0.047221918,0.9744339
5.136417,-0.962463,-0.15974832,0.89775574,-0.43557677,0.8486413,0.009675266,-9.237188,-8.888752,-2.1869452,-0.00010854594,3.6580646,16.097553,12.179431,-1.8796401,0.011119402,-0.04290698,0.99165976
5.1863766,-0.976723,-0.1116333,0.8984058,-0.35229772,0.9231536,-0.0045601935,-8.648502,-9.303116,-2.3019407,0.00005965971,3.652786,8.238215,1.330532,-1.2862105,0.014396583,-0.048084415,0.9964301
5.2460833,-0.9845466,-0.06508785,0.8952602,-0.27196306,0.9980687,-0.029421002,-8.226544,-9.47166,-2.343394,0.00024110067,3.652786,28.566801,7.4263744,1.8354425,0.000031560372,-0.0490864,1.0180489
5.2864847,-0.99215,-0.01871918,0.891748,-0.17592055,1.0638009,-0.04338006,-6.4689603,-9.82645,-2.2786407,0.00006636684,3.652786,58.352264,2.032972,3.8652685,-0.0041256044,-0.048343547,1.0279124
5.3365345,-0.9856246,0.0486651,0.88825154,-0.08236358,1.1320053,-0.046436362,-3.430465,-10.037897,-2.1108525,0.00014114502,3.652786,63.491436,-5.5186095,5.4894238,0.0035701012,-0.05711071,1.0341854
5.386649,-0.9816762,0.094428726,0.88761324,0.018323079,1.1473262,-0.031379882,-0.25674206,-9.622181,-1.7783167,0.000335828,3.6475074,40.767097,-17.88671,4.224994,-0.00089696253,-0.05355532,1.0360544
5.4363127,-0.9699766,0.14009719,0.8814222,0.113971554,1.135214,-0.043796815,1.5879511,-8.771322,-1.5381824,0.0004361184,3.6580646,15.832513,-18.99394,3.4718878,-0.0070761447,-0.04200448,1.0451832
5.4869146,-0.9529385,0.19735187,0.88091236,0.20007055,1.1214842,-0.023867246,2.5032916,-7.8754067,-1.329871,0.00048219878,3.6475074,27.906755,-13.930053,4.9767795,-0.007351533,-0.043753468,1.0467173
5.536554,-0.93744594,0.23747471,0.88251746,0.27138036,1.0784752,0.0010945571,4.2218027,-7.141598,-1.0931412,0.0006281964,3.6580646,40.863705,-10.160495,3.951492,-0.0175486,-0.047638997,1.0365727
5.5862894,-0.91967165,0.28431833,0.8831021,0.34059295,1.03514,0.011647022,6.1843762,-6.5517364,-0.9380627,0.0006293577,3.6580646,21.62826,-10.056276,2.7422516,-0.014283521,-0.04841289,1.0099399
5.636482,-0.90669274,0.31793436,0.88435245,0.39083797,0.9611241,0.01508113,7.000928,-6.1179957,-0.8019986,0.0008008676,3.6580646,-8.781474,6.9594083,1.5309951,-0.018880248,-0.031862702,1.0132955
5.686223,-0.88395923,0.35060978,0.88836575,0.43703744,0.8848546,0.029471057,6.639666,-6.694017,-0.59444827,0.00060053583,3.6580646,-6.6906657,25.325731,3.1568425,-0.015874857,-0.037996482,0.99765146
5.7366004,-0.8600857,0.38951835,0.8897186,0.49635613,0.8224608,0.022139072,6.691572,-7.9983644,-0.30439252,0.00017671568,3.6633432,25.771095,18.021791,2.2443197,-0.020305868,-0.02611935,0.9979612
5.7859983,-0.8369521,0.40910852,0.89297956,0.5556805,0.7464891,0.025665201,8.342466,-8.592834,0.010725976,0.0005311059,3.6580646,41.191128,-5.175422,2.9878018,-0.017374866,-0.032007415,0.9883671
5.83643,-0.81193966,0.43235555,0.8965512,0.6279274,0.6773751,0.023215896,10.275471,-8.103779,0.16681005,0.00087984296,3.6633432,18.198595,-12.8164425,2.648686,-0.027098259,-0.010789479,0.9961323
5.886493,-0.7764657,0.452209,0.8996783,0.6935345,0.5647129,0.01909228,10.859409,-7.4626727,0.26738065,0.0008481129,3.6580646,-12.319655,-3.3168476,3.071622,-0.034804337,-0.011379343,0.9836895
5.936122,-0.73838943,0.46334302,0.8983684,0.75317967,0.4607977,-0.0060695047,10.295306,-7.363786,0.4455168,0.0005538905,3.6580646,-4.417504,3.059162,3.8467152,-0.02942957,-0.025260126,1.0013429
5.986492,-0.70758814,0.46355575,0.8957108,0.81408983,0.3528037,-0.027171878,10.399818,-7.3086724,0.7001652,0.00038272518,3.652786,9.94087,-17.882141,2.8188114,-0.026124986,-0.0068381713,1.0082312
6.035752,-0.6668082,0.4687679,0.89316994,0.86779237,0.24807094,-0.038257394,10.959376,-6.109158,0.63004607,0.0009029607,3.6475074,3.8441038,-39.096046,1.9285463,-0.031238386,-0.0051638763,1.0291524
6.0860143,-0.62746644,0.4658746,0.892975,0.9026686,0.14083467,-0.02997276,10.998018,-4.354157,0.41951814,0.0014129243,3.6422288,-9.119591,-17.114542,0.5572369,-0.036633346,-0.016772587,1.0424232
6.1370516,-0.58184916,0.45041332,0.89013535,0.9530906,0.021504525,-0.027042933,10.565337,-3.7694108,0.4278856,0.000562786,3.6475074,-17.790234,4.09406,0.5850365,-0.028847573,0.0014100231,1.0541649
6.1857333,-0.5395791,0.43016815,0.88925797,0.97044855,-0.086337134,-0.012046807,9.727699,-3.906787,0.5567936,0.00044407186,3.6475074,-18.100689,-3.2420142,-0.8415541,-0.031140575,0.0055909846,1.0469705
6.235764,-0.49370563,0.4123324,0.8886996,1.0023823,-0.19136877,0.00015871576,8.751678,-3.1570516,0.49349362,0.00062284694,3.652786,-21.484762,-39.90827,-0.3915676,-0.038353052,0.009993837,1.0393701
6.2857566,-0.4658579,0.39534017,0.8874479,1.0151489,-0.27786285,0.00521814,7.6753173,-1.0071509,0.28887028,0.001307283,3.6580646,-22.450174,-38.37538,-1.0465876,-0.026305407,-0.0035479453,1.0219169
6.3356085,-0.41795594,0.3712347,0.8883033,1.0037823,-0.34712276,0.015715864,6.6292005,0.5182254,0.07353359,0.0013269853,3.6580646,-14.097122,2.4397063,-1.654884,-0.044443958,0.022213934,1.0305258
6.3861265,-0.37631136,0.33057526,0.89059585,1.0026715,-0.42046311,0.031120801,6.042563,0.19144858,0.124137,0.00015321026,3.6633432,-13.203215,11.678995,-0.85360485,-0.02871726,0.0024097115,0.9983678
6.4358654,-0.34577453,0.30499318,0.8900307,0.97661823,-0.48717123,0.019446597,5.2015076,0.006563306,0.15568835,0.0003699581,3.6686218,-36.751114,-20.885761,-1.8872014,-0.03256043,0.01906103,0.99236715
6.4858956,-0.30161178,0.26431617,0.8905923,0.96778995,-0.54841274,0.0140393805,3.02304,1.3091911,-0.012482096,0.00072867336,3.6633432,-66.174515,-42.932484,-1.6278156,-0.025032138,0.0073541696,0.98285854
6.535716,-0.2749725,0.23261361,0.89161927,0.9311404,-0.5722112,0.010469951,-0.28025988,3.5123274,-0.07935584,0.0013263776,3.6580646,-63.227467,-27.356646,-2.9447846,-0.031710587,0.026481269,0.9973799
6.585117,-0.24347453,0.19909489,0.8930189,0.88363445,-0.5753747,0.010818154,-3.046003,4.447618,-0.152255,0.0008881974,3.6633432,-28.746635,10.742366,-2.079889,-0.036511514,0.031010928,1.0016819
6.635331,-0.21964191,0.1714626,0.8956666,0.836746,-0.55987,0.016941313,-4.063492,3.8703978,-0.24628687,0.000102329104,3.6686218,-3.754613,13.727867,-0.7955323,-0.023921289,0.0130774155,0.9811011
6.6849046,-0.19490594,0.1452166,0.89844924,0.7805096,-0.52416754,0.016097441,-4.357963,3.5304034,-0.30620435,0.00030411783,3.6633432,-12.538683,-9.920055,-0.5243612,-0.0150752785,0.028955631,0.9739723
6.735705,-0.17106679,0.11976768,0.9007127,0.73492587,-0.48760286,0.010922861,-5.0908127,4.36503,-0.23785686,0.00072248676,3.6633432,-19.345556,-20.271872,-0.68053603,-0.023598514,0.0010199882,0.9637142
6.784898,-0.14458156,0.099112734,0.89960283,0.6817877,-0.44406098,-0.011282288,-5.9816017,5.152348,-0.14429487,0.00074017805,3.6633432,-8.159265,-3.3123963,0.8935858,-0.034376383,0.01733352,0.98659945
6.834791,-0.120495595,0.07966037,0.9017027,0.6250442,-0.38756505,-0.00988007,-6.0012765,5.070339,-0.13325603,0.00044350294,3.6580646,20.94151,13.389406,1.0722576,-0.02432069,0.0071264165,0.99505645
6.885329,-0.10591499,0.06885828,0.9030216,0.5755696,-0.33617526,-0.008224665,-4.6978407,4.6022468,-0.12133042,0.000105467836,3.6580646,33.02591,-3.55658,1.3198754,-0.020560706,-0.0019739843,0.98058283
6.935652,-0.08734793,0.058290355,0.8983911,0.5135094,-0.2924182,-0.035929564,-3.3217351,4.8818226,0.021330329,0.00069284387,3.6633432,12.215039,-11.075924,0.7829883,-0.023555836,0.003631531,1.0000724
6.9883995,-0.071240924,0.054121908,0.89453477,0.45998278,-0.24822082,-0.050616134,-2.813336,5.343994,0.11085411,0.00078438147,3.6475074,7.674826,8.47543,0.06734979,-0.009248472,-0.013191943,1.0086275
7.0619264,-0.06142006,0.04711199,0.8892946,0.40455818,-0.21663421,-0.0634784,-2.1872132,4.6572223,0.10997663,0.00026754627,3.6475074,7.674826,8.47543,0.06734979,-0.009248472,-0.013191943,1.0086275
7.0850577,-0.056739993,0.042437438,0.8850652,0.34573618,-0.19343449,-0.05986051,-0.49142516,3.2754328,0.09042611,0.00005722231,3.6422288,31.00706,28.816505,0.836492,-0.011273568,0.012820264,1.0270962
7.1310873,-0.05395015,0.045838602,0.88038296,0.29683512,-0.17032628,-0.053506806,0.5932151,2.5389888,0.09368817,0.00031612022,3.6422288,30.69461,21.425516,-0.9978505,-0.005461001,-0.0057671657,1.0384765
7.1803904,-0.051879007,0.039275687,0.87627363,0.26282078,-0.16958918,-0.047043927,0.43429604,2.57032,0.06785346,0.00048706032,3.6422288,0.56038845,1.3983048,-0.93500674,-0.006755923,-0.0018083946,1.0311457
7.2302423,-0.049335416,0.03190601,0.8727256,0.22803994,-0.17199443,-0.03446557,0.16522707,2.1191843,0.05122323,0.00023927167,3.6422288,-5.1547613,4.968767,-1.0992537,-0.0043052235,0.0023490698,1.0490129
7.2807765,-0.052410554,0.01698124,0.87232095,0.19341314,-0.17804387,-0.010675092,-0.23138046,1.1659731,0.03761715,0.000020694479,3.6422288,-6.2092814,19.748745,-0.22546595,-0.0020318225,-0.009421351,1.0448864
