time_s,x,y,z,vx,vy,vz,roll_deg,pitch_deg,yaw_deg,thrust,vbat,gyro_x,gyro_y,gyro_z,acc_x,acc_y,acc_z
0.050,-0.056757330894470215,0.052244286984205246,0.8749330639839172,0.025273947045207024,-0.03330065682530403,0.019642263650894165,0.0018181982450187206,0.26067912578582764,0.19134332239627838,0.0005138302803970873,3.6105573177337646,-21.629566192626953,5.629674911499023,-0.0022567440755665302,-0.004801900591701269,-0.0068254973739385605,0.9849004745483398
0.100,-0.061437077820301056,0.04850517213344574,0.8738517761230469,0.01798860915005207,-0.05170338973402977,0.01360587403178215,-1.7377418279647827,0.7001832723617554,0.3044871985912323,0.000765105476602912,3.6158359050750732,-30.915699005126953,-5.374567031860352,1.9281127452850342,-0.0024748772848397493,-0.008362107910215855,0.9863637685775757
0.152,-0.05713105574250221,0.04485186189413071,0.8739321231842041,0.008256497792899609,-0.047993626445531845,-0.004180566873401403,-3.351651191711426,1.3047950267791748,0.4547049403190613,0.0012161654885858297,3.6105573177337646,-40.40704345703125,-16.79292869567871,2.528104305267334,-0.003969820216298103,0.009343689307570457,0.9699617624282837
0.204,-0.05931127816438675,0.04138155281543732,0.872664749622345,0.004864046350121498,-0.029632549732923508,-0.014717384241521358,-3.021181344985962,0.8796696662902832,0.5897207856178284,0.0010912508005276322,3.6158359050750732,-6.969547271728516,1.2029370069503784,3.054245948791504,-0.004826327320188284,-0.0118287717923522,0.9837901592254639
0.249,-0.057800374925136566,0.04048551991581917,0.8692668676376343,-0.008377538062632084,-0.004132586065679789,-0.025134582072496414,-0.5887609124183655,-0.5829039216041565,0.7240700125694275,0.0008728018729016185,3.6105573177337646,40.71963882446289,24.92119789123535,3.9939353466033936,0.0012247118866071105,-0.015208366326987743,0.9864205121994019
0.299,-0.053915999829769135,0.046867456287145615,0.8690226674079895,-0.009072712622582912,0.01262570545077324,-0.03861633315682411,1.8401991128921509,-1.911529302597046,0.9507657885551453,0.0006829355261288583,3.605278730392456,56.26639938354492,29.818300247192383,3.1723177433013916,0.002082912251353264,-0.019097289070487022,1.0014535188674927
0.349,-0.05618002265691757,0.051109883934259415,0.8659064173698425,0.006041846703737974,0.0156920924782753,-0.031255971640348434,3.6086251735687256,-2.750636339187622,1.2949843406677246,0.0008588996133767068,3.6000001430511475,35.64445877075195,19.43131446838379,6.055751800537109,-0.004638420417904854,-0.024507995694875717,1.0095444917678833
0.400,-0.06009286642074585,0.052408646792173386,0.8637286424636841,0.022655880078673363,-0.007278356701135635,-0.03567946329712868,5.858845233917236,-3.423046588897705,1.6449096202850342,0.0010873732389882207,3.594721555709839,39.70192337036133,13.06490707397461,6.812573432922363,-0.004745494108647108,-0.016252703964710236,1.0170859098434448
0.449,-0.0563540905714035,0.04645200073719025,0.865372896194458,0.04270683228969574,-0.036570802330970764,-0.0295850932598114,8.83774471282959,-4.8449931144714355,2.1476495265960693,0.0010991364251822233,3.5894429683685303,53.376609802246094,24.052927017211914,5.875782012939453,-0.0037307788152247667,-0.006688755005598068,1.032747745513916
0.500,-0.046777933835983276,0.04215634986758232,0.8705317974090576,0.0803205817937851,-0.10134362429380417,-0.0017804427770897746,11.864306449890137,-6.993971824645996,2.8665037155151367,0.000774869229644537,3.594721555709839,62.48509979248047,44.2556037902832,6.209261417388916,-0.004265470430254936,0.005592367611825466,1.0476927757263184
0.549,-0.04575185850262642,0.03531807288527489,0.876297652721405,0.1395399123430252,-0.18576638400554657,0.031246794387698174,13.557100296020508,-8.420356750488281,3.58035945892334,0.0006812381907366216,3.594721555709839,39.13850021362305,38.903839111328125,8.368906021118164,0.0009264170657843351,0.006393064744770527,1.0368053913116455
0.599,-0.03413385525345802,0.01262648031115532,0.8804022669792175,0.20385633409023285,-0.2852886915206909,0.0503072515130043,15.144963264465332,-9.599082946777344,4.127849578857422,0.000986118451692164,3.6000001430511475,26.82891273498535,21.839086532592773,4.899391174316406,-0.00900890864431858,0.004085613414645195,1.0378837585449219
0.649,-0.01822235994040966,-0.012894692830741405,0.8841297626495361,0.28623756766319275,-0.41346976161003113,0.0533086359500885,16.759498596191406,-11.417850494384766,4.693624496459961,0.0006976207951083779,3.6000001430511475,36.394100189208984,33.91179656982422,1.6570255756378174,-0.016112161800265312,0.019261697307229042,1.0310229063034058
0.700,-0.0019256980158388615,-0.04087604582309723,0.8856142163276672,0.3815361559391022,-0.5455559492111206,0.0435827299952507,15.603093147277832,-12.59034252166748,4.887680530548096,0.00022248424647841603,3.6000001430511475,-3.2316248416900635,35.297401428222656,-2.105272054672241,-0.009620733559131622,0.027708115056157112,1.010672688484192
0.749,0.018757713958621025,-0.09172423928976059,0.8869956135749817,0.48503613471984863,-0.6747226715087891,0.017623137682676315,11.916158676147461,-12.166379928588867,4.432858943939209,0.0005150462966412306,3.594721555709839,-64.89633178710938,0.6685630083084106,-6.784381866455078,-0.013545045629143715,0.012615542858839035,1.015754222869873
0.799,0.049571018666028976,-0.13657979667186737,0.8873520493507385,0.5921223759651184,-0.8063528537750244,0.006325410213321447,7.74384880065918,-10.548025131225586,3.5187008380889893,0.0010101207299157977,3.605278730392456,-82.49302673339844,-29.087921142578125,-10.23568344116211,-0.017915036529302597,0.027019353583455086,1.0230815410614014
0.849,0.08872239291667938,-0.19922804832458496,0.8814976811408997,0.700488269329071,-0.9032848477363586,0.005260061472654343,4.292695999145508,-8.888871192932129,2.64218807220459,0.0011956337839365005,3.605278730392456,-67.83658599853516,-39.13982009887695,-15.084330558776855,-0.023720426484942436,0.03818702697753906,1.0300345420837402
0.899,0.1156097948551178,-0.23329266905784607,0.8749154806137085,0.7875711917877197,-0.956611692905426,-0.019626816734671593,0.06549907475709915,-8.121583938598633,1.8477978706359863,0.0009333692723885179,3.6000001430511475,-74.9507064819336,-23.878599166870117,-16.63491439819336,-0.026891669258475304,0.02692991867661476,1.0264509916305542
0.949,0.15284372866153717,-0.2724442183971405,0.8730798959732056,0.8518368005752563,-0.9749789834022522,-0.036305222660303116,-4.306519508361816,-7.512291431427002,1.2423036098480225,0.0006163981161080301,3.5894429683685303,-89.61158752441406,-6.081725597381592,-13.14063549041748,-0.033422958105802536,0.04406601935625076,1.0511157512664795
0.998,0.20237965881824493,-0.3316618800163269,0.8761755228042603,0.9233559370040894,-0.961170494556427,-0.015714483335614204,-7.231504917144775,-5.673711776733398,0.8929197788238525,0.0007528957212343812,3.594721555709839,-67.89482116699219,-26.133583068847656,-10.640351295471191,-0.03793163225054741,0.029594631865620613,1.0670363903045654
1.049,0.24542413651943207,-0.36103877425193787,0.8776884078979492,0.9765288233757019,-0.9086687564849854,0.023143425583839417,-9.081766128540039,-3.25065279006958,0.7319109439849854,0.001245108782313764,3.6000001430511475,-37.75674057006836,-48.50606155395508,-9.879988670349121,-0.03268417716026306,0.029832709580659866,1.0458871126174927
1.099,0.2871372699737549,-0.38460832834243774,0.8795437216758728,0.9978470802307129,-0.8083832263946533,0.0367375873029232,-11.351396560668945,-1.7690918445587158,0.5915693044662476,0.0014321825001388788,3.6105573177337646,-40.310394287109375,-37.056644439697266,-7.949745178222656,-0.04597601667046547,0.014691228978335857,1.0374562740325928
1.149,0.33823075890541077,-0.4204726815223694,0.8880119919776917,1.0171163082122803,-0.7119096517562866,0.04146422818303108,-13.593469619750977,-1.293477177619934,0.3882647156715393,0.0010090096620842814,3.6105573177337646,-49.826805114746094,-12.30128288269043,-4.491462230682373,-0.045033592730760574,0.0004271746438462287,1.0158613920211792
1.199,0.379800945520401,-0.43969252705574036,0.8920329213142395,1.0257558822631836,-0.609494686126709,0.06582143157720566,-14.630268096923828,-1.174768090248108,0.2420940399169922,0.0006267104763537645,3.621114492416382,-27.738435745239258,1.4700981378555298,-2.6781578063964844,-0.043678056448698044,0.030722936615347862,0.986647367477417
1.248,0.4343320429325104,-0.46088120341300964,0.8945415019989014,1.021908164024353,-0.48149099946022034,0.04676634445786476,-14.725926399230957,-0.2706890404224396,0.40498998761177063,0.0007172317709773779,3.6158359050750732,-5.3605217933654785,-9.626108169555664,-1.332680583000183,-0.031557388603687286,0.017507806420326233,0.9659896492958069
1.299,0.4737439751625061,-0.4731201231479645,0.8987010717391968,1.0327181816101074,-0.36096853017807007,0.02144133858382702,-15.073646545410156,2.146705150604248,0.9257359504699707,0.0010276192333549261,3.6105573177337646,-1.7943267822265625,-42.60729217529297,-0.7949150204658508,-0.036077871918678284,-0.0012561618350446224,0.9787907600402832
1.348,0.5174539685249329,-0.4698471128940582,0.8989757299423218,1.010067105293274,-0.23680301010608673,0.01138219889253378,-15.968870162963867,3.9896438121795654,1.3708828687667847,0.0015036455588415265,3.605278730392456,-14.241413116455078,-47.91703414916992,-0.9078723192214966,-0.03687857463955879,0.013018469326198101,0.976901113986969
1.399,0.5606063008308411,-0.4654019773006439,0.8948075771331787,0.9749110341072083,-0.09338108450174332,-0.012582672759890556,-16.267786026000977,3.6992533206939697,1.2602921724319458,0.0010454542934894562,3.605278730392456,-10.637761116027832,-6.646703243255615,-1.7206364870071411,-0.036053337156772614,-0.014807277359068394,0.9929735064506531
1.448,0.5982534289360046,-0.4534291923046112,0.8944727778434753,0.9302763342857361,0.0513070710003376,-0.04457303509116173,-15.03777027130127,2.8555116653442383,0.9501271843910217,0.00046352625940926373,3.594721555709839,15.873993873596191,22.42734146118164,-0.9630572199821472,-0.03271988779306412,-0.0269919466227293,1.0197256803512573
1.499,0.6262916326522827,-0.4266371428966522,0.8914399147033691,0.8932017087936401,0.20984037220478058,-0.043670058250427246,-13.199427604675293,3.3974342346191406,1.0035412311553955,0.0005498765967786312,3.594721555709839,38.77374267578125,3.4997406005859375,-0.5925934314727783,-0.028152232989668846,-0.00984328892081976,1.019884467124939
1.548,0.6700694561004639,-0.39161282777786255,0.8847706317901611,0.8530784249305725,0.3484058380126953,-0.051319949328899384,-11.767881393432617,4.798925399780273,1.2971423864364624,0.0011896995129063725,3.594721555709839,33.53813171386719,-30.349401473999023,-0.41792362928390503,-0.03541996330022812,-0.01980043761432171,1.0309805870056152
1.599,0.7015771865844727,-0.36768513917922974,0.8754811882972717,0.796773374080658,0.4692096710205078,-0.06570111215114594,-10.46548080444336,5.194802761077881,1.2646293640136719,0.0013557286001741886,3.5894429683685303,24.694124221801758,-19.59770393371582,-0.8342760801315308,-0.03388815373182297,-0.03412146493792534,1.044701337814331
1.648,0.7243011593818665,-0.3159635365009308,0.8667740821838379,0.7442074418067932,0.5894511342048645,-0.08190473169088364,-8.844401359558105,4.180924415588379,0.9625962376594543,0.0007625558646395802,3.578885793685913,33.041160583496094,14.918717384338379,-1.3919765949249268,-0.033225540071725845,-0.04021162912249565,1.0720758438110352
1.699,0.747388482093811,-0.2789374887943268,0.8620800375938416,0.6826573014259338,0.6846101880073547,-0.07727017998695374,-6.445742607116699,3.1854135990142822,0.7436003684997559,0.0003893661196343601,3.578885793685913,44.48952865600586,30.537914276123047,0.16552002727985382,-0.02694009616971016,-0.041438985615968704,1.096042513847351
1.749,0.7659710645675659,-0.2333521842956543,0.8560101389884949,0.6375662684440613,0.7719083428382874,-0.045564375817775726,-3.9709041118621826,3.7010185718536377,0.6582208871841431,0.000655428331810981,3.578885793685913,51.82827377319336,0.6283642053604126,-1.5706251859664917,-0.018981151282787323,-0.03784801438450813,1.0852471590042114
1.798,0.7906865477561951,-0.18252050876617432,0.8506773710250854,0.5932471752166748,0.8453161716461182,-0.028518982231616974,-2.0763888359069824,4.243799686431885,0.5837456583976746,0.0009867892367765307,3.5894429683685303,46.351497650146484,-16.19779396057129,-1.1816068887710571,-0.020967215299606323,-0.04594402015209198,1.0876266956329346
1.849,0.8109975457191467,-0.13719433546066284,0.8500685095787048,0.5456845760345459,0.8671165704727173,-0.014574281871318817,-1.0289660692214966,3.80277156829834,0.44709885120391846,0.0006284143310040236,3.5841643810272217,26.90900230407715,4.788599014282227,-1.939682960510254,-0.022511813789606094,-0.04461226612329483,1.0775578022003174
1.898,0.826607346534729,-0.08560698479413986,0.853391170501709,0.5017510652542114,0.8923936486244202,0.01737385429441929,-0.5031711459159851,3.6050124168395996,0.3235073983669281,0.00027203280478715897,3.594721555709839,11.396632194519043,10.539278030395508,-1.5321608781814575,-0.01751338131725788,-0.04004300385713577,1.0669922828674316
1.948,0.8392580151557922,-0.04998449981212616,0.859939694404602,0.45778506994247437,0.907315194606781,0.05426604673266411,0.33038923144340515,4.628627777099609,0.13742296397686005,0.0004590566677507013,3.6000001430511475,10.98337459564209,-11.316072463989258,-3.646757125854492,-0.015542584471404552,-0.03608788177371025,1.0410187244415283
1.998,0.8500427007675171,-0.010416357778012753,0.8693463802337646,0.41119563579559326,0.8945992588996887,0.0847337543964386,1.1137728691101074,6.052226543426514,-0.002130612963810563,0.0007844288484193385,3.6105573177337646,18.66429328918457,-30.024171829223633,-2.935264825820923,-0.021482110023498535,-0.03788120299577713,1.0190274715423584
2.048,0.8648234009742737,0.03418503701686859,0.8816579580307007,0.35611605644226074,0.8799059987068176,0.10488440096378326,0.7515869140625,6.635265350341797,-0.08855275809764862,0.0006762879202142358,3.6158359050750732,0.938623309135437,-19.042062759399414,-2.901080846786499,-0.015213321894407272,-0.035203687846660614,0.9652752876281738
2.098,0.8738939166069031,0.06899478286504745,0.8875609040260315,0.30257856845855713,0.8654775023460388,0.11314751207828522,-0.06377183645963669,6.758402347564697,-0.16936565935611725,0.0001305073528783396,3.631671667098999,-19.559310913085938,0.20491079986095428,-1.7828127145767212,-0.010805478319525719,-0.03258642554283142,0.9371575713157654
2.148,0.878254771232605,0.11343491077423096,0.8937230110168457,0.24284057319164276,0.8541680574417114,0.08157114684581757,-0.18715743720531464,7.651795387268066,-0.1621982753276825,0.0001892869040602818,3.621114492416382,-10.08009147644043,-11.397294044494629,-0.207114115357399,-0.0024951547384262085,-0.02252892218530178,0.9167904257774353
2.198,0.8806772828102112,0.14053790271282196,0.8936939239501953,0.18056130409240723,0.8578491806983948,0.04856332018971443,0.6093856692314148,8.859013557434082,-0.25962433218955994,0.0004231891070958227,3.6158359050750732,13.604981422424316,-23.612186431884766,-1.4475678205490112,-0.0012940934393554926,-0.03378117084503174,0.9120490550994873
2.248,0.8827736377716064,0.19016806781291962,0.896428644657135,0.10999088734388351,0.8373385667800903,-0.004103467334061861,0.7996397018432617,9.043103218078613,-0.286152184009552,0.0004907998372800648,3.6000001430511475,11.770800590515137,-16.75867462158203,-0.7029703855514526,-0.007392477709800005,-0.04762957990169525,0.9264371395111084
2.298,0.8764474987983704,0.2276136726140976,0.8957887291908264,0.036566272377967834,0.8417505621910095,-0.022166889160871506,0.6978382468223572,8.40121841430664,-0.33429789543151855,-0.0001294549147132784,3.6000001430511475,-6.357241630554199,13.706788063049316,0.009309164248406887,0.0003973472921643406,-0.04009115695953369,0.9682615399360657
2.348,0.8659889698028564,0.2603151798248291,0.8937578201293945,-0.04556194692850113,0.8244914412498474,-0.03363670036196709,2.141380786895752,8.768120765686035,-0.49562543630599976,-5.217982470639981e-05,3.5894429683685303,13.965018272399902,4.27918815612793,-2.754605531692505,0.00039958019624464214,-0.027667686343193054,1.0015424489974976
2.398,0.8551841974258423,0.2957034111022949,0.8925125002861023,-0.12860023975372314,0.8012223839759827,-0.03730397671461105,3.7324557304382324,9.811844825744629,-0.6458529829978943,0.0005336489412002265,3.594721555709839,40.27286911010742,-22.237518310546875,-2.5290451049804688,0.0025199493393301964,-0.02770381048321724,1.0112504959106445
2.448,0.8440293073654175,0.3245592713356018,0.8909378051757812,-0.20853443443775177,0.7808004021644592,-0.036716606467962265,3.477038621902466,9.800044059753418,-0.7158448696136475,0.0005118290428072214,3.5894429683685303,9.293803215026855,-11.576947212219238,-1.639867901802063,0.0018846060847863555,-0.03157063573598862,1.0150690078735352
2.498,0.8209800124168396,0.3498135805130005,0.8912454843521118,-0.2907114624977112,0.7361413836479187,-0.03434768319129944,2.957806348800659,8.80837345123291,-0.6824523210525513,7.90054036770016e-06,3.594721555709839,-18.083288192749023,16.460487365722656,-0.3187105059623718,0.013217642903327942,-0.02700183168053627,1.022601842880249
2.547,0.7945332527160645,0.36972999572753906,0.882515013217926,-0.3835495114326477,0.6968411207199097,-0.020135628059506416,4.094289779663086,7.669887065887451,-0.5836730003356934,-0.0001143870540545322,3.594721555709839,8.46052360534668,25.845794677734375,0.9427041411399841,0.012570669874548912,-0.02698451094329357,1.0266796350479126
2.598,0.7724923491477966,0.3966243863105774,0.8816503882408142,-0.4656406342983246,0.6473729610443115,-0.04601867496967316,5.397750377655029,6.485683917999268,-0.44409239292144775,-1.490501563239377e-05,3.5894429683685303,32.47480010986328,20.481048583984375,0.8915272951126099,0.010943787172436714,-0.017944011837244034,1.0393049716949463
2.648,0.7435553669929504,0.41662952303886414,0.8808203339576721,-0.5285754203796387,0.6013413667678833,-0.0276491641998291,5.032881736755371,5.650926113128662,-0.3285432457923889,-0.0002320322091691196,3.5841643810272217,4.981902122497559,23.4251708984375,0.7811386585235596,0.02055066078901291,-0.02255372889339924,1.0372344255447388
2.698,0.7103267312049866,0.42978039383888245,0.8781241774559021,-0.5901612043380737,0.539717972278595,-0.014490021392703056,4.654666900634766,5.838855743408203,-0.36607542634010315,0.00012051662633894011,3.594721555709839,-17.260814666748047,4.905025005340576,0.9360731840133667,0.02517075464129448,-0.01759333349764347,1.0368648767471313
2.748,0.6836001873016357,0.43505170941352844,0.8755330443382263,-0.6392897367477417,0.4845358431339264,-0.010038304142653942,5.958045482635498,5.707453727722168,-0.41541191935539246,0.00043047769577242434,3.5894429683685303,10.725109100341797,-7.235726356506348,1.0966274738311768,0.025140047073364258,-0.014607789926230907,1.0359634160995483
2.797,0.641170859336853,0.44565752148628235,0.8781693577766418,-0.6959620714187622,0.42417585849761963,-0.006664982996881008,7.497371673583984,3.9240386486053467,-0.2947623133659363,0.00011144918244099244,3.594721555709839,35.210960388183594,22.360258102416992,-1.194366455078125,0.020704708993434906,-0.02194899134337902,1.0346840620040894
2.848,0.6075339913368225,0.4567220211029053,0.8798881769180298,-0.7379599213600159,0.34825897216796875,0.016397695988416672,7.798813819885254,2.173198938369751,-0.13983935117721558,-0.0004722026060335338,3.594721555709839,18.561546325683594,44.49123764038086,-1.255129098892212,0.023073822259902954,-0.019787149503827095,1.021461844444275
2.898,0.5728687644004822,0.4548293650150299,0.8800197243690491,-0.7509414553642273,0.27312594652175903,0.02569422498345375,7.44221305847168,2.2295241355895996,-0.20261700451374054,-0.0003433366946410388,3.6000001430511475,-8.3093900680542,13.750112533569336,0.28852954506874084,0.028768569231033325,-0.007866375148296356,1.0206031799316406
2.948,0.5399590730667114,0.4568856358528137,0.8844492435455322,-0.769160807132721,0.18960562348365784,0.022409183904528618,7.780227184295654,2.9691100120544434,-0.3783781826496124,0.00032913166796788573,3.594721555709839,-5.206613540649414,-18.129289627075195,0.5243580937385559,0.025923319160938263,-0.007878118194639683,1.0208046436309814
2.997,0.5109249353408813,0.4550025761127472,0.8850769400596619,-0.7794944047927856,0.11621309816837311,0.03824141249060631,9.466403007507324,2.417454481124878,-0.3903462290763855,0.0001830093387980014,3.605278730392456,26.219491958618164,-3.262761354446411,-0.9082071781158447,0.013879107311367989,-0.010885270312428474,1.0089093446731567
3.047,0.47628411650657654,0.44947779178619385,0.8873907923698425,-0.7971808314323425,0.03995126485824585,0.02588239498436451,10.836258888244629,0.43406859040260315,-0.09066701680421829,-0.0003797844110522419,3.6000001430511475,37.79220199584961,31.593793869018555,-0.845596969127655,0.022803641855716705,-0.014905400574207306,0.9920349717140198
3.098,0.42808660864830017,0.43991389870643616,0.8872991800308228,-0.814731240272522,-0.053024519234895706,0.017927948385477066,10.563597679138184,-0.8728196024894714,0.21901965141296387,-0.0006620973581448197,3.6000001430511475,9.948359489440918,40.52812957763672,-0.5924268960952759,0.021611327305436134,-0.01197176706045866,0.990132212638855
3.147,0.39409735798835754,0.4193804860115051,0.8900449872016907,-0.8124372959136963,-0.14978355169296265,0.0038680285215377808,9.584112167358398,-0.10787560045719147,0.12438907474279404,-0.00013912060239817947,3.5894429683685303,-22.16887092590332,2.707923173904419,1.549164056777954,0.03468378260731697,0.00072232581442222,0.9998373985290527
3.197,0.36762407422065735,0.39413678646087646,0.8916276693344116,-0.7975565791130066,-0.24913671612739563,0.011763669550418854,9.436455726623535,1.3659592866897583,-0.13939331471920013,0.0006040334119461477,3.6000001430511475,-11.8704833984375,-34.62974548339844,1.7465845346450806,0.018739042803645134,0.01580648310482502,1.0082473754882812
3.247,0.33649206161499023,0.3741035461425781,0.8913604021072388,-0.7846763730049133,-0.3426648676395416,0.011454775929450989,9.684542655944824,1.2396798133850098,-0.11437582224607468,0.00047988322330638766,3.594721555709839,5.556171894073486,-17.606937408447266,-0.12528599798679352,0.024406176060438156,0.009102757088840008,0.9998563528060913
3.297,0.30862879753112793,0.3500402569770813,0.8927547335624695,-0.7865022420883179,-0.4249405562877655,0.0007053822628222406,9.447649002075195,-0.5824016332626343,0.19092823565006256,-0.0002533260267227888,3.594721555709839,-0.6858409643173218,26.437131881713867,0.7065867781639099,0.017840715125203133,0.0081760473549366,0.9998178482055664
3.347,0.272040992975235,0.3265964686870575,0.8921780586242676,-0.7788050770759583,-0.5088284015655518,0.0017807870171964169,9.100728034973145,-1.321712851524353,0.42275500297546387,-0.0007106463308446109,3.5894429683685303,-7.239417552947998,33.51108169555664,1.666846752166748,0.029383379966020584,0.013279207982122898,1.0053684711456299
3.397,0.24185949563980103,0.28996792435646057,0.8951370716094971,-0.7604466080665588,-0.5830472707748413,-0.003558706259354949,8.943166732788086,0.04061350226402283,0.3179524540901184,-0.00013469760597217828,3.594721555709839,-2.4019100666046143,-10.40380573272705,2.950162172317505,0.022294240072369576,0.036889225244522095,1.0057752132415771
3.447,0.21687930822372437,0.2415323108434677,0.8940343260765076,-0.7457917928695679,-0.6638934016227722,0.00692111486569047,8.193343162536621,1.8982234001159668,0.031645551323890686,0.0006561569171026349,3.6000001430511475,-8.46796989440918,-43.56905746459961,1.8994934558868408,0.020113319158554077,0.01724867895245552,0.9926446080207825
3.497,0.1938920021057129,0.20255230367183685,0.8945729732513428,-0.7299281358718872,-0.7514867186546326,-0.0073411897756159306,6.204270839691162,2.1847751140594482,-0.018512355163693428,0.00043634718167595565,3.6000001430511475,-30.155454635620117,-24.099008560180664,2.4038326740264893,0.005619297735393047,0.0208310354501009,0.991405725479126
3.547,0.17151910066604614,0.16184619069099426,0.8925126194953918,-0.7364592552185059,-0.8177884817123413,-0.008284247480332851,4.459795951843262,1.058785080909729,0.0938601940870285,-0.00017406440747436136,3.594721555709839,-42.83026123046875,16.037918090820312,0.8892890214920044,0.014473922550678253,0.013909541070461273,1.0035239458084106
3.597,0.1418573260307312,0.10795710235834122,0.8912675976753235,-0.7332256436347961,-0.8715845942497253,-0.014501758851110935,4.0918755531311035,0.6891835927963257,0.19988879561424255,-0.0005899034440517426,3.594721555709839,-21.291349411010742,21.083715438842773,0.6911393404006958,0.02174454554915428,0.03871803730726242,1.010665774345398
3.647,0.1217392086982727,0.07977722585201263,0.8892933130264282,-0.7297859191894531,-0.9122717380523682,-0.013386638835072517,3.958631753921509,1.6986268758773804,0.1675395369529724,-5.956478344160132e-05,3.5894429683685303,4.346024513244629,-17.955726623535156,1.2179443836212158,0.014419113285839558,0.0322759635746479,1.003780722618103
3.697,0.0997251644730568,0.03676775097846985,0.8865114450454712,-0.7274393439292908,-0.9352626204490662,-0.021625638008117676,2.4399125576019287,3.2011027336120605,0.09619739651679993,0.00034033978590741754,3.594721555709839,-25.367902755737305,-32.131980895996094,1.1944057941436768,0.017509780824184418,0.022000830620527267,1.0044366121292114
3.747,0.06965605169534683,-0.018407708033919334,0.8866330981254578,-0.7309959530830383,-0.9569289684295654,-0.027797605842351913,-0.15593796968460083,3.5930049419403076,0.18174511194229126,0.00013619904348161072,3.5841643810272217,-52.22914123535156,-15.099289894104004,2.9168055057525635,0.019421637058258057,0.029344048351049423,1.0103930234909058
3.797,0.04355959966778755,-0.05809902399778366,0.8866157531738281,-0.7487955093383789,-0.9643062353134155,-0.01122770644724369,-1.8050540685653687,3.2327933311462402,0.16835708916187286,-0.00026507736765779555,3.594721555709839,-40.990379333496094,7.08971643447876,0.5736947059631348,0.0251788180321455,0.02894647978246212,1.0268937349319458
3.846,0.012984179891645908,-0.10562073439359665,0.8857149481773376,-0.7682386040687561,-0.952294111251831,0.003392021870240569,-1.7289607524871826,3.3303253650665283,0.16612492501735687,-0.0002810943406075239,3.5894429683685303,-1.344519019126892,2.912213087081909,-0.2525674104690552,0.027566131204366684,0.030758464708924294,1.0200159549713135
3.897,-0.016778934746980667,-0.14513930678367615,0.8856730461120605,-0.7769137024879456,-0.9259631633758545,0.006798452697694302,-1.599514126777649,4.005549430847168,0.2420687973499298,-0.00010483901860425249,3.594721555709839,7.164071083068848,-14.950231552124023,1.362202763557434,0.02260315790772438,0.037023477256298065,1.0074225664138794
3.947,-0.05875709280371666,-0.18867839872837067,0.8889563083648682,-0.8004328012466431,-0.9011673927307129,0.005137335974723101,-3.3383169174194336,4.692753791809082,0.4250934422016144,1.8205268133897334e-05,3.594721555709839,-16.36876678466797,-14.118376731872559,2.451688766479492,0.02658468298614025,0.02269621752202511,0.9988835453987122
3.997,-0.08254344016313553,-0.22506964206695557,0.8932926058769226,-0.8311919569969177,-0.8785675764083862,0.01643992029130459,-5.2712507247924805,4.8693928718566895,0.508381724357605,3.198077320121229e-05,3.6000001430511475,-46.20939254760742,-6.304474830627441,1.0266292095184326,0.022103326395154,0.026096511632204056,0.9949862360954285
4.047,-0.11543495953083038,-0.2634504437446594,0.8999824523925781,-0.8514119982719421,-0.8335158228874207,0.028438042849302292,-6.678683280944824,4.823684215545654,0.583748996257782,-0.00011702784104272723,3.6000001430511475,-35.93010711669922,-3.5478525161743164,-0.08167757093906403,0.01507485844194889,0.028513465076684952,0.9983830451965332
4.097,-0.158647358417511,-0.29349640011787415,0.9011357426643372,-0.8876852989196777,-0.7889010906219482,0.04232272505760193,-6.595029354095459,4.409344673156738,0.5361117124557495,-0.00019478278409224004,3.6105573177337646,-1.3052154779434204,7.041445255279541,0.7225655913352966,0.020610738545656204,0.03627631068229675,0.9643617272377014
4.147,-0.1997520625591278,-0.32188671827316284,0.9032018780708313,-0.9194074273109436,-0.7210885882377625,0.015383525751531124,-6.960363864898682,4.020459175109863,0.5436074137687683,-0.00019475177396088839,3.605278730392456,-0.5968826413154602,9.993165016174316,-0.33529335260391235,0.02367572672665119,0.0304997731000185,0.9585199952125549
4.196,-0.23990429937839508,-0.349250465631485,0.9001520276069641,-0.9458138346672058,-0.6580729484558105,-0.003962884657084942,-8.377077102661133,3.9177370071411133,0.5495368838310242,-8.250731298176106e-06,3.605278730392456,-26.745166778564453,2.3506579399108887,0.5400940775871277,0.024503543972969055,0.022730829194188118,0.9564359784126282
4.247,-0.2861267328262329,-0.37063032388687134,0.8966240882873535,-0.9705435037612915,-0.5898355841636658,-0.03614437207579613,-9.185928344726562,3.414454221725464,0.4943593442440033,5.450475146062672e-05,3.5894429683685303,-21.944108963012695,4.41407585144043,1.1039884090423584,0.020906463265419006,0.004317822866141796,0.9791606068611145
4.296,-0.32973989844322205,-0.38698241114616394,0.8956632018089294,-0.989269495010376,-0.4955785274505615,-0.056291647255420685,-9.259695053100586,2.1286892890930176,0.30432578921318054,-0.00033687494578771293,3.5841643810272217,-2.0328216552734375,23.122072219848633,-0.2864898443222046,0.027781622484326363,0.014237779192626476,1.0089466571807861
4.346,-0.3830322325229645,-0.40204542875289917,0.890061616897583,-1.0117281675338745,-0.41264891624450684,-0.04471363499760628,-9.457560539245605,0.8188868165016174,0.10662578046321869,-0.0004694090166594833,3.5841643810272217,-2.0457229614257812,29.16608428955078,0.12149560451507568,0.029272044077515602,0.004687509033828974,1.0309385061264038
4.396,-0.42122557759284973,-0.41174817085266113,0.8899210691452026,-1.0276250839233398,-0.32309266924858093,-0.05045289918780327,-9.436635971069336,-0.11762911081314087,0.053567659109830856,-0.0002601971209514886,3.5841643810272217,-1.7625309228897095,19.256500244140625,1.2967456579208374,0.032349925488233566,-0.005534780211746693,1.04714035987854
4.447,-0.4634561836719513,-0.416715532541275,0.8884883522987366,-1.011731743812561,-0.249234139919281,-0.02788652293384075,-9.23853588104248,-0.3856354057788849,0.041622716933488846,-0.0003863500023726374,3.5841643810272217,1.9666117429733276,7.250512599945068,0.17992429435253143,0.0401209257543087,-0.007706349715590477,1.0494872331619263
4.497,-0.5085361003875732,-0.40765810012817383,0.8881105184555054,-0.9983958601951599,-0.13424016535282135,-0.014443861320614815,-9.173565864562988,-0.563530445098877,0.003369492245838046,-0.0002429976884741336,3.5894429683685303,5.960402965545654,4.9455976486206055,-0.09988800436258316,0.03471241518855095,-0.0017380297649651766,1.0321435928344727
4.546,-0.5446822643280029,-0.4076087176799774,0.8888373374938965,-0.9864599108695984,-0.055870421230793,-0.004594760946929455,-9.136648178100586,-0.8943797945976257,-0.03303138166666031,-0.0002928587782662362,3.5894429683685303,-0.5726003050804138,5.25347375869751,-0.7801003456115723,0.03054232709109783,-0.0005812083836644888,1.0311554670333862
4.597,-0.580923855304718,-0.397502064704895,0.8845978379249573,-0.9627841114997864,0.02520778961479664,0.005617683287709951,-8.69047737121582,-1.2283365726470947,-0.05132700502872467,-0.00047642967547290027,3.594721555709839,7.475218772888184,11.768817901611328,-0.5023761987686157,0.030589435249567032,-0.0005513295182026923,1.0186494588851929
4.646,-0.6237027049064636,-0.38457995653152466,0.8821830749511719,-0.9381456971168518,0.1141846552491188,-0.015408720821142197,-7.930489540100098,-1.3381322622299194,-0.10316836088895798,-0.0002777317713480443,3.5841643810272217,18.29779052734375,-0.373089075088501,-0.6422886848449707,0.02927413210272789,-0.007409473415464163,1.0169677734375
4.698,-0.660271167755127,-0.3689638078212738,0.8813539147377014,-0.9221181869506836,0.19465145468711853,-0.021481648087501526,-7.764425277709961,-1.3931645154953003,-0.08327580988407135,-6.809648766648024e-05,3.5841643810272217,7.893706798553467,-0.3446754217147827,-1.0318397283554077,0.028563242405653,-0.02354787476360798,1.018760085105896
4.746,-0.6987782120704651,-0.34907764196395874,0.8798520565032959,-0.8978619575500488,0.2685939073562622,-0.01370700541883707,-8.026065826416016,-1.6972312927246094,-0.054822634905576706,5.393627725425176e-05,3.5841643810272217,-4.806624412536621,1.713050127029419,1.4435932636260986,0.03028043732047081,-0.02223331667482853,1.0252876281738281
4.796,-0.7287394404411316,-0.3305121064186096,0.8797739744186401,-0.876822292804718,0.34467095136642456,-0.008579995483160019,-8.025278091430664,-2.873704433441162,-0.13497591018676758,2.9824550438206643e-05,3.5894429683685303,-0.7742908000946045,15.589061737060547,1.0669716596603394,0.028069747611880302,-0.012226687744259834,1.0311379432678223
4.846,-0.7624660730361938,-0.31003183126449585,0.8791516423225403,-0.8347858786582947,0.43000826239585876,0.003943994641304016,-7.74977970123291,-4.40875244140625,-0.3652380406856537,-0.00030233009601943195,3.5894429683685303,5.117560863494873,31.400251388549805,-0.6210690140724182,0.02795703522861004,-0.024498462677001953,1.0330572128295898
4.896,-0.7998669147491455,-0.2794525921344757,0.8816879987716675,-0.7992017865180969,0.48275068402290344,0.007819898426532745,-7.636740207672119,-5.330332279205322,-0.5132848024368286,-0.00021284028480295092,3.5894429683685303,7.766402244567871,22.343036651611328,-1.3908032178878784,0.029302142560482025,-0.028250480070710182,1.0234205722808838
4.946,-0.8312640190124512,-0.2544345557689667,0.8860586285591125,-0.7552163600921631,0.5542110204696655,0.01825973205268383,-7.898807048797607,-5.758184909820557,-0.5342722535133362,0.00017807091353461146,3.594721555709839,-5.037015914916992,8.489426612854004,-0.39624524116516113,0.023036418482661247,-0.03410808742046356,1.0090206861495972
4.996,-0.8645986318588257,-0.21599049866199493,0.8918518424034119,-0.6925868391990662,0.6286519169807434,0.02811620384454727,-7.799435138702393,-6.519348621368408,-0.578278660774231,0.0003608519909903407,3.6000001430511475,-3.0636115074157715,9.295892715454102,2.2767205238342285,0.02081024833023548,-0.023801367729902267,0.994563102722168
5.046,-0.8847388625144958,-0.1827193647623062,0.8951787948608398,-0.6507283449172974,0.6858669519424438,0.0401444286108017,-6.46570348739624,-8.317076683044434,-0.7004130482673645,0.00014565161836799234,3.6000001430511475,21.795249938964844,32.69491195678711,0.017381316050887108,0.012250702828168869,-0.037436019629240036,0.9948533177375793
5.096,-0.9038628339767456,-0.1455848664045334,0.898044228553772,-0.5759699940681458,0.7438814043998718,0.03386988863348961,-5.5115156173706055,-9.919343948364258,-0.8116028308868408,-0.000161694799317047,3.6000001430511475,25.91946792602539,34.72088623046875,0.009545321576297283,0.018808748573064804,-0.02789163589477539,0.9677938222885132
5.146,-0.9244400262832642,-0.09702260792255402,0.8944637775421143,-0.49139603972435,0.7902140617370605,0.015944043174386024,-5.743880271911621,-10.039487838745117,-0.7337422966957092,-9.237571794074029e-05,3.594721555709839,-0.2145460546016693,13.74992561340332,1.2672626972198486,0.011029340326786041,-0.04571959003806114,0.9644008278846741
5.196,-0.9367543458938599,-0.058037903159856796,0.8918994069099426,-0.40415525436401367,0.8464885950088501,-0.02670440636575222,-5.1195878982543945,-8.869939804077148,-0.4351364076137543,0.0004243266594130546,3.5894429683685303,0.7870376110076904,-19.702608108520508,2.5189530849456787,0.011265134438872337,-0.04896821454167366,0.9831253886222839
5.247,-0.9410613179206848,-0.01603325456380844,0.8885933756828308,-0.3143700659275055,0.8880977034568787,-0.04227743297815323,-2.8722829818725586,-7.740962028503418,-0.14952783286571503,0.0007482676883228123,3.578885793685913,38.64204406738281,-30.340988159179688,2.7716739177703857,0.008047554641962051,-0.03788124397397041,1.0163371562957764
5.296,-0.944591224193573,0.03621179237961769,0.8813943266868591,-0.2289242148399353,0.9217027425765991,-0.04460086673498154,-1.1538925170898438,-7.89462423324585,-0.058456797152757645,0.00038134382339194417,3.578885793685913,45.04658889770508,-2.597478151321411,2.3544716835021973,0.0026558060199022293,-0.040423352271318436,1.0193346738815308
5.345,-0.9460470080375671,0.07438836991786957,0.875417947769165,-0.15091288089752197,0.9485930800437927,-0.05783313140273094,-1.5189913511276245,-8.215696334838867,-0.01903221197426319,7.011549314484e-05,3.5736072063446045,0.6292948722839355,10.949604034423828,1.0956476926803589,-0.003232998540624976,-0.03895892575383186,1.0432158708572388
5.395,-0.9476385712623596,0.1267894208431244,0.8771189451217651,-0.06962266564369202,0.9474762082099915,-0.05199224501848221,-2.135037422180176,-7.2076735496521,-0.08794388175010681,0.00037141062784940004,3.568328619003296,-19.319438934326172,-11.179174423217773,-1.1122633218765259,0.0056588477455079556,-0.03812022879719734,1.0673341751098633
5.446,-0.9439129829406738,0.1645435243844986,0.8789731860160828,0.0012111422838643193,0.9694114327430725,-0.005001476034522057,-0.8168771266937256,-6.265494346618652,-0.034275129437446594,0.0009309400920756161,3.578885793685913,14.271384239196777,-29.985733032226562,-0.8180153369903564,0.00501468637958169,-0.04254746064543724,1.0681838989257812
5.496,-0.9329805374145508,0.20289649069309235,0.8828702569007874,0.06409693509340286,0.9706113338470459,0.02774566039443016,1.181457281112671,-7.628716468811035,0.08690085262060165,0.0005694392020814121,3.594721555709839,43.4778938293457,14.027650833129883,2.1606903076171875,-0.004278203938156366,-0.04941903427243233,1.043168067932129
5.546,-0.92344731092453,0.24273021519184113,0.8866917490959167,0.14424137771129608,0.9553520679473877,0.05048278719186783,1.546308994293213,-9.637438774108887,0.10686477273702621,-0.000406240695156157,3.594721555709839,17.296178817749023,48.45625686645508,-1.3426233530044556,-0.00039845347055234015,-0.039813391864299774,1.002044677734375
5.597,-0.9162408709526062,0.2803023159503937,0.8935046792030334,0.20387302339076996,0.9341202974319458,0.05012865737080574,0.7516880035400391,-9.315340995788574,0.10038984566926956,-7.383341289823875e-05,3.6000001430511475,-18.00088882446289,13.93150520324707,-0.11723293364048004,-0.008577153086662292,-0.047750283032655716,0.9824163913726807
5.645,-0.8914904594421387,0.31533390283584595,0.8970748782157898,0.2771744728088379,0.9121154546737671,0.05725596100091934,1.4117721319198608,-7.376852989196777,0.162367045879364,0.0011637902352958918,3.6000001430511475,-0.6648709774017334,-42.13864517211914,1.0302019119262695,-0.011973483487963676,-0.02263195812702179,0.9839000701904297
5.696,-0.8735182881355286,0.3493559658527374,0.8974035382270813,0.3603670597076416,0.8926202654838562,0.04554692655801773,3.824101448059082,-6.800010681152344,0.32468029856681824,0.0008110805065371096,3.605278730392456,42.218177795410156,-23.403400421142578,2.699477434158325,-0.01506186742335558,-0.03884691372513771,0.9627215266227722
5.745,-0.8509361743927002,0.3852531611919403,0.8986812233924866,0.4138289988040924,0.8550440669059753,0.01638699695467949,5.972446918487549,-7.694051265716553,0.5220839381217957,0.00026805922971107066,3.594721555709839,46.494693756103516,14.96848201751709,1.4811948537826538,-0.009682792238891125,-0.024286475032567978,0.9621362090110779
5.795,-0.8296934366226196,0.4240439832210541,0.8958522081375122,0.47499796748161316,0.8151920437812805,-0.00298261153511703,7.164257526397705,-7.954978942871094,0.7232509851455688,-2.413165566395037e-05,3.5894429683685303,26.521987915039062,17.326885223388672,2.8800365924835205,-0.025388866662979126,-0.03918775916099548,0.9748896956443787
5.845,-0.8041818737983704,0.4474923014640808,0.8967816233634949,0.5299633145332336,0.7500061988830566,-0.03047564998269081,8.033138275146484,-6.12539529800415,0.8172350525856018,0.0006997967138886452,3.578885793685913,14.768105506896973,-24.434101104736328,4.2232866287231445,-0.015131703577935696,-0.030692553147673607,1.0083305835723877
5.895,-0.7776226997375488,0.4551145136356354,0.8947049379348755,0.5966171622276306,0.678997278213501,-0.0229725893586874,9.477245330810547,-3.8857498168945312,0.8340710997581482,0.0013287999900057912,3.5841643810272217,21.710878372192383,-50.35956573486328,6.320612907409668,-0.025113075971603394,-0.03484851494431496,1.029113531112671
5.945,-0.7388758063316345,0.4809130132198334,0.8942612409591675,0.6370986104011536,0.5742360949516296,-0.02346220053732395,11.15930461883545,-3.7741944789886475,0.9747312068939209,0.0012258642818778753,3.578885793685913,35.337989807128906,-17.731420516967773,3.580749750137329,-0.021426357328891754,-0.029534505680203438,1.026761770248413
5.995,-0.7127635478973389,0.4913574159145355,0.8939679265022278,0.6776371598243713,0.4820999205112457,-0.014896269887685776,12.03727912902832,-5.196734428405762,1.4468212127685547,0.0003357282839715481,3.5841643810272217,23.86273193359375,28.57908058166504,1.9708439111709595,-0.025149133056402206,-0.019840896129608154,1.0341469049453735
6.045,-0.6785836815834045,0.49471691250801086,0.8963605761528015,0.7059274911880493,0.3676203489303589,-0.010501226410269737,12.56848430633545,-5.697847843170166,1.7731819152832031,0.0003432733647059649,3.578885793685913,9.767677307128906,20.5745906829834,2.5993545055389404,-0.02067708596587181,-0.015711678192019463,1.0415756702423096
6.095,-0.6508668065071106,0.4959014058113098,0.9009944796562195,0.7537603974342346,0.24663196504116058,0.00793512910604477,13.526041984558105,-4.650809288024902,1.746710181236267,0.0007305914768949151,3.5841643810272217,13.979711532592773,-10.663125991821289,3.611419200897217,-0.02312012016773224,-0.020855750888586044,1.0265004634857178
6.145,-0.616370677947998,0.4919716417789459,0.900109589099884,0.7877059578895569,0.12777060270309448,0.024957837536931038,14.534699440002441,-3.539684534072876,1.570962905883789,0.0012743661645799875,3.5894429683685303,22.039226531982422,-27.675146102905273,1.1017054319381714,-0.031226010993123055,-0.019703874364495277,1.0230776071548462
6.195,-0.5726915597915649,0.483671098947525,0.9016451239585876,0.8190232515335083,-0.002067695604637265,0.009208887815475464,14.64000129699707,-3.6328063011169434,1.6311326026916504,0.000994618982076645,3.5894429683685303,7.838427543640137,-6.169557571411133,0.9382771849632263,-0.028295056894421577,0.004784432705491781,1.015194058418274
6.245,-0.5385503768920898,0.45955827832221985,0.9042341709136963,0.8503113985061646,-0.13784058392047882,0.0045628598891198635,13.772915840148926,-3.8344850540161133,1.7529429197311401,0.000542623340152204,3.5841643810272217,-11.766895294189453,8.152795791625977,0.010420147329568863,-0.03060109354555607,-0.015326914377510548,1.0144635438919067
6.295,-0.502338707447052,0.4298401176929474,0.9048469066619873,0.8724839687347412,-0.27150052785873413,0.006753669586032629,12.386602401733398,-3.0612356662750244,1.5451735258102417,0.0006985581130720675,3.5894429683685303,-27.445240020751953,-7.554902076721191,-1.4867868423461914,-0.024932952597737312,0.013683019205927849,1.0050245523452759
6.345,-0.4707278609275818,0.4001014828681946,0.9030578136444092,0.9007337689399719,-0.39868229627609253,-0.0015108771622180939,10.546239852905273,-1.5509613752365112,1.1735599040985107,0.0008919099345803261,3.5894429683685303,-33.23686599731445,-26.085220336914062,-2.0302529335021973,-0.0404575876891613,0.017035651952028275,1.0049057006835938
6.395,-0.44283825159072876,0.36753055453300476,0.8979270458221436,0.8983530402183533,-0.5050173997879028,-0.01827036216855049,7.942658424377441,-0.34797462821006775,0.8955370187759399,0.001249917782843113,3.5894429683685303,-49.92897415161133,-30.29651641845703,-1.918397068977356,-0.022605830803513527,0.007635108195245266,1.0012617111206055
6.445,-0.4059883654117584,0.3202835023403168,0.8923187255859375,0.8941699862480164,-0.6050828099250793,-0.04134882241487503,4.970416069030762,-0.04086305573582649,0.7540532350540161,0.0009202504297718406,3.578885793685913,-58.29960250854492,-8.792396545410156,-3.8710851669311523,-0.03898667171597481,0.01387041062116623,1.0169639587402344
6.495,-0.37675923109054565,0.28590428829193115,0.8855231404304504,0.8880555033683777,-0.6789904236793518,-0.04997001215815544,2.1412875652313232,-0.006202476564794779,0.684224009513855,0.0005153456586413085,3.578885793685913,-61.08552551269531,1.5708280801773071,-2.844364881515503,-0.02749609760940075,0.012995555065572262,1.0397694110870361
6.545,-0.34534043073654175,0.23459678888320923,0.8807625770568848,0.8747064471244812,-0.7230669260025024,-0.05646997317671776,-0.4377453029155731,1.293318271636963,0.6177588105201721,0.0005308256950229406,3.5736072063446045,-53.70431137084961,-12.464475631713867,-3.620107650756836,-0.025030789896845818,0.018902326002717018,1.0458078384399414
6.595,-0.3238750994205475,0.19457615911960602,0.8800196051597595,0.8396041393280029,-0.7381194829940796,-0.04612308368086815,-3.526348352432251,3.599608898162842,0.6683773994445801,0.00133429781999439,3.5736072063446045,-57.465049743652344,-44.89406204223633,-2.408165454864502,-0.024228479713201523,0.04306584969162941,1.0421196222305298
6.645,-0.29858866333961487,0.16345897316932678,0.8868656754493713,0.8076587915420532,-0.7322419881820679,-0.02097446843981743,-6.886814117431641,4.339900493621826,0.6268795132637024,0.0012411201605573297,3.578885793685913,-67.78079986572266,-30.910642623901367,-0.7576443552970886,-0.0312662236392498,0.010832390747964382,1.0492266416549683
6.694,-0.2718707025051117,0.12529395520687103,0.8901660442352295,0.7469971179962158,-0.6851495504379272,0.029099438339471817,-8.867079734802246,3.213109016418457,0.443549245595932,0.0005362434312701225,3.594721555709839,-55.92136001586914,17.196725845336914,-0.5136553645133972,-0.026772502809762955,0.014504527673125267,1.0338517427444458
6.744,-0.2463749498128891,0.09978064149618149,0.8998019099235535,0.7034887671470642,-0.6198176145553589,0.0422847606241703,-8.740129470825195,2.685225486755371,0.25346991419792175,-7.620004907948896e-05,3.594721555709839,-7.710146427154541,25.63640785217285,0.06909331679344177,-0.019480548799037933,0.007705829106271267,1.0095454454421997
6.795,-0.2269473522901535,0.08228375017642975,0.9021382927894592,0.6665274500846863,-0.5399365425109863,0.06559721380472183,-8.375185012817383,4.432243347167969,0.6123366355895996,0.00031279597897082567,3.6105573177337646,15.745265007019043,-17.37476348876953,1.2291358709335327,-0.0217293668538332,0.02307979203760624,0.959908127784729
6.844,-0.20050393044948578,0.06679720431566238,0.9054758548736572,0.623047411441803,-0.46094876527786255,0.031819622963666916,-9.436938285827637,7.0964884757995605,1.0111708641052246,0.0011108466424047947,3.6000001430511475,-8.804298400878906,-52.77562713623047,0.7487432956695557,-0.017765028402209282,0.018261529505252838,0.934861958026886
6.894,-0.18254555761814117,0.06402117758989334,0.9063535928726196,0.5682383179664612,-0.37608766555786133,0.0030786802526563406,-10.961228370666504,8.173978805541992,1.1509361267089844,0.0012507109204307199,3.6000001430511475,-35.242881774902344,-38.511722564697266,-0.17197810113430023,-0.01812010258436203,0.016705773770809174,0.9340323805809021
6.945,-0.16765758395195007,0.05408123508095741,0.9060838222503662,0.497419148683548,-0.28491637110710144,-0.028217611834406853,-9.878950119018555,7.032886028289795,0.8790981769561768,0.000638779194559902,3.5894429683685303,-3.6013453006744385,9.304768562316895,-0.24463139474391937,-0.026843782514333725,-0.00887343194335699,0.9769362211227417
6.995,-0.15406349301338196,0.05922102555632591,0.9020070433616638,0.42156174778938293,-0.1997060924768448,-0.04532105103135109,-6.474438190460205,5.418050765991211,0.6063223481178284,7.690410711802542e-05,3.5894429683685303,62.02498245239258,39.350833892822266,-0.7726180553436279,-0.013065394945442677,-0.005861255805939436,0.9685160517692566
7.045,-0.15665970742702484,0.06432612240314484,0.8897915482521057,0.35966384410858154,-0.1059451475739479,-0.07083240896463394,-4.027057647705078,5.135977268218994,0.4858584403991699,0.00029306276701390743,3.578885793685913,65.81092834472656,18.462562561035156,-1.7862019538879395,-0.006039994303137064,-0.018000375479459763,0.9843250513076782
7.094,-0.14843957126140594,0.07347333431243896,0.8805329203605652,0.2881270945072174,-0.04615537449717522,-0.11439835280179977,-4.104846954345703,5.21654748916626,0.4019608497619629,0.0010307914344593883,3.5630500316619873,14.883230209350586,-4.400172233581543,-2.6170289516448975,-0.009645254351198673,-0.015322736464440823,1.0213412046432495
7.144,-0.14460861682891846,0.06980472803115845,0.8709825873374939,0.2340496927499771,0.003489745082333684,-0.11642424762248993,-3.802903890609741,3.830674171447754,0.21354717016220093,0.0009088709484785795,3.5577712059020996,-9.896376609802246,13.366988182067871,-0.27074894309043884,-0.011250647716224194,-0.0094032883644104,1.0675044059753418
7.194,-0.15165552496910095,0.09468837082386017,0.864556074142456,0.17491580545902252,0.05219031870365143,-0.10033418983221054,-0.7759219408035278,1.1771812438964844,0.06957238167524338,0.0003112220438197255,3.5577712059020996,38.211822509765625,51.882652282714844,-1.3075007200241089,-0.006455065682530403,-0.014110897667706013,1.1038151979446411
