time,roll_rad,pitch_rad,yaw_rad,x,y,z
0.007112000,-0.045287091,0.000238764,-0.025457464,0.004635,-0.036251,1.074819
0.017031001,-0.044619463,0.001486019,-0.025547050,0.006270,-0.032428,1.075348
0.026929000,-0.043611649,0.002690123,-0.025604829,0.005997,-0.032190,1.075867
0.036839001,-0.042655081,0.003771102,-0.025539409,0.005726,-0.031910,1.076377
0.046762999,-0.041577421,0.004591759,-0.025514169,0.005580,-0.031812,1.078840
0.056682002,-0.040356789,0.005358313,-0.025522092,0.006432,-0.031000,1.079431
0.066573001,-0.039092153,0.006024125,-0.025497017,0.006191,-0.030594,1.080011
0.076490000,-0.038001124,0.005841643,-0.025509477,-0.001495,-0.024775,1.080579
0.086402997,-0.034318119,0.005898450,-0.025283152,-0.002025,-0.024063,1.080452
0.096325003,-0.034076147,0.006107836,-0.025276845,0.000757,-0.027489,1.080453
0.106222004,-0.032162774,0.005838307,-0.025248671,-0.001915,-0.025017,1.080921
0.116131000,-0.030056123,0.005805544,-0.025299776,-0.001683,-0.022855,1.081375
0.126055002,-0.027723113,0.005640035,-0.025407163,-0.003817,-0.018190,1.081852
0.135969996,-0.025420254,0.006001823,-0.025500571,-0.002898,-0.013837,1.082160
0.145876005,-0.023006918,0.006402899,-0.025645066,-0.004503,-0.009152,1.082543
0.155781001,-0.020145513,0.007232621,-0.025687255,-0.003053,-0.010318,1.082902
0.165698007,-0.017493488,0.008211708,-0.025722006,-0.004238,-0.008524,1.083239
0.175611004,-0.014791194,0.009328324,-0.025734313,-0.004527,-0.007353,1.082582
0.185516000,-0.011835403,0.010555654,-0.025835104,-0.005550,-0.006310,1.082827
0.195430994,-0.008946737,0.011828182,-0.025894376,-0.004444,-0.002664,1.083057
0.205342993,-0.005837914,0.012839755,-0.025932174,-0.005719,0.001143,1.083274
0.215248004,-0.002561590,0.013800872,-0.026021002,-0.005939,0.002159,1.083475
0.225176007,0.000523317,0.014381607,-0.026091289,-0.004698,0.005966,1.083075
0.235076994,0.003845504,0.014745991,-0.026237544,-0.004528,0.004364,1.083217
0.244984999,0.007004319,0.014851561,-0.026464401,-0.004687,0.005383,1.083338
0.254893005,0.010295352,0.014755468,-0.026689727,-0.005029,0.003586,1.083450
0.264809996,0.013590307,0.014580422,-0.026917364,-0.005164,0.004971,1.082132
0.274717987,0.015356161,0.014231153,-0.027148854,-0.004865,0.029365,1.082139
0.284630001,0.018435175,0.013977361,-0.027342584,-0.005027,0.033806,1.082142
0.294546992,0.021361342,0.013610578,-0.027551500,-0.005117,0.035034,1.082136
0.304452002,0.024429332,0.013256462,-0.027751522,-0.005053,0.033069,1.083232
0.314361006,0.027328096,0.013136620,-0.027905213,-0.004732,0.033724,1.083277
0.324277997,0.030398956,0.013411015,-0.028060760,-0.004167,0.036818,1.083316
0.334194005,0.034196887,0.013783767,-0.028112784,-0.003478,0.036300,1.083352
0.344108999,0.038373321,0.014236281,-0.028099965,-0.002594,0.038404,1.083389
0.354005009,0.042398881,0.014810557,-0.028100131,-0.001802,0.045960,1.084057
0.363925993,0.047342461,0.015292655,-0.028061546,-0.001643,0.042023,1.084130
0.373831987,0.052212723,0.015687943,-0.027963858,-0.001079,0.038606,1.084207
0.383738995,0.056176797,0.016147746,-0.027894961,-0.000917,0.044760,1.084279
0.393651009,0.059737846,0.016266162,-0.027751032,-0.001179,0.051314,1.086893
0.403562993,0.063197598,0.016055124,-0.027527137,-0.001725,0.050099,1.087086
0.413480014,0.065692775,0.015663037,-0.027488546,-0.001994,0.055637,1.087272
0.423393011,0.068005487,0.015469774,-0.027508900,-0.001880,0.056421,1.087456
0.433297008,0.070028074,0.015298160,-0.027455740,-0.002021,0.057068,1.086656
0.443206012,0.071764968,0.015197974,-0.027385326,-0.001883,0.057712,1.086765
0.453121990,0.073611043,0.014944599,-0.027279031,-0.001809,0.057696,1.086863
0.463037014,0.075556085,0.014942924,-0.027172975,-0.001645,0.058193,1.086953
0.472959995,0.077748910,0.015072546,-0.027116185,-0.001469,0.058617,1.087035
0.482863992,0.079762347,0.015715865,-0.026912361,0.002688,0.066822,1.086279
0.492774993,0.082427531,0.016251097,-0.026645159,0.004344,0.068827,1.086298
0.502681017,0.085053995,0.017266409,-0.026313694,0.005904,0.070748,1.086310
0.512597978,0.087772936,0.018346056,-0.026030160,0.007614,0.069775,1.086319
0.522505999,0.090531401,0.019406185,-0.025706161,0.009042,0.068788,1.086198
0.532418013,0.092879601,0.020268342,-0.025440006,0.006979,0.074481,1.086182
0.542321980,0.095431425,0.020983484,-0.025204660,0.007327,0.074481,1.086156
0.552255988,0.097839534,0.021510281,-0.024998769,0.007692,0.074387,1.086125
0.562156975,0.100054748,0.021771844,-0.024816662,0.007556,0.074821,1.086806
0.572067022,0.102150060,0.021993490,-0.024660658,0.010497,0.071994,1.086797
0.581969976,0.104009733,0.022021944,-0.024607822,0.010939,0.071590,1.086782
0.591885984,0.105793238,0.022004038,-0.024582230,0.011400,0.071084,1.086759
0.601801991,0.107544094,0.022155199,-0.024616295,0.011880,0.070475,1.086726
0.611706972,0.109252602,0.022425696,-0.024643179,0.012269,0.069857,1.087612
0.621626019,0.110777378,0.022957785,-0.024592707,0.012786,0.069036,1.087626
0.631527007,0.112026930,0.023904968,-0.024427777,0.013322,0.068108,1.087625
0.641448021,0.113137804,0.024719296,-0.024334561,0.011354,0.067374,1.087611
0.651350021,0.113971464,0.025866939,-0.024184417,0.011789,0.066424,1.088509
0.661262989,0.114714533,0.027202787,-0.023964720,0.012361,0.065171,1.088513
0.671178997,0.115343764,0.028780615,-0.023652362,0.012956,0.063806,1.088500
0.681083024,0.115859509,0.030597642,-0.023298319,0.013575,0.062329,1.088475
0.691003025,0.116225481,0.032327518,-0.022898452,0.009531,0.062809,1.088446
0.700909019,0.116993375,0.034357257,-0.022529168,0.009065,0.055444,1.087837
0.710819006,0.117439285,0.036404144,-0.022144504,0.008940,0.055734,1.087753
0.720735013,0.118047461,0.038793951,-0.021779032,0.012596,0.052397,1.087651
0.730641007,0.118571945,0.041092347,-0.021418283,0.013329,0.050321,1.087536
0.740549982,0.119241960,0.043852493,-0.021034600,0.017528,0.046624,1.085724
0.750464976,0.119479939,0.046394985,-0.020653063,0.018194,0.047689,1.085502
0.760376990,0.119782157,0.049269963,-0.020224292,0.022602,0.045441,1.085261
0.770291984,0.119819298,0.052255165,-0.019763932,0.027061,0.043837,1.085012
0.780197978,0.119997144,0.055225391,-0.019314855,0.030859,0.034533,1.083731
0.790107012,0.119464830,0.057694670,-0.018830223,0.023744,0.036777,1.083407
0.800026000,0.119352654,0.060255796,-0.018523153,0.026945,0.031723,1.083097
0.809931993,0.119111009,0.062585875,-0.018345419,0.028118,0.028686,1.082789
0.819855988,0.118672274,0.064362742,-0.018336762,0.026370,0.030909,1.082501
0.829762995,0.118942663,0.064981438,-0.018195635,0.008822,0.018806,1.081728
0.839667022,0.119115569,0.066346265,-0.018155424,0.006387,0.007182,1.081399
0.849586010,0.118681222,0.067711957,-0.018248526,0.007556,0.003555,1.081079
0.859489024,0.117810622,0.069393530,-0.018387422,0.007208,0.003928,1.080783
0.869404018,0.116953842,0.071409024,-0.018578356,0.003976,-0.001533,1.082201
0.879308999,0.115842603,0.074356034,-0.018729359,0.006334,-0.003722,1.081997
0.889238000,0.114879146,0.078326181,-0.018712364,0.010328,-0.016375,1.081776
0.899152994,0.112980999,0.083484381,-0.018591257,0.016337,-0.017479,1.081563
0.909054995,0.110871546,0.089565061,-0.018353850,0.022852,-0.018531,1.081565
0.918960989,0.109080747,0.096018486,-0.018007824,0.025661,-0.026807,1.081357
0.928879023,0.107416488,0.102638282,-0.017576132,0.027899,-0.038498,1.081144
0.938777030,0.105152205,0.109110527,-0.017256683,0.032456,-0.039478,1.080944
0.948704004,0.103169851,0.114648402,-0.016955422,0.035043,-0.044400,1.080743
0.958615005,0.101080619,0.119137913,-0.016893959,0.037013,-0.047926,1.082984
0.968523026,0.099507399,0.122370541,-0.016748326,0.032080,-0.056290,1.082935
0.978434026,0.098268285,0.124981403,-0.016646078,0.035958,-0.071907,1.082872
0.988339007,0.096185140,0.126255393,-0.016772648,0.035450,-0.072752,1.082837
0.998255014,0.094141088,0.126916647,-0.017106049,0.038306,-0.076547,1.083492
1.008162022,0.091849141,0.127857521,-0.017529907,0.048106,-0.076930,1.083496
1.018072963,0.089470737,0.128192022,-0.017814150,0.047463,-0.083663,1.083499
1.027981043,0.086921625,0.128835946,-0.018073628,0.047660,-0.089863,1.083499
1.037897944,0.084336676,0.129834920,-0.018258629,0.048024,-0.099437,1.083491
1.047814965,0.080964811,0.131369650,-0.018441157,0.052773,-0.095422,1.082379
1.057719946,0.078095421,0.133075342,-0.018615723,0.057960,-0.101637,1.082299
1.067630053,0.076456286,0.135142058,-0.018376186,0.059222,-0.129946,1.082189
1.077546954,0.074018173,0.137478650,-0.018410068,0.062797,-0.136163,1.082108
1.087452054,0.071423046,0.139695913,-0.018494980,0.064380,-0.135955,1.081879
1.097365022,0.068782561,0.141778141,-0.018563190,0.065919,-0.134844,1.081784
1.107270956,0.066592395,0.144211575,-0.018397320,0.073902,-0.151095,1.081651
1.117182970,0.063710883,0.146464482,-0.018308941,0.081053,-0.162758,1.081516
1.127097964,0.059869159,0.147903427,-0.018492654,0.084705,-0.168248,1.083677
1.137011051,0.056614306,0.148801461,-0.018341321,0.089128,-0.194211,1.083649
1.146921039,0.052535702,0.148892641,-0.018557010,0.092973,-0.200864,1.083632
1.156831980,0.047406353,0.148559213,-0.019001644,0.096659,-0.192389,1.083631
1.166757941,0.043005526,0.147712648,-0.019122049,0.095834,-0.204646,1.083618
1.176659942,0.038339853,0.147277907,-0.018975215,0.102840,-0.214458,1.080114
1.186566949,0.032889076,0.146262765,-0.019159885,0.105320,-0.222091,1.079912
1.196478009,0.027013944,0.145320699,-0.019388273,0.108045,-0.225543,1.079715
1.206397057,0.021068364,0.144859463,-0.019552346,0.117773,-0.232833,1.079498
1.216302991,0.015042522,0.144154921,-0.019222705,0.114669,-0.230921,1.075701
1.226227045,0.009471403,0.143678069,-0.019261362,0.121246,-0.242482,1.075266
1.236140013,0.003591227,0.143276200,-0.019474827,0.124479,-0.243800,1.074852
1.246042967,-0.001834012,0.142959654,-0.019678505,0.127654,-0.246197,1.074436
1.255944967,-0.006328903,0.142533615,-0.019805027,0.130382,-0.256390,1.074009
1.265862942,-0.011255294,0.141723767,-0.020390378,0.132575,-0.252921,1.075752
1.275769949,-0.014815385,0.141170025,-0.020523194,0.134668,-0.261565,1.075467
1.285688043,-0.017904488,0.140361592,-0.020684024,0.136843,-0.267398,1.075194
1.295601010,-0.020330084,0.139515549,-0.020799929,0.138757,-0.277317,1.074940
1.305500984,-0.022611525,0.139641777,-0.020671351,0.152550,-0.277990,1.070544
1.315423965,-0.024949102,0.138643041,-0.020836463,0.151078,-0.280948,1.070112
1.325335026,-0.027168969,0.138186887,-0.021037528,0.156875,-0.286975,1.069686
1.335234046,-0.029789010,0.138455182,-0.021383602,0.176590,-0.293508,1.069257
1.345147967,-0.032345191,0.138040036,-0.021629840,0.182373,-0.302421,1.068145
1.355057001,-0.035609480,0.137361228,-0.021955242,0.184220,-0.303823,1.067751
1.364982009,-0.038951539,0.136498913,-0.022221161,0.185284,-0.308452,1.067386
1.374887943,-0.042648092,0.135694712,-0.022675587,0.195765,-0.309912,1.067048
1.384812951,-0.046164263,0.134195089,-0.022991881,0.202131,-0.317917,1.066753
1.394709945,-0.050090358,0.132364854,-0.023589276,0.213815,-0.319286,1.067850
1.404620051,-0.053681944,0.129839227,-0.023841102,0.221624,-0.327471,1.067692
1.414538980,-0.057176180,0.126889661,-0.024064960,0.228880,-0.332759,1.067572
1.424437046,-0.060230445,0.123434596,-0.024164451,0.232373,-0.341762,1.067495
1.434357047,-0.063539900,0.120153919,-0.024372991,0.242263,-0.340961,1.066891
1.444262981,-0.066494331,0.116325788,-0.024478907,0.248262,-0.343823,1.066851
1.454179049,-0.069319747,0.112607323,-0.024634970,0.260760,-0.346980,1.066838
1.464082003,-0.072407648,0.108054072,-0.024735495,0.267454,-0.350264,1.066873
1.473994970,-0.075329080,0.103987224,-0.024609232,0.270087,-0.352527,1.065477
1.483909011,-0.078309670,0.100666963,-0.024730204,0.292546,-0.355722,1.065479
1.493819952,-0.081161514,0.095889337,-0.024572037,0.287714,-0.361694,1.065557
1.503738046,-0.084447756,0.091768898,-0.024667826,0.296467,-0.358199,1.065647
1.513656974,-0.087415621,0.087402105,-0.024616303,0.301409,-0.358169,1.065791
1.523558021,-0.089755014,0.083052002,-0.024133876,0.303539,-0.367578,1.064015
1.533473015,-0.092714876,0.079338700,-0.024165582,0.321807,-0.365040,1.064085
1.543375969,-0.095290169,0.074568003,-0.023986652,0.322887,-0.365754,1.064207
1.553290963,-0.097526178,0.069567114,-0.023666492,0.320836,-0.369669,1.064357
1.563230038,-0.099862583,0.065342650,-0.023607450,0.335788,-0.371820,1.066215
1.573119998,-0.102040477,0.061013937,-0.023367332,0.341200,-0.373395,1.066482
1.583026052,-0.103703544,0.056589145,-0.023040108,0.340392,-0.381391,1.066795
1.592944026,-0.105824761,0.053203166,-0.022926044,0.356568,-0.380311,1.067107
1.602846980,-0.107701577,0.049478732,-0.022653434,0.360178,-0.382138,1.067472
1.612759948,-0.109355070,0.045995612,-0.022437321,0.364170,-0.387874,1.069524
1.622670054,-0.111510053,0.043559898,-0.022340436,0.381718,-0.386543,1.069972
1.632586002,-0.113846339,0.040687032,-0.022230178,0.386169,-0.384930,1.070444
1.642503977,-0.116241857,0.037749924,-0.022057615,0.387727,-0.383111,1.070931
1.652408004,-0.118340321,0.035799742,-0.021641687,0.405414,-0.390779,1.070859
1.662315965,-0.121026732,0.033100899,-0.021383282,0.409565,-0.388863,1.071302
1.672227025,-0.123437956,0.030139467,-0.020905435,0.414002,-0.393374,1.071748
1.682147980,-0.126367524,0.027145112,-0.020559449,0.421054,-0.388419,1.072178
1.692046046,-0.128615156,0.023887211,-0.019923475,0.427629,-0.396510,1.073129
1.701956987,-0.131204575,0.020680830,-0.019357065,0.440277,-0.395356,1.073554
1.711881995,-0.133583620,0.016777990,-0.018738430,0.443399,-0.394355,1.073982
1.721784949,-0.135710761,0.013080538,-0.018077154,0.449650,-0.396783,1.074408
1.731713057,-0.137686551,0.009476430,-0.017487416,0.456448,-0.399240,1.074833
1.741606951,-0.139785394,0.006140366,-0.016981278,0.463605,-0.399196,1.075925
1.751513958,-0.141610175,0.003020275,-0.016422145,0.471045,-0.402191,1.076372
1.761427999,-0.143534675,0.000703643,-0.015906697,0.491446,-0.402062,1.076789
1.771345019,-0.145581380,-0.002356095,-0.015430923,0.493013,-0.401649,1.077209
1.781255960,-0.147427455,-0.005545055,-0.014990125,0.500147,-0.405983,1.081542
1.791159034,-0.149854243,-0.006969983,-0.014513219,0.521703,-0.402436,1.082102
1.801077962,-0.152052760,-0.009480138,-0.014157834,0.521039,-0.404694,1.082660
1.810986996,-0.154604509,-0.011851217,-0.013730176,0.526182,-0.403479,1.083184
1.820904016,-0.157195851,-0.014390849,-0.013173698,0.534299,-0.405718,1.085142
1.830813050,-0.160371974,-0.016960338,-0.012532013,0.547894,-0.401212,1.085679
1.840723038,-0.163180321,-0.020523189,-0.011841903,0.548584,-0.405996,1.086204
1.850640059,-0.165994748,-0.023873443,-0.011178908,0.558121,-0.406693,1.086681
1.860553980,-0.168884858,-0.026475759,-0.010433591,0.586356,-0.403217,1.087096
1.870453000,-0.170977771,-0.030743746,-0.009809070,0.587121,-0.406643,1.088885
1.880370021,-0.172987193,-0.034450341,-0.009086625,0.591111,-0.409870,1.089327
1.890275002,-0.175149977,-0.037172932,-0.008329202,0.610723,-0.407322,1.089711
1.900184035,-0.177141339,-0.041178811,-0.007755497,0.605806,-0.404970,1.090066
1.910112977,-0.179129392,-0.045049090,-0.007213198,0.603717,-0.402791,1.091158
1.920024037,-0.181265131,-0.047418274,-0.006325803,0.632482,-0.400181,1.091446
1.929924011,-0.183071092,-0.050831929,-0.005630464,0.639713,-0.403344,1.091709
1.939831018,-0.185415834,-0.054855451,-0.005120634,0.635275,-0.400753,1.091921
1.949751019,-0.187803030,-0.057443377,-0.004381028,0.655007,-0.398007,1.092295
1.959661007,-0.190110922,-0.060689770,-0.003724435,0.664180,-0.396812,1.092422
1.969575047,-0.192263559,-0.064095184,-0.003084057,0.674666,-0.394574,1.092500
1.979486942,-0.194293588,-0.066891499,-0.002412031,0.694224,-0.392532,1.092525
1.989400029,-0.195922256,-0.071143329,-0.002026435,0.688969,-0.394134,1.092512
1.999315023,-0.197371438,-0.074729890,-0.001717395,0.699324,-0.390733,1.094443
2.009216070,-0.198639318,-0.078514867,-0.001130286,0.709274,-0.387162,1.094435
2.019128084,-0.199832723,-0.083016030,-0.000672959,0.709473,-0.381057,1.094382
2.028990984,-0.200639710,-0.087606311,-0.000182813,0.712465,-0.378534,1.094289
2.038958073,-0.200935140,-0.091392890,0.000453236,0.733969,-0.376314,1.095079
2.048856974,-0.201016575,-0.096362740,0.000718351,0.731484,-0.374633,1.094952
2.058765888,-0.200948969,-0.100476302,0.001151607,0.738768,-0.370486,1.094770
2.068685055,-0.200327531,-0.104289852,0.001334098,0.743591,-0.369847,1.094546
2.078608990,-0.199481770,-0.107843094,0.001374471,0.746263,-0.366561,1.094268
2.088507891,-0.198325470,-0.110921033,0.001015301,0.749958,-0.361114,1.095941
2.098413944,-0.196841449,-0.113321908,0.000879368,0.756851,-0.364046,1.095684
2.108324051,-0.195722133,-0.115653768,0.000647219,0.758496,-0.358525,1.095363
2.118247032,-0.194595501,-0.117246829,0.000443780,0.763944,-0.352755,1.094994
2.128150940,-0.193551242,-0.118420333,0.000615244,0.769294,-0.352713,1.092095
2.138065100,-0.192393646,-0.118958287,0.000488186,0.776410,-0.346703,1.091497
2.147968054,-0.191599950,-0.118746042,0.000405301,0.790310,-0.337264,1.090779
2.157843113,-0.190584317,-0.118900314,0.000071745,0.794851,-0.334196,1.090085
2.167751074,-0.189862028,-0.118927069,-0.000223466,0.799084,-0.325579,1.089320
2.177709103,-0.189020842,-0.118906789,-0.000326659,0.806373,-0.317374,1.088536
2.187625885,-0.187257320,-0.119571991,-0.000628258,0.803960,-0.319155,1.087735
2.197531939,-0.185952052,-0.119910777,-0.000479361,0.813348,-0.303663,1.086872
2.207454920,-0.183286622,-0.121026181,-0.000532026,0.815942,-0.301173,1.086022
2.217315912,-0.180832922,-0.122409575,-0.000097672,0.820793,-0.295897,1.081524
2.227221966,-0.177600712,-0.123547189,0.000047404,0.829251,-0.285714,1.080434
2.237154007,-0.173706904,-0.124982998,0.000063819,0.834572,-0.279203,1.079344
2.247051001,-0.169128224,-0.126574799,-0.000148024,0.836957,-0.279302,1.078276
2.256963015,-0.164961249,-0.128048271,-0.000155696,0.839871,-0.264786,1.076634
2.266911030,-0.159677804,-0.129578739,-0.000511981,0.837330,-0.268038,1.075546
2.276829958,-0.154924378,-0.130346268,-0.000586076,0.844019,-0.259918,1.074439
2.286731005,-0.150545210,-0.131073013,-0.000572670,0.845338,-0.242813,1.073310
2.296641111,-0.144904524,-0.131460384,-0.000880246,0.846957,-0.249528,1.072260
2.306557894,-0.140286922,-0.131066278,-0.000908023,0.855640,-0.237971,1.071820
2.316469908,-0.135556802,-0.130761713,-0.001248120,0.855544,-0.229992,1.070817
2.326387882,-0.130401090,-0.129944548,-0.001601674,0.858905,-0.230369,1.069868
2.336296082,-0.126587138,-0.128510326,-0.001564760,0.868565,-0.209511,1.068909
2.346198082,-0.121970691,-0.127781600,-0.002051178,0.868247,-0.213086,1.064934
2.356123924,-0.117627233,-0.126471117,-0.002297289,0.874683,-0.204273,1.063901
2.366025925,-0.113653466,-0.125682458,-0.002589655,0.874985,-0.189720,1.062888
2.375931978,-0.109423384,-0.125098884,-0.002901022,0.875044,-0.178254,1.061921
2.385843992,-0.105197370,-0.124912456,-0.003349529,0.874063,-0.173076,1.058939
2.395760059,-0.100858413,-0.124466687,-0.003441857,0.882014,-0.161633,1.057934
2.405667067,-0.095949039,-0.125223055,-0.004148765,0.874737,-0.160088,1.056975
2.415589094,-0.090884253,-0.125663385,-0.004682723,0.876443,-0.155619,1.056063
2.425504923,-0.086351603,-0.126075715,-0.004959355,0.878336,-0.136614,1.055158
2.435404062,-0.080668837,-0.126449093,-0.005515784,0.882879,-0.136362,1.052564
2.445321083,-0.075144745,-0.126699746,-0.006018353,0.882543,-0.124132,1.051655
2.455224037,-0.069196917,-0.126541004,-0.006666353,0.882745,-0.118133,1.050803
2.465137959,-0.063015096,-0.125915930,-0.007325011,0.883718,-0.115008,1.050011
2.475055933,-0.057782240,-0.124759711,-0.007655479,0.885428,-0.096607,1.049143
2.484961033,-0.051546376,-0.122966714,-0.008331700,0.887910,-0.088990,1.048401
2.494877100,-0.045934968,-0.120978907,-0.008939775,0.890611,-0.084736,1.047801
2.504786968,-0.040797543,-0.118808493,-0.009516610,0.893069,-0.080003,1.047261
2.514702082,-0.037091944,-0.116797492,-0.009776830,0.893160,-0.056614,1.047209
2.524605989,-0.031988762,-0.114715278,-0.010552035,0.895288,-0.063034,1.046823
2.534527063,-0.028564749,-0.113363974,-0.010919640,0.891138,-0.042565,1.046443
2.544429064,-0.023646004,-0.112164691,-0.011670100,0.892108,-0.049082,1.046178
2.554358959,-0.019965027,-0.111487396,-0.011870396,0.892657,-0.031875,1.045937
2.564251900,-0.015458385,-0.111136660,-0.012069876,0.892792,-0.023491,1.047458
2.574178934,-0.010955700,-0.111197673,-0.012506886,0.892714,-0.018118,1.047444
2.584090948,-0.007398823,-0.111358687,-0.012707013,0.892695,-0.000099,1.047468
2.593988895,-0.003752370,-0.111368753,-0.012960541,0.895467,0.009261,1.047559
2.603907108,0.000406152,-0.111009598,-0.013120953,0.895934,0.013053,1.050133
2.613806963,0.004090129,-0.110868111,-0.013251348,0.896378,0.021718,1.050443
2.623718023,0.007822957,-0.110425189,-0.013148177,0.897351,0.038595,1.050786
2.633631945,0.012751667,-0.109815776,-0.013369089,0.898185,0.043012,1.051176
2.643560886,0.017347392,-0.109156199,-0.013228773,0.899219,0.058773,1.051565
2.653459072,0.022596834,-0.108579136,-0.013403257,0.897345,0.066257,1.052390
2.663367987,0.027567241,-0.107991204,-0.013509035,0.898080,0.074005,1.052836
2.673290014,0.032389402,-0.107567661,-0.013655252,0.898586,0.079418,1.053291
2.683188915,0.037240934,-0.107404329,-0.013880459,0.898705,0.081777,1.053760
2.693099976,0.041038629,-0.107761428,-0.013657102,0.898155,0.101458,1.054129
2.703016043,0.045939159,-0.108547874,-0.013886130,0.897053,0.103937,1.054593
2.712924957,0.050506990,-0.109624572,-0.014180756,0.895853,0.107324,1.055059
2.722841024,0.054070964,-0.111072354,-0.014363058,0.891562,0.117187,1.055513
2.732744932,0.056914639,-0.112236530,-0.014067381,0.892669,0.133720,1.057853
2.742655039,0.059791658,-0.113577425,-0.014100586,0.893801,0.141663,1.058406
2.752580881,0.063030280,-0.114944868,-0.014459956,0.892462,0.141221,1.058950
2.762478113,0.065257214,-0.116282605,-0.014350974,0.891089,0.157620,1.059468
2.772402048,0.068070553,-0.117496327,-0.014507567,0.890000,0.165364,1.059982
2.782299995,0.071707398,-0.118499771,-0.015003683,0.889164,0.162186,1.061471
2.792216063,0.073870301,-0.119532429,-0.014809946,0.885741,0.183959,1.062004
2.802128077,0.076963782,-0.120133735,-0.015061785,0.885354,0.189209,1.062522
2.812042952,0.080216527,-0.120752484,-0.015504488,0.884914,0.189151,1.063019
2.821944952,0.083527774,-0.121307947,-0.015784258,0.881627,0.193039,1.065563
2.831861973,0.085386269,-0.121850699,-0.015423478,0.881031,0.214940,1.066109
2.841777086,0.088660099,-0.122292660,-0.015731283,0.883317,0.215029,1.066636
2.851682901,0.091769174,-0.123099834,-0.016003454,0.882725,0.215398,1.067134
2.861603975,0.093377933,-0.124162816,-0.015607729,0.876614,0.237678,1.067590
2.871510029,0.096269988,-0.125353873,-0.015752479,0.875706,0.238254,1.067089
2.881421089,0.099208601,-0.126445740,-0.016292183,0.872483,0.233729,1.067425
2.891329050,0.100837007,-0.127722859,-0.016220709,0.866407,0.248539,1.067711
2.901243925,0.102658890,-0.128709421,-0.016313026,0.865568,0.258275,1.067965
2.911151886,0.104929566,-0.129782483,-0.017010646,0.858965,0.257564,1.071298
2.921062946,0.106762543,-0.131251782,-0.017378882,0.854963,0.262122,1.071648
2.930970907,0.108531028,-0.132758871,-0.017667806,0.851201,0.266685,1.071962
2.940891981,0.110320494,-0.133936927,-0.017950935,0.850426,0.271337,1.072243
2.950822115,0.111709282,-0.135082483,-0.018007085,0.844586,0.281509,1.073409
2.960726023,0.113153256,-0.135883197,-0.018081667,0.841160,0.288609,1.073660
2.970632076,0.114525795,-0.136194661,-0.018018838,0.836568,0.296508,1.073866
2.980540991,0.115749083,-0.135899723,-0.017936848,0.835268,0.299377,1.074032
2.990466118,0.116694190,-0.135139883,-0.017695922,0.834475,0.305140,1.074154
3.000350952,0.117581755,-0.134113356,-0.017394209,0.831494,0.313308,1.073661
3.010267973,0.119094439,-0.133235469,-0.017374631,0.823541,0.313531,1.073651
3.020190001,0.120841302,-0.131739929,-0.017295158,0.825293,0.313461,1.073618
3.030095100,0.123064213,-0.131086975,-0.017387595,0.819436,0.310364,1.073527
3.040005922,0.124131627,-0.130754456,-0.016964499,0.808145,0.326045,1.073132
3.049923897,0.126075059,-0.130061492,-0.017120095,0.804613,0.323541,1.072955
3.059823990,0.126870781,-0.129527733,-0.016613828,0.803086,0.334591,1.072756
3.069745064,0.128192425,-0.129637435,-0.016723540,0.796051,0.332890,1.072498
3.079652071,0.128777757,-0.129430369,-0.016532270,0.797384,0.336941,1.070874
3.089559078,0.128844365,-0.128835887,-0.016371420,0.796235,0.341445,1.070492
3.099473953,0.129181743,-0.128491804,-0.016372668,0.787737,0.340813,1.070063
3.109385967,0.128629863,-0.127907276,-0.015918931,0.779427,0.351011,1.069617
3.119312048,0.128692493,-0.126830772,-0.015819578,0.776630,0.350569,1.069149
3.129204988,0.128385037,-0.125629738,-0.015515607,0.771502,0.355480,1.068301
3.139112949,0.128379747,-0.124161020,-0.015242763,0.771469,0.357490,1.067784
3.149028063,0.128564149,-0.123135105,-0.014878554,0.761551,0.359301,1.067232
3.158941984,0.129188418,-0.121303529,-0.014581575,0.758746,0.358578,1.066628
3.168853045,0.129738465,-0.120624252,-0.013858158,0.746912,0.365123,1.063331
3.178761005,0.130745485,-0.118640646,-0.013623065,0.747467,0.363461,1.062627
3.188673973,0.131509215,-0.116683222,-0.013309682,0.750276,0.364787,1.061928
3.198594093,0.132185221,-0.115360722,-0.013022537,0.742880,0.366206,1.061200
3.208513975,0.132658735,-0.114302985,-0.012562818,0.730532,0.368093,1.060455
3.218415976,0.132726967,-0.112420619,-0.012126747,0.725888,0.370383,1.060629
3.228322983,0.132362574,-0.110913172,-0.011635183,0.719261,0.373644,1.059968
3.238239050,0.131917983,-0.109860197,-0.011153757,0.706799,0.374127,1.059301
3.248140097,0.131339148,-0.108431913,-0.010772779,0.699684,0.374642,1.058656
3.258060932,0.130661219,-0.106976688,-0.010300354,0.690372,0.375483,1.057338
3.267975092,0.129920155,-0.104645401,-0.009795253,0.691543,0.375811,1.056710
3.277875900,0.129474401,-0.102670446,-0.009059088,0.684360,0.378309,1.056102
3.287792921,0.129693925,-0.100737192,-0.008293414,0.668093,0.377481,1.055504
3.297700882,0.129907742,-0.097931668,-0.007511624,0.660600,0.379680,1.054959
3.307611942,0.130474865,-0.094943330,-0.006867756,0.650694,0.377870,1.055039
3.317533016,0.131245285,-0.091000043,-0.006288453,0.653980,0.376528,1.054619
3.327431917,0.132140532,-0.087407649,-0.005595514,0.647386,0.375769,1.054219
3.337352991,0.132630408,-0.084279567,-0.004717364,0.630341,0.378046,1.053834
3.347270012,0.133178666,-0.080506995,-0.004076749,0.626533,0.377698,1.051197
3.357167959,0.133329183,-0.076008379,-0.003567667,0.629650,0.377622,1.050790
3.367075920,0.133639917,-0.073182568,-0.002954673,0.609959,0.372593,1.050359
3.376987934,0.133448601,-0.069444917,-0.002362818,0.605217,0.372940,1.049996
3.386913061,0.133264124,-0.065479331,-0.002001293,0.605684,0.370899,1.050113
3.396819115,0.132729590,-0.061802942,-0.001533047,0.603156,0.371318,1.049823
3.406728029,0.132428572,-0.059267811,-0.000977303,0.585583,0.369023,1.049532
3.416640043,0.132622436,-0.055755645,-0.000834391,0.583110,0.361457,1.049289
3.426564932,0.132275268,-0.052292902,-0.000374882,0.580438,0.364136,1.049094
3.436414003,0.132475168,-0.050216109,0.000152083,0.562584,0.361874,1.047310
3.446371078,0.132254243,-0.046871111,0.000489629,0.562060,0.361981,1.047099
3.456278086,0.132418737,-0.044060383,0.000749231,0.556028,0.357100,1.046895
3.466201067,0.132576764,-0.042132288,0.001097347,0.542402,0.352301,1.046697
3.476099968,0.132423908,-0.039860185,0.001466099,0.536117,0.350466,1.046328
3.486017942,0.131927356,-0.037146106,0.001791570,0.537519,0.351328,1.046211
3.495934963,0.131529734,-0.035530522,0.002412749,0.518095,0.347265,1.046077
3.505840063,0.131167740,-0.033116300,0.002683877,0.512460,0.340975,1.046000
3.515755892,0.130206361,-0.030169876,0.002980387,0.514586,0.342731,1.044870
3.525672913,0.129098371,-0.027750473,0.003317050,0.506470,0.339346,1.044792
3.535587072,0.127817690,-0.024706364,0.003555883,0.506101,0.338377,1.044750
3.545499086,0.126818895,-0.022719389,0.004085593,0.487840,0.334767,1.044695
3.555414915,0.125905186,-0.019428883,0.004169487,0.489390,0.330880,1.044688
3.565316916,0.124743327,-0.016375689,0.004305275,0.487171,0.326501,1.048380
3.575256109,0.123996392,-0.014553142,0.004689342,0.477884,0.327204,1.048604
3.585158110,0.123832636,-0.013450685,0.005181029,0.460492,0.322585,1.048817
3.595058918,0.123675957,-0.011469157,0.005292948,0.462453,0.320046,1.049080
3.604971886,0.123503342,-0.009870878,0.005359968,0.463518,0.317111,1.051530
3.614881039,0.124003939,-0.009421485,0.005517936,0.455050,0.311957,1.051927
3.624794960,0.124407120,-0.008734725,0.005509579,0.453510,0.309283,1.052345
3.634699106,0.124753423,-0.009083370,0.005814433,0.439529,0.306541,1.052757
3.644613981,0.125311941,-0.009421535,0.005988894,0.427864,0.301617,1.053179
3.654525995,0.125631556,-0.009090172,0.005875559,0.427962,0.296972,1.053778
3.664438009,0.125737548,-0.009357019,0.005949440,0.425694,0.295014,1.054234
3.674345970,0.125456914,-0.009512065,0.005964331,0.425915,0.293480,1.054687
3.684256077,0.124734551,-0.009978999,0.006232648,0.418796,0.294249,1.055125
3.694155931,0.124838904,-0.010915043,0.006306631,0.404499,0.280393,1.055307
3.704077959,0.124424845,-0.011121709,0.006347591,0.401586,0.276005,1.055697
3.713984013,0.123920418,-0.011876939,0.006433467,0.396257,0.276174,1.056087
3.723896027,0.124411523,-0.012765653,0.006226203,0.390705,0.266403,1.056446
3.733808041,0.124374799,-0.014116677,0.006252679,0.385014,0.268421,1.056138
3.743721962,0.125521004,-0.015995992,0.006295541,0.369566,0.256094,1.056413
3.753626108,0.126443759,-0.017815767,0.006283667,0.358973,0.246400,1.056670
3.763544083,0.126899377,-0.019328518,0.006288120,0.350627,0.241768,1.056918
3.773466110,0.127082676,-0.020608725,0.006353949,0.345371,0.239960,1.057151
3.783366919,0.127483755,-0.021633955,0.006297868,0.341346,0.231739,1.055230
3.793278933,0.126864329,-0.022293275,0.006442195,0.334580,0.228749,1.055287
3.803181887,0.125937238,-0.022560693,0.006568319,0.328422,0.221410,1.055320
3.813097000,0.124511540,-0.022231687,0.006657657,0.325471,0.214432,1.055337
3.823014975,0.122057363,-0.021090364,0.006836981,0.322190,0.214349,1.057122
3.832921028,0.119909860,-0.019564500,0.006829917,0.320996,0.209325,1.057226
3.842830896,0.118435271,-0.018569749,0.006862991,0.313015,0.197254,1.057283
3.852744102,0.116873287,-0.017957682,0.007050691,0.304287,0.189662,1.057330
3.862660885,0.115123004,-0.017534407,0.007191991,0.299335,0.186504,1.058357
3.872569084,0.113755457,-0.017448386,0.007102578,0.298564,0.183428,1.058444
3.882477999,0.112832218,-0.018105306,0.006854079,0.297730,0.175408,1.058514
3.892393112,0.112035252,-0.019714897,0.006873325,0.286407,0.167337,1.058576
3.902317047,0.110760890,-0.021535415,0.006756479,0.279682,0.164258,1.058653
3.912204027,0.109769508,-0.023377504,0.006523374,0.277972,0.159511,1.057233
3.922136068,0.108648501,-0.025852742,0.006493121,0.268516,0.149969,1.057172
3.932035923,0.106819369,-0.027980966,0.006409365,0.266402,0.145671,1.057116
3.941948891,0.105012931,-0.030372655,0.006318997,0.259714,0.136471,1.057031
3.951858997,0.102432147,-0.032480415,0.006433800,0.255285,0.136711,1.058141
3.961762905,0.100633740,-0.034425434,0.006364665,0.249369,0.125463,1.058104
3.971674919,0.098779142,-0.036026824,0.006215277,0.243283,0.114048,1.058048
3.981595039,0.096197344,-0.037498858,0.006355278,0.239708,0.114517,1.058016
3.991509914,0.094143435,-0.039193213,0.006613611,0.231794,0.107958,1.057964
4.001410961,0.092344701,-0.040068604,0.006566500,0.230731,0.096668,1.057946
4.011322021,0.090212986,-0.041463759,0.006826572,0.224648,0.089836,1.057903
4.021240234,0.087779023,-0.042599123,0.006928942,0.223247,0.087924,1.057875
4.031156063,0.086041614,-0.044339526,0.007091406,0.214483,0.076581,1.057805
4.041049004,0.083413295,-0.045938399,0.007230851,0.212021,0.074470,1.059396
4.050961018,0.081271335,-0.048137318,0.007377656,0.205166,0.065581,1.059408
4.060882092,0.078918532,-0.050712999,0.007637249,0.195522,0.061440,1.059427
4.070794106,0.076437488,-0.053102512,0.007618019,0.192688,0.057293,1.059455
4.080696106,0.074732058,-0.055737123,0.007505906,0.187979,0.041535,1.059660
4.090606213,0.072007969,-0.058165483,0.007558630,0.183449,0.039935,1.059690
4.100526810,0.069698356,-0.060562242,0.007606749,0.174561,0.031332,1.059684
4.110435009,0.067344278,-0.062276755,0.007320731,0.173007,0.022975,1.059668
4.120354176,0.064566210,-0.063787594,0.007190653,0.169296,0.019312,1.059650
4.130250931,0.061849467,-0.065622754,0.007353722,0.158824,0.013563,1.059374
4.140170097,0.059541766,-0.067020319,0.007267570,0.153049,-0.001237,1.059311
4.150074005,0.056063153,-0.068193845,0.007339254,0.149828,-0.002087,1.059260
4.159995079,0.052864380,-0.069430999,0.007473576,0.142076,-0.007654,1.059174
4.169902802,0.049821127,-0.070377834,0.007456742,0.137759,-0.020868,1.059413
4.179812908,0.046500508,-0.071509145,0.007636233,0.132175,-0.026225,1.059318
4.189723015,0.043618657,-0.072567910,0.007723955,0.126531,-0.038407,1.059206
4.199641228,0.040286534,-0.073729329,0.007968564,0.120734,-0.045923,1.059094
4.209555149,0.036381342,-0.074935809,0.008354787,0.114746,-0.046644,1.059365
4.219463825,0.033086497,-0.076245055,0.008679194,0.108529,-0.054158,1.059249
4.229369164,0.029715873,-0.077762991,0.009075202,0.104386,-0.061625,1.059121
4.239286900,0.026403476,-0.079795383,0.009584826,0.095873,-0.068996,1.058978
4.249211788,0.022841347,-0.081623949,0.010148794,0.088007,-0.076056,1.058832
4.259119034,0.018888664,-0.082388289,0.010452772,0.087192,-0.080723,1.059221
4.269023895,0.015171793,-0.083073013,0.010724060,0.082179,-0.090125,1.059103
4.278934956,0.011941629,-0.083611816,0.010932067,0.077209,-0.104444,1.058977
4.288843155,0.008324525,-0.084100761,0.011395131,0.072294,-0.109817,1.058853
4.298758984,0.004565362,-0.084535263,0.012230355,0.064583,-0.113337,1.060367
4.308658123,0.001719842,-0.084863842,0.012369093,0.057765,-0.127653,1.060285
4.318571091,-0.001819313,-0.085011631,0.012603417,0.053085,-0.132798,1.060212
4.328493118,-0.005054039,-0.085370101,0.012845473,0.046049,-0.142501,1.060132
4.338404179,-0.008843438,-0.085445620,0.012987212,0.043514,-0.145199,1.060077
4.348308086,-0.012919506,-0.085560240,0.013230513,0.038821,-0.145370,1.060420
4.358224869,-0.016317388,-0.085523859,0.013234123,0.034245,-0.158808,1.060361
4.368126869,-0.021134693,-0.085495532,0.013526743,0.029610,-0.156618,1.060308
4.378044128,-0.024734112,-0.085639827,0.013597135,0.021010,-0.172326,1.060225
4.387958050,-0.029068362,-0.085459240,0.013567714,0.015050,-0.176671,1.058938
4.397863865,-0.033463318,-0.084645748,0.013600503,0.015779,-0.178985,1.058819
4.407773972,-0.036757544,-0.084679075,0.013849533,0.000725,-0.193455,1.058664
4.417686939,-0.040213406,-0.083905078,0.014042080,-0.002923,-0.201038,1.058519
4.427602768,-0.043903209,-0.082856350,0.014435981,-0.005008,-0.202555,1.059360
4.437511921,-0.046571959,-0.082989700,0.014804523,-0.021980,-0.213495,1.059230
4.447418213,-0.049331851,-0.082025178,0.014876168,-0.025729,-0.219440,1.059123
4.457338810,-0.052326903,-0.080875151,0.014895257,-0.026996,-0.222765,1.059037
4.467253208,-0.054890502,-0.080687433,0.015122965,-0.043618,-0.235382,1.058925
4.477156162,-0.057964373,-0.079693779,0.015303110,-0.051201,-0.242877,1.058499
4.487071037,-0.061838944,-0.078305699,0.015389416,-0.054690,-0.243322,1.058372
4.496983051,-0.065131731,-0.077658504,0.015520072,-0.066842,-0.255091,1.058212
4.506885052,-0.069300711,-0.076078586,0.015488915,-0.070849,-0.262436,1.058045
4.516798019,-0.073824607,-0.074676260,0.015742511,-0.078497,-0.264672,1.058693
4.526711941,-0.077907316,-0.074195221,0.015954025,-0.099029,-0.275886,1.058545
4.536630154,-0.082894780,-0.072300948,0.016007237,-0.101624,-0.275536,1.058409
4.546535969,-0.087338671,-0.070478059,0.015910568,-0.108398,-0.282136,1.058251
4.556455135,-0.091395997,-0.069164827,0.016236849,-0.126524,-0.291757,1.059535
4.566358089,-0.095647797,-0.066931821,0.016130105,-0.132935,-0.294655,1.059447
4.576272964,-0.099500999,-0.064489178,0.016028348,-0.139326,-0.297980,1.059354
4.586187840,-0.102568686,-0.062540323,0.015841767,-0.152349,-0.306330,1.059241
4.596107960,-0.105685122,-0.059848670,0.015556778,-0.154651,-0.308138,1.059132
4.606013775,-0.108332850,-0.057528786,0.015803305,-0.164325,-0.312731,1.061386
4.615923882,-0.110661261,-0.055936422,0.015603821,-0.179456,-0.319546,1.061373
4.625832081,-0.113189876,-0.053624481,0.015287818,-0.188246,-0.321809,1.061370
4.635735035,-0.115648299,-0.050887235,0.014899168,-0.190422,-0.325840,1.061374
4.645648003,-0.118577771,-0.047742195,0.014545425,-0.188334,-0.325148,1.061610
4.655567169,-0.121083759,-0.046672743,0.014448543,-0.212469,-0.333574,1.061542
4.665474892,-0.124231361,-0.044480521,0.014299303,-0.221477,-0.335116,1.061465
4.675384045,-0.127556533,-0.042436704,0.014236704,-0.228585,-0.334773,1.061373
4.685306072,-0.130399883,-0.040512525,0.014142426,-0.235818,-0.338849,1.061274
4.695217133,-0.133243233,-0.039037656,0.014000282,-0.245397,-0.341120,1.060279
4.705113888,-0.135685757,-0.037952956,0.014119915,-0.257400,-0.343781,1.060085
4.715025902,-0.137611672,-0.036788918,0.014148405,-0.267259,-0.348965,1.059875
4.724947929,-0.139192566,-0.035264470,0.014079358,-0.272678,-0.352504,1.059656
4.734858990,-0.140567943,-0.033992659,0.014048307,-0.282314,-0.352069,1.059598
4.744760990,-0.141338110,-0.032413602,0.013983543,-0.289692,-0.356117,1.059348
4.754677773,-0.142020941,-0.031090664,0.013893033,-0.301292,-0.358327,1.059068
4.764591217,-0.142307416,-0.029161151,0.013786335,-0.306332,-0.362757,1.058782
4.774501801,-0.142581791,-0.027779220,0.013622683,-0.318159,-0.365191,1.059001
4.784407139,-0.142714888,-0.026262471,0.013299542,-0.328952,-0.369036,1.058713
4.794322014,-0.143001303,-0.025409073,0.012960846,-0.349477,-0.369303,1.058390
4.804227829,-0.143032208,-0.023695173,0.012703950,-0.356827,-0.373704,1.058077
4.814155102,-0.143519372,-0.021731211,0.012509193,-0.359681,-0.373328,1.057741
4.824059963,-0.144391149,-0.020639049,0.012216816,-0.378607,-0.373245,1.057144
4.833971024,-0.145216852,-0.018530240,0.011940695,-0.387115,-0.374789,1.056750
4.843877792,-0.146205008,-0.015422758,0.011676251,-0.388254,-0.376188,1.056351
4.853789806,-0.147274867,-0.012889274,0.011190421,-0.404626,-0.377702,1.055905
4.863699913,-0.148301408,-0.009220919,0.010694010,-0.411637,-0.379066,1.055604
4.873612881,-0.149385795,-0.005195387,0.010092770,-0.418585,-0.380669,1.055161
4.883522034,-0.150465488,-0.001782624,0.009499954,-0.434232,-0.380075,1.054691
4.893437862,-0.151305974,0.002439917,0.008965590,-0.441092,-0.381918,1.054226
4.903347015,-0.152250350,0.006235556,0.008303837,-0.449986,-0.381957,1.051879
4.913256168,-0.152500406,0.009886347,0.007846279,-0.459514,-0.384462,1.051290
4.923171043,-0.152532175,0.012858894,0.007418029,-0.476005,-0.385049,1.050691
4.933103085,-0.152617291,0.016444130,0.007246601,-0.481659,-0.381415,1.050103
4.942999840,-0.152113825,0.019657854,0.007101667,-0.489532,-0.384277,1.049533
4.952908993,-0.151764140,0.022539256,0.006898675,-0.499633,-0.384742,1.048468
4.962819099,-0.151578665,0.025424870,0.006624755,-0.509757,-0.385205,1.047864
4.972733021,-0.151638672,0.027878685,0.006222747,-0.526515,-0.383256,1.047238
4.982637882,-0.151645705,0.031680476,0.006149156,-0.525558,-0.383526,1.046638
4.992551804,-0.152395010,0.034803141,0.005682821,-0.532549,-0.379674,1.043571
5.002473831,-0.152452931,0.037478592,0.005062407,-0.551071,-0.379815,1.042839
5.012373924,-0.152487844,0.041593447,0.004774957,-0.551660,-0.380279,1.042156
5.022284985,-0.152598768,0.045515008,0.004441594,-0.556554,-0.378563,1.041501
5.032194138,-0.152773514,0.048406467,0.003901026,-0.575043,-0.374616,1.040848
5.042110920,-0.152361795,0.052230854,0.003666596,-0.580807,-0.373085,1.041975
5.052017212,-0.151849717,0.056140255,0.003458885,-0.581873,-0.374056,1.041468
5.061930180,-0.151785687,0.058591384,0.002944530,-0.598737,-0.368209,1.040948
5.071854115,-0.151059464,0.061735462,0.002710407,-0.604727,-0.369322,1.040472
5.081749916,-0.150060564,0.065045588,0.002764971,-0.606797,-0.367997,1.042103
5.091664791,-0.149382100,0.067483805,0.002552775,-0.616621,-0.366722,1.041761
5.101570129,-0.149009496,0.068600133,0.001925202,-0.641112,-0.360776,1.041421
5.111494064,-0.148518279,0.071293145,0.001790195,-0.643482,-0.355396,1.041112
5.121395111,-0.148119584,0.073104456,0.001495240,-0.652374,-0.352285,1.038797
5.131310940,-0.147373915,0.075060964,0.001315310,-0.659301,-0.351094,1.038433
5.141219139,-0.146732956,0.077080078,0.001124754,-0.665922,-0.349817,1.038082
5.151135921,-0.146145731,0.079584375,0.000927674,-0.673095,-0.346435,1.037708
5.161050797,-0.145173728,0.081941754,0.000679827,-0.683265,-0.345491,1.037379
5.170957088,-0.144101351,0.085127957,0.000521636,-0.689004,-0.340085,1.039128
5.180863857,-0.143017203,0.088770956,0.000399603,-0.690108,-0.337335,1.038920
5.190732956,-0.141745627,0.091363527,-0.000082646,-0.704633,-0.336506,1.038738
5.200691223,-0.140864834,0.094392076,-0.000508304,-0.712650,-0.329030,1.038556
5.210603237,-0.140085012,0.097760938,-0.000705847,-0.714040,-0.328769,1.035652
5.220511913,-0.139239609,0.100117937,-0.001037326,-0.723075,-0.325459,1.035339
5.230424881,-0.138317689,0.102120385,-0.001267487,-0.729970,-0.324506,1.035038
5.240334034,-0.137740105,0.103653543,-0.001587917,-0.739455,-0.318848,1.034734
5.250247955,-0.136862919,0.105147965,-0.001679408,-0.745132,-0.312914,1.036556
5.260155201,-0.135807723,0.106593579,-0.001524970,-0.746386,-0.314169,1.036381
5.270079136,-0.135480180,0.106985860,-0.001937312,-0.758781,-0.306135,1.036174
5.279994011,-0.134752706,0.107748173,-0.002099547,-0.766811,-0.300664,1.035967
5.289913177,-0.133857578,0.109059557,-0.002047798,-0.768041,-0.297517,1.035769
5.299802780,-0.132804766,0.110127449,-0.002041611,-0.773453,-0.296142,1.036590
5.309718132,-0.132376060,0.111510590,-0.002218906,-0.778426,-0.288313,1.036444
5.319623947,-0.131916374,0.113058299,-0.002553527,-0.785645,-0.280475,1.036295
5.329543114,-0.131126270,0.114615522,-0.002764392,-0.792530,-0.274879,1.036153
5.339460850,-0.130399570,0.116596065,-0.002934906,-0.797263,-0.271857,1.034859
5.349359989,-0.129688352,0.118833184,-0.002910781,-0.795778,-0.266654,1.034642
5.359274864,-0.128953740,0.119652897,-0.003418500,-0.809954,-0.260813,1.034427
5.369191170,-0.128265381,0.121078707,-0.003602487,-0.813558,-0.253326,1.034195
5.379094124,-0.127108708,0.121741325,-0.003806525,-0.821730,-0.250086,1.033982
5.389005184,-0.126052037,0.122791693,-0.003777941,-0.821399,-0.242743,1.034634
5.398914814,-0.124663033,0.123421431,-0.003727181,-0.823417,-0.240063,1.034460
5.408837795,-0.123857528,0.123542674,-0.004148789,-0.829609,-0.228387,1.034262
5.418755054,-0.122405320,0.124018304,-0.004353100,-0.833854,-0.223588,1.034075
5.428652763,-0.121032223,0.124274231,-0.004607957,-0.838086,-0.218959,1.033188
5.438558102,-0.119842261,0.124750115,-0.004946870,-0.839816,-0.210057,1.032936
5.448483944,-0.118465215,0.125166818,-0.005448973,-0.845734,-0.200986,1.032687
5.458384991,-0.116259113,0.126181111,-0.005430616,-0.845370,-0.201521,1.032457
5.468297958,-0.114567876,0.126513332,-0.005949793,-0.849787,-0.195651,1.030715
5.478205204,-0.112996742,0.126623005,-0.006629563,-0.852040,-0.180654,1.030353
5.488128185,-0.110161602,0.126626968,-0.006829384,-0.856210,-0.181329,1.030025
5.498027802,-0.107839838,0.126955077,-0.007241617,-0.860051,-0.177224,1.029681
5.507959843,-0.106311150,0.127552852,-0.007795360,-0.860274,-0.166256,1.029312
5.517849922,-0.104098082,0.127333105,-0.008212969,-0.862694,-0.155745,1.032278
5.527767181,-0.102144137,0.127024427,-0.008556137,-0.869667,-0.153094,1.032142
5.537673950,-0.100456320,0.126828298,-0.008797138,-0.872201,-0.146551,1.031994
5.547593117,-0.098973483,0.126764372,-0.009117010,-0.872851,-0.135527,1.031833
5.557498932,-0.097217113,0.126491994,-0.009292607,-0.875295,-0.129612,1.030894
5.567413807,-0.094863445,0.126386955,-0.009290244,-0.875573,-0.127531,1.030723
5.577322006,-0.093371868,0.126287580,-0.010018965,-0.880110,-0.112286,1.030528
5.587232113,-0.090905830,0.126408055,-0.010224705,-0.880088,-0.106462,1.030347
5.597149849,-0.088106498,0.126868561,-0.010149983,-0.880385,-0.108218,1.028151
5.607076168,-0.086352810,0.126785427,-0.010896678,-0.882435,-0.090971,1.027830
5.616975784,-0.083858073,0.126852885,-0.011324622,-0.884395,-0.083082,1.027530
5.626881123,-0.080720536,0.126772702,-0.011571247,-0.889112,-0.081892,1.027258
5.636802197,-0.078074753,0.126377344,-0.012133503,-0.891591,-0.071793,1.026949
5.646702766,-0.074967168,0.126185194,-0.012448435,-0.892053,-0.066559,1.027127
5.656612873,-0.071857803,0.125744686,-0.012736693,-0.892700,-0.061252,1.026849
5.666523933,-0.069255129,0.125344947,-0.013202731,-0.892983,-0.051217,1.026567
5.676434994,-0.066729836,0.125113115,-0.013560852,-0.893382,-0.043193,1.026288
5.686359882,-0.064408906,0.124729455,-0.014014748,-0.893840,-0.033108,1.025988
5.696258068,-0.061980017,0.124301508,-0.014360711,-0.894102,-0.024809,1.025722
5.706169128,-0.059478000,0.124205008,-0.014631813,-0.894393,-0.019112,1.025467
5.716076851,-0.056778386,0.124146111,-0.014892106,-0.894286,-0.011308,1.025222
5.726002216,-0.054310266,0.124142744,-0.015443710,-0.896405,0.000963,1.024986
5.735900879,-0.051156595,0.124289356,-0.015600109,-0.896316,0.005789,1.024060
5.745816231,-0.047999483,0.124297544,-0.015904414,-0.896197,0.015428,1.023802
5.755734921,-0.045178387,0.124332167,-0.016212586,-0.896341,0.027221,1.023552
5.765649796,-0.041275617,0.124196880,-0.015927045,-0.896698,0.025514,1.023350
5.775549889,-0.038026642,0.123713210,-0.016238568,-0.896637,0.035801,1.025372
5.785459042,-0.034554821,0.123524331,-0.016303673,-0.897041,0.040504,1.025292
5.795372009,-0.031134348,0.123271890,-0.016635370,-0.897121,0.049701,1.025224
5.805284023,-0.028139668,0.123071440,-0.017284939,-0.896916,0.065696,1.025167
5.815198898,-0.024166107,0.122815937,-0.017441994,-0.896965,0.070923,1.026948
5.825111866,-0.020492019,0.122687548,-0.017662952,-0.896797,0.077781,1.027029
5.835014820,-0.017936332,0.122820176,-0.018522525,-0.896069,0.098651,1.027101
5.844932079,-0.013895785,0.123123854,-0.018254092,-0.895859,0.098824,1.027218
5.854856968,-0.010107626,0.123602360,-0.018414181,-0.895066,0.109016,1.027338
5.864750862,-0.006621398,0.124351084,-0.018542651,-0.894222,0.118017,1.027270
5.874664783,-0.002540638,0.125082791,-0.018276339,-0.893601,0.122250,1.027377
5.884579182,0.000882978,0.125777513,-0.018612882,-0.892534,0.137770,1.027476
5.894492149,0.005037189,0.126640499,-0.018515795,-0.889532,0.146108,1.027585
5.904403210,0.009693344,0.127461195,-0.018171391,-0.888957,0.149522,1.026673
5.914309025,0.014197115,0.128125817,-0.018095460,-0.888333,0.157524,1.026722
5.924229145,0.018469915,0.128728330,-0.018272422,-0.885344,0.172116,1.026754
5.934131145,0.023546072,0.129240632,-0.018009016,-0.882904,0.177538,1.026789
5.944065094,0.028467406,0.129480422,-0.017895401,-0.882316,0.183542,1.027261
5.953965187,0.032875877,0.129923508,-0.017904107,-0.881869,0.191935,1.027295
5.963881969,0.037583660,0.130190074,-0.017660554,-0.877813,0.197574,1.027317
5.973779202,0.041635130,0.130039647,-0.017936254,-0.877161,0.212692,1.027327
5.983702183,0.046504892,0.130160272,-0.017704450,-0.877160,0.216315,1.027336
5.993601799,0.051441293,0.130289286,-0.017287700,-0.870053,0.222573,1.030364
6.003517151,0.055528894,0.130167797,-0.017592531,-0.869718,0.235459,1.030501
6.013430119,0.060245756,0.129971504,-0.017453907,-0.869644,0.239439,1.030634
6.023338795,0.064960010,0.130127639,-0.017122000,-0.867483,0.243113,1.030756
6.033255100,0.069462352,0.130121544,-0.017102759,-0.864506,0.253703,1.032019
6.043166161,0.074264526,0.130314499,-0.016751815,-0.862077,0.257652,1.032186
6.053068161,0.079070598,0.130438834,-0.016360136,-0.861767,0.259807,1.032345
6.062979221,0.081950568,0.131330013,-0.016993940,-0.853832,0.284042,1.032462
6.072905064,0.086768754,0.131668761,-0.016269069,-0.853510,0.281812,1.032586
6.082809925,0.090694331,0.132355645,-0.015842637,-0.845879,0.290817,1.035058
6.092711926,0.094709545,0.132635131,-0.015425447,-0.847238,0.295698,1.035256
6.102631092,0.098442189,0.133147284,-0.015139460,-0.846287,0.302860,1.035427
6.112544060,0.102884941,0.133599445,-0.014323640,-0.843983,0.300780,1.035573
6.122457027,0.106468968,0.134005085,-0.014198344,-0.841075,0.310100,1.036255
6.132361889,0.109782465,0.134290949,-0.014331504,-0.836185,0.323518,1.036363
6.142278194,0.113956623,0.134517759,-0.013852948,-0.829884,0.326015,1.036434
6.152180195,0.117701508,0.134202421,-0.013588419,-0.829612,0.331103,1.036485
6.162104130,0.121467374,0.133975744,-0.013056630,-0.824890,0.333901,1.038434
6.172002792,0.124871090,0.133846089,-0.012945921,-0.822530,0.341365,1.038517
6.181921959,0.128486097,0.133826867,-0.012611956,-0.818324,0.344507,1.038566
6.191833019,0.131946027,0.133835852,-0.012583034,-0.811196,0.354722,1.038580
6.201756954,0.135569349,0.133637562,-0.012294998,-0.809260,0.357703,1.038567
6.211660862,0.138929009,0.133379966,-0.012145459,-0.804878,0.363022,1.038723
6.221568108,0.142281011,0.132997930,-0.011958213,-0.804724,0.368366,1.038654
6.231474876,0.145537645,0.132800758,-0.011845506,-0.800509,0.373721,1.038544
6.241390228,0.149326384,0.132573515,-0.011281571,-0.794690,0.372412,1.038392
6.251297951,0.152090564,0.132112384,-0.011467896,-0.792351,0.382541,1.038311
6.261209011,0.155717269,0.131459013,-0.010850565,-0.790843,0.379465,1.038111
6.271127224,0.158268824,0.131408289,-0.010869695,-0.780565,0.387503,1.037869
6.281036854,0.160894677,0.130753696,-0.010658696,-0.774628,0.391425,1.037601
6.290943146,0.163358495,0.129947841,-0.010390714,-0.774784,0.393928,1.037313
6.300851822,0.165158555,0.129649714,-0.010422503,-0.769082,0.401111,1.035731
6.310769081,0.166852236,0.129546076,-0.010113233,-0.755024,0.404043,1.035274
6.320707798,0.168450251,0.128284678,-0.009661437,-0.755766,0.405026,1.034821
6.330607891,0.169921055,0.127751753,-0.009299733,-0.747874,0.406103,1.034321
6.340513229,0.171171859,0.126622140,-0.009001111,-0.745929,0.408739,1.035250
6.350417137,0.172847375,0.125442773,-0.008993574,-0.744599,0.411389,1.034802
6.360332012,0.175075889,0.124893524,-0.008835877,-0.733287,0.409473,1.034311
6.370234966,0.176874951,0.123737268,-0.008995614,-0.726763,0.412953,1.033827
6.380146980,0.178508788,0.122927338,-0.009476746,-0.714930,0.419528,1.034030
6.390058994,0.180379242,0.121434256,-0.009853156,-0.709434,0.424144,1.033558
6.399973869,0.182354018,0.119729571,-0.009758819,-0.708718,0.422528,1.033081
6.409893990,0.183903337,0.118472122,-0.010020167,-0.701421,0.425323,1.032595
6.419814110,0.185480818,0.116880171,-0.010168462,-0.694774,0.424015,1.032095
6.429705143,0.186537966,0.115057826,-0.010550855,-0.688372,0.425156,1.031356
6.439622879,0.187068850,0.112925492,-0.011259197,-0.681640,0.430879,1.030833
6.449541092,0.187930092,0.110919990,-0.011514971,-0.671438,0.428211,1.030276
6.459435940,0.188410327,0.108209334,-0.011784764,-0.669473,0.427811,1.029741
6.469356060,0.188912109,0.105593577,-0.012081899,-0.665594,0.427530,1.028463
6.479269981,0.189337701,0.103335701,-0.012492620,-0.655562,0.427087,1.027874
6.489184856,0.189778849,0.100629330,-0.012990673,-0.647321,0.428699,1.027302
6.499082088,0.190290928,0.098149940,-0.013452264,-0.639521,0.428173,1.026738
6.508992195,0.190629169,0.095437169,-0.014091642,-0.631412,0.427773,1.026185
6.518918037,0.191013679,0.092564255,-0.014726886,-0.625305,0.427687,1.024157
6.528816223,0.191062614,0.089688338,-0.015376274,-0.615555,0.427675,1.023528
6.538733006,0.190832213,0.085805781,-0.015616378,-0.618900,0.426031,1.022934
6.548664093,0.190447181,0.082833134,-0.015898604,-0.609659,0.420298,1.022302
6.558560848,0.189390197,0.080300868,-0.016733073,-0.596101,0.422021,1.019913
6.568474770,0.187813714,0.076314278,-0.017172124,-0.595671,0.421592,1.019259
6.578376770,0.185965970,0.072600678,-0.017552039,-0.591008,0.419373,1.018615
6.588291168,0.184229583,0.069265999,-0.017710621,-0.580093,0.410737,1.017951
6.598210812,0.181478128,0.065428391,-0.018333776,-0.579842,0.416280,1.015360
6.608112812,0.178729117,0.061966494,-0.018712895,-0.570642,0.414828,1.014670
6.618032932,0.175980702,0.058684759,-0.018918732,-0.561368,0.411325,1.014002
6.627949238,0.172751069,0.055286694,-0.019198125,-0.556032,0.412431,1.013385
6.637866020,0.169803828,0.052123163,-0.019243389,-0.550517,0.409006,1.012796
6.647760868,0.167530030,0.050088726,-0.019363845,-0.538960,0.403661,1.009683
6.657669067,0.164735064,0.046884108,-0.019080160,-0.540255,0.400722,1.009070
6.667576790,0.161778092,0.043992117,-0.019084293,-0.539007,0.401160,1.008516
6.677491188,0.159564093,0.042099234,-0.019296281,-0.522538,0.394832,1.007957
6.687406063,0.157533258,0.039328281,-0.019145213,-0.519546,0.391225,1.005558
6.697311878,0.155019969,0.036195986,-0.019092079,-0.518125,0.389857,1.005026
6.707238197,0.152774438,0.034211826,-0.019216986,-0.503366,0.382066,1.004508
6.717138767,0.149880454,0.032004211,-0.019172722,-0.495255,0.379242,1.004076
6.727043152,0.146557346,0.029797867,-0.019158389,-0.486447,0.375672,1.003698
6.736958027,0.142766535,0.026609406,-0.018473512,-0.491622,0.371163,1.003043
6.746878147,0.138873145,0.024843929,-0.018132281,-0.477309,0.358892,1.002712
6.756784916,0.133279264,0.022009421,-0.017996030,-0.475679,0.362652,1.002489
6.766703129,0.128471673,0.019086439,-0.017308721,-0.474271,0.353048,1.002269
6.776604176,0.123163752,0.016843559,-0.017257262,-0.464176,0.348117,1.001675
6.786523819,0.117227063,0.013707042,-0.016807839,-0.466817,0.349641,1.001619
6.796435833,0.112296186,0.012151330,-0.016548594,-0.449688,0.337670,1.001576
6.806336880,0.106994763,0.009491775,-0.015788056,-0.449682,0.332338,1.001646
6.816246033,0.102203064,0.007871287,-0.015153981,-0.441498,0.327299,0.998810
6.826167107,0.097263470,0.006608678,-0.014746923,-0.430242,0.319856,0.998824
6.836079121,0.092068501,0.004547249,-0.013900415,-0.432078,0.314576,0.998916
6.845982075,0.086674258,0.003337313,-0.013677021,-0.422594,0.311758,0.999059
6.855894089,0.081692964,0.002318411,-0.013192440,-0.413496,0.302653,0.999232
6.865817070,0.075198703,0.000627644,-0.012669221,-0.410173,0.299977,0.999311
6.875730991,0.069037326,-0.000790869,-0.012381881,-0.403387,0.298172,0.999616
6.885638237,0.063317418,-0.002569197,-0.011621107,-0.399176,0.285641,0.999953
6.895540237,0.056453388,-0.004608871,-0.011125479,-0.397125,0.284165,1.000366
6.905465126,0.049658287,-0.006509265,-0.010738042,-0.390948,0.280521,1.000880
6.915375233,0.043687299,-0.008297579,-0.010141234,-0.380734,0.265529,1.001330
6.925281048,0.036618795,-0.011216308,-0.009440951,-0.383024,0.267760,1.001869
6.935190201,0.030406443,-0.013294951,-0.008878353,-0.376507,0.263040,1.002430
6.945109844,0.024429843,-0.015486283,-0.008335335,-0.372029,0.257921,1.004147
6.955025196,0.018988969,-0.017217783,-0.007787136,-0.365254,0.252461,1.004831
6.964929104,0.014033110,-0.019208860,-0.006889891,-0.362804,0.244577,1.005536
6.974835873,0.009157456,-0.020612955,-0.006373570,-0.353482,0.240623,1.006284
6.984755993,0.004837882,-0.022002865,-0.005567506,-0.348334,0.232230,1.007055
6.994664192,0.000395044,-0.023468405,-0.004974271,-0.344739,0.228149,1.008715
7.004567146,-0.003732661,-0.024592565,-0.004111130,-0.341319,0.220098,1.009584
7.014481068,-0.008197671,-0.025565818,-0.003253238,-0.337834,0.214507,1.010473
7.024394989,-0.012955158,-0.026247386,-0.002430256,-0.332063,0.209191,1.011366
7.034300804,-0.017964376,-0.026842918,-0.001672577,-0.325970,0.204267,1.012161
7.044212818,-0.023294078,-0.027163293,-0.000829612,-0.320051,0.197434,1.013050
7.054089069,-0.029198183,-0.027666308,0.000044720,-0.316541,0.194525,1.013935
7.064031124,-0.034508590,-0.028321791,0.000807451,-0.310611,0.187082,1.014803
7.073946953,-0.039814979,-0.029118195,0.001622913,-0.307186,0.181612,1.015676
7.083854198,-0.044658009,-0.030025968,0.002476283,-0.301984,0.173535,1.015923
7.093776226,-0.049704172,-0.031559631,0.003258932,-0.303303,0.173365,1.016751
7.103681087,-0.053686928,-0.032716513,0.003719271,-0.296044,0.168530,1.017562
7.113604069,-0.057747819,-0.034536313,0.004354171,-0.297202,0.167720,1.018366
7.123500824,-0.061002515,-0.036164086,0.004429762,-0.295353,0.158244,1.021778
7.133420944,-0.063973397,-0.037190266,0.004758409,-0.287669,0.150545,1.022683
7.143323898,-0.067311563,-0.037974969,0.005043527,-0.279619,0.150985,1.023569
7.153236866,-0.070100866,-0.039026130,0.005617657,-0.279471,0.147188,1.024424
7.163158894,-0.072838083,-0.039469440,0.005831760,-0.276492,0.143452,1.026648
7.173059940,-0.075126655,-0.039659590,0.006496491,-0.275587,0.135429,1.027512
7.182970047,-0.077398546,-0.039192699,0.006958432,-0.270530,0.127312,1.028344
7.192885876,-0.080036208,-0.038439784,0.007355279,-0.263229,0.125308,1.029140
