time,x,y,z,vx,vy,vz,qw,qx,qy,qz,wx,wy,wz
0.000000,0.000000,0.000000,0.000000,0.000000,0.000000,0.000000,1.000000,0.000000,0.000000,0.000000,0.000000,0.000000,0.000000
0.010000,0.000000,0.000000,0.000001,0.000000,0.000000,0.000228,1.000000,0.000000,0.000000,0.000011,0.000000,0.000000,0.004272
0.020000,0.000000,0.000000,0.000004,0.000000,0.000000,0.000399,1.000000,0.000000,0.000000,0.000051,0.000000,0.000000,0.011747
0.030000,0.000000,0.000000,0.000009,0.000000,0.000000,0.000527,1.000000,0.000000,0.000000,0.000134,0.000000,0.000000,0.021626
0.040000,0.000000,0.000000,0.000015,0.000000,0.000000,0.000623,1.000000,0.000000,0.000000,0.000271,0.000000,0.000000,0.033307
0.050000,0.000000,-0.000000,0.000021,0.000000,-0.000000,0.000695,1.000000,0.000000,0.000000,0.000471,0.000000,0.000000,0.046339
0.060000,0.000000,-0.000000,0.000028,0.000000,-0.000000,0.000749,1.000000,0.000000,0.000000,0.000737,0.000000,0.000000,0.060385
0.070000,0.000000,-0.000000,0.000036,0.000000,-0.000000,0.000789,0.999999,0.000000,0.000000,0.001076,0.000000,0.000000,0.075191
0.080000,0.000000,-0.000000,0.000044,0.000000,-0.000000,0.000820,0.999999,0.000000,0.000000,0.001491,0.000000,0.000000,0.090568
0.090000,0.000000,-0.000000,0.000053,0.000000,-0.000000,0.000843,0.999998,0.000000,0.000000,0.001983,0.000000,0.000000,0.106372
0.100000,0.000000,-0.000000,0.000061,0.000000,-0.000000,0.000860,0.999997,0.000000,0.000000,0.002555,0.000000,0.000000,0.122497
0.110000,0.000000,-0.000000,0.000070,0.000000,-0.000000,0.000873,0.999995,0.000000,0.000000,0.003209,0.000000,0.000000,0.138863
0.120000,0.000000,-0.000000,0.000078,0.000000,-0.000000,0.000882,0.999992,0.000000,0.000000,0.003944,0.000000,0.000000,0.155409
0.130000,0.000000,-0.000000,0.000087,0.000000,-0.000000,0.000889,0.999989,0.000000,0.000000,0.004763,-0.000000,0.000000,0.172090
0.140000,0.000000,-0.000000,0.000096,0.000000,-0.000000,0.000895,0.999984,0.000000,0.000000,0.005665,0.000000,0.000000,0.188873
0.150000,0.000000,-0.000000,0.000105,0.000000,-0.000000,0.000899,0.999978,0.000000,0.000000,0.006652,-0.000000,0.000000,0.205732
0.160000,0.000000,-0.000000,0.000114,0.000000,-0.000000,0.000902,0.999970,0.000000,0.000000,0.007723,-0.000000,0.000000,0.222647
0.170000,0.000000,-0.000000,0.000123,0.000000,-0.000000,0.000904,0.999961,0.000000,0.000000,0.008878,-0.000000,-0.000000,0.239606
0.180000,0.000000,-0.000000,0.000132,0.000000,-0.000000,0.000906,0.999949,0.000000,0.000000,0.010119,-0.000000,0.000000,0.256597
0.190000,0.000000,-0.000000,0.000141,0.000000,-0.000000,0.000907,0.999935,0.000000,0.000000,0.011444,-0.000000,-0.000000,0.273611
0.200000,0.000000,-0.000000,0.000150,0.000000,-0.000000,0.000908,0.999917,0.000000,0.000000,0.012855,-0.000000,-0.000000,0.290644
0.210000,0.000000,-0.000000,0.000160,0.000000,-0.000000,0.000909,0.999897,0.000000,0.000000,0.014351,-0.000000,-0.000000,0.307691
0.220000,0.000000,-0.000000,0.000169,0.000000,-0.000000,0.000909,0.999873,0.000000,0.000000,0.015932,-0.000000,-0.000000,0.324747
0.230000,0.000000,-0.000000,0.000178,0.000000,-0.000000,0.000910,0.999845,0.000000,0.000000,0.017598,0.000000,-0.000000,0.341811
0.240000,0.000000,-0.000000,0.000187,0.000000,-0.000000,0.000910,0.999813,0.000000,0.000000,0.019349,0.000000,-0.000000,0.358881
0.250000,0.000000,-0.000000,0.000196,0.000000,-0.000000,0.000910,0.999776,0.000000,0.000000,0.021186,-0.000000,-0.000000,0.375955
0.260000,0.000000,-0.000000,0.000205,0.000000,-0.000000,0.000911,0.999733,0.000000,0.000000,0.023108,-0.000000,-0.000000,0.393033
0.270000,0.000000,-0.000000,0.000214,0.000000,-0.000000,0.000911,0.999685,-0.000000,-0.000000,0.025115,-0.000000,-0.000000,0.410113
0.280000,0.000000,-0.000000,0.000223,0.000000,-0.000000,0.000911,0.999630,-0.000000,-0.000000,0.027208,-0.000000,-0.000000,0.427194
0.290000,0.000000,-0.000000,0.000232,0.000000,-0.000000,0.000911,0.999568,-0.000000,-0.000000,0.029385,-0.000000,-0.000000,0.444278
0.300000,0.000000,-0.000000,0.000241,0.000000,-0.000000,0.000911,0.999499,-0.000000,-0.000000,0.031649,-0.000000,-0.000000,0.461362
0.310000,0.000000,-0.000000,0.000251,0.000000,-0.000000,0.000911,0.999422,-0.000000,-0.000000,0.033997,-0.000001,-0.000001,0.478447
0.320000,0.000000,-0.000000,0.000260,0.000000,-0.000000,0.000911,0.999336,-0.000000,-0.000000,0.036430,-0.000000,-0.000000,0.495532
0.330000,0.000000,-0.000000,0.000269,0.000000,-0.000000,0.000911,0.999241,-0.000000,-0.000000,0.038949,-0.000001,-0.000001,0.512618
0.340000,0.000000,-0.000000,0.000278,-0.000000,-0.000000,0.000911,0.999136,-0.000000,-0.000000,0.041552,-0.000000,-0.000000,0.529704
0.350000,0.000000,-0.000000,0.000287,-0.000000,0.000000,0.000911,0.999021,-0.000000,-0.000000,0.044241,-0.000000,-0.000000,0.546791
0.360000,0.000000,-0.000000,0.000296,-0.000000,0.000000,0.000911,0.998894,-0.000000,-0.000000,0.047015,-0.000001,-0.000001,0.563877
0.370000,0.000000,-0.000000,0.000305,-0.000000,0.000000,0.000911,0.998756,-0.000000,-0.000000,0.049874,-0.000001,-0.000001,0.580964
0.380000,0.000000,-0.000000,0.000314,-0.000000,0.000000,0.000911,0.998604,-0.000000,-0.000000,0.052817,-0.000000,-0.000000,0.598051
0.390000,0.000000,-0.000000,0.000323,-0.000000,0.000000,0.000911,0.998439,-0.000000,-0.000000,0.055846,-0.000000,-0.000001,0.615138
0.400000,0.000000,-0.000000,0.000333,-0.000000,0.000000,0.000911,0.998260,-0.000000,-0.000000,0.058959,-0.000000,-0.000001,0.632225
0.410000,0.000000,-0.000000,0.000342,-0.000000,0.000000,0.000911,0.998066,-0.000000,-0.000000,0.062157,-0.000000,-0.000001,0.649312
0.420000,0.000000,-0.000000,0.000351,-0.000000,0.000000,0.000911,0.997857,-0.000000,-0.000000,0.065440,-0.000000,-0.000001,0.666399
0.430000,-0.000000,-0.000000,0.000360,-0.000000,0.000000,0.000911,0.997630,-0.000000,-0.000000,0.068807,-0.000000,-0.000001,0.683485
0.440000,-0.000000,0.000000,0.000369,-0.000000,0.000000,0.000911,0.997386,-0.000000,-0.000000,0.072258,-0.000000,-0.000001,0.700572
0.450000,-0.000000,0.000000,0.000378,-0.000000,0.000000,0.000911,0.997124,-0.000000,-0.000000,0.075794,-0.000000,-0.000001,0.717659
0.460000,-0.000000,0.000000,0.000387,-0.000000,0.000000,0.000911,0.996842,-0.000000,-0.000000,0.079414,-0.000000,-0.000001,0.734746
0.470000,-0.000000,0.000000,0.000396,-0.000000,0.000000,0.000911,0.996540,-0.000000,-0.000000,0.083118,-0.000000,-0.000001,0.751833
0.480000,-0.000000,0.000000,0.000405,-0.000000,0.000000,0.000911,0.996216,-0.000000,-0.000000,0.086907,-0.000000,-0.000001,0.768920
0.490000,-0.000000,0.000000,0.000415,-0.000000,0.000000,0.000911,0.995871,-0.000000,-0.000000,0.090778,-0.000000,-0.000001,0.786007
0.500000,-0.000000,0.000000,0.000424,-0.000000,0.000000,0.000911,0.995503,-0.000000,-0.000000,0.094734,-0.000000,-0.000001,0.803094
0.510000,-0.000000,0.000000,0.000433,-0.000000,0.000000,0.000911,0.995110,-0.000000,-0.000000,0.098773,-0.000000,-0.000001,0.820181
0.520000,-0.000000,0.000000,0.000442,-0.000000,0.000000,0.000911,0.994692,-0.000000,-0.000000,0.102896,-0.000000,-0.000001,0.837268
0.530000,-0.000000,0.000000,0.000451,-0.000000,0.000000,0.000911,0.994248,-0.000000,-0.000000,0.107101,-0.000000,-0.000001,0.854355
0.540000,-0.000000,0.000000,0.000460,-0.000000,0.000000,0.000911,0.993777,-0.000000,-0.000000,0.111390,-0.000000,-0.000001,0.871442
0.550000,-0.000000,0.000000,0.000469,-0.000000,0.000000,0.000911,0.993277,-0.000000,-0.000000,0.115762,-0.000000,-0.000001,0.888529
0.560000,-0.000000,0.000000,0.000478,-0.000000,0.000000,0.000911,0.992748,-0.000000,-0.000000,0.120216,-0.000000,-0.000001,0.905615
0.570000,-0.000000,0.000000,0.000487,-0.000000,0.000000,0.000911,0.992188,-0.000000,-0.000000,0.124752,-0.000000,-0.000001,0.922702
0.580000,-0.000000,0.000000,0.000497,-0.000000,0.000000,0.000911,0.991596,-0.000000,-0.000000,0.129370,-0.000000,-0.000001,0.939789
0.590000,-0.000000,0.000000,0.000506,-0.000000,0.000000,0.000911,0.990972,-0.000000,-0.000000,0.134071,-0.000000,-0.000001,0.956876
0.600000,-0.000000,0.000000,0.000515,-0.000000,0.000000,0.000911,0.990313,-0.000000,-0.000000,0.138853,-0.000000,-0.000001,0.973963
0.610000,-0.000000,0.000000,0.000524,-0.000000,0.000000,0.000911,0.989619,-0.000000,-0.000000,0.143716,-0.000000,-0.000001,0.991050
0.620000,-0.000000,0.000000,0.000533,-0.000000,0.000000,0.000911,0.988888,-0.000000,-0.000000,0.148660,-0.000000,-0.000001,1.008137
0.630000,-0.000000,0.000000,0.000542,-0.000000,0.000000,0.000911,0.988120,-0.000000,-0.000000,0.153685,-0.000000,-0.000001,1.025224
0.640000,-0.000000,0.000000,0.000551,-0.000000,0.000000,0.000911,0.987312,-0.000000,-0.000000,0.158791,-0.000000,-0.000001,1.042311
0.650000,-0.000000,0.000000,0.000560,-0.000000,0.000000,0.000911,0.986464,-0.000000,-0.000000,0.163976,-0.000000,-0.000001,1.059398
0.660000,-0.000000,0.000000,0.000569,-0.000000,0.000000,0.000911,0.985575,-0.000000,-0.000000,0.169241,-0.000000,-0.000001,1.076485
0.670000,-0.000000,0.000000,0.000579,-0.000000,0.000000,0.000911,0.984642,-0.000000,-0.000000,0.174585,-0.000000,-0.000001,1.093572
0.680000,-0.000000,0.000000,0.000588,-0.000000,0.000000,0.000911,0.983665,-0.000000,-0.000000,0.180009,-0.000000,-0.000001,1.110659
0.690000,-0.000000,0.000000,0.000597,-0.000000,0.000000,0.000911,0.982642,-0.000000,-0.000000,0.185510,-0.000000,-0.000001,1.127746
0.700000,-0.000000,0.000000,0.000606,-0.000001,0.000000,0.000911,0.981573,-0.000000,-0.000000,0.191090,-0.000000,-0.000001,1.144833
0.710000,-0.000000,0.000000,0.000615,-0.000001,0.000000,0.000911,0.980454,-0.000000,-0.000000,0.196748,-0.000000,-0.000001,1.161920
0.720000,-0.000000,0.000000,0.000624,-0.000001,0.000000,0.000911,0.979286,-0.000000,-0.000000,0.202482,-0.000000,-0.000001,1.179007
0.730000,-0.000000,0.000000,0.000633,-0.000001,0.000000,0.000911,0.978066,-0.000000,-0.000000,0.208293,-0.000000,-0.000001,1.196094
0.740000,-0.000000,0.000000,0.000642,-0.000001,0.000000,0.000911,0.976794,-0.000000,-0.000000,0.214181,-0.000000,-0.000001,1.213181
0.750000,-0.000000,0.000000,0.000651,-0.000001,0.000000,0.000911,0.975468,-0.000000,-0.000000,0.220143,-0.000000,-0.000001,1.230268
0.760000,-0.000000,0.000000,0.000661,-0.000001,0.000000,0.000911,0.974085,-0.000000,-0.000000,0.226181,-0.000000,-0.000001,1.247355
0.770000,-0.000000,0.000000,0.000670,-0.000001,0.000000,0.000911,0.972646,-0.000000,-0.000000,0.232293,-0.000000,-0.000001,1.264442
0.780000,-0.000000,0.000000,0.000679,-0.000001,0.000000,0.000911,0.971148,-0.000000,-0.000000,0.238480,-0.000000,-0.000001,1.281529
0.790000,-0.000000,0.000000,0.000688,-0.000001,0.000000,0.000911,0.969589,-0.000000,-0.000000,0.244739,-0.000000,-0.000001,1.298616
0.800000,-0.000000,0.000000,0.000697,-0.000001,0.000000,0.000911,0.967969,-0.000000,-0.000000,0.251071,-0.000000,-0.000001,1.315703
0.810000,-0.000000,0.000000,0.000706,-0.000001,0.000000,0.000911,0.966285,-0.000000,-0.000000,0.257474,-0.000000,-0.000001,1.332790
0.820000,-0.000000,0.000000,0.000715,-0.000001,0.000000,0.000911,0.964537,-0.000000,-0.000000,0.263949,-0.000000,-0.000001,1.349877
0.830000,-0.000000,0.000000,0.000724,-0.000001,0.000001,0.000911,0.962722,-0.000000,-0.000000,0.270494,-0.000000,-0.000001,1.366964
0.839999,-0.000000,0.000000,0.000733,-0.000001,0.000001,0.000911,0.960839,-0.000000,-0.000000,0.277109,-0.000000,-0.000001,1.384051
0.849999,-0.000000,0.000000,0.000742,-0.000001,0.000001,0.000911,0.958886,-0.000000,-0.000000,0.283792,-0.000000,-0.000001,1.401138
0.859999,-0.000000,0.000000,0.000752,-0.000001,0.000001,0.000911,0.956862,-0.000000,-0.000000,0.290544,-0.000000,-0.000001,1.418225
0.869999,-0.000000,0.000000,0.000761,-0.000001,0.000001,0.000911,0.954765,-0.000000,-0.000000,0.297362,-0.000000,-0.000001,1.435312
0.879999,-0.000000,0.000000,0.000770,-0.000001,0.000001,0.000911,0.952593,-0.000000,-0.000000,0.304247,-0.000000,-0.000001,1.452399
0.889999,-0.000000,0.000000,0.000779,-0.000001,0.000001,0.000911,0.950345,-0.000000,-0.000000,0.311197,-0.000000,-0.000001,1.469486
0.899999,-0.000000,0.000000,0.000788,-0.000001,0.000001,0.000911,0.948020,-0.000000,-0.000000,0.318212,-0.000000,-0.000001,1.486573
0.909999,-0.000000,0.000000,0.000797,-0.000001,0.000001,0.000911,0.945614,-0.000000,-0.000000,0.325290,-0.000000,-0.000001,1.503659
0.919999,-0.000000,0.000000,0.000806,-0.000001,0.000001,0.000911,0.943128,-0.000000,-0.000000,0.332431,-0.000000,-0.000001,1.520746
0.929999,-0.000000,0.000000,0.000815,-0.000001,0.000001,0.000911,0.940558,-0.000000,-0.000000,0.339632,-0.000000,-0.000001,1.537833
0.939999,-0.000000,0.000000,0.000824,-0.000001,0.000001,0.000911,0.937904,-0.000000,-0.000000,0.346894,-0.000000,-0.000001,1.554920
0.949999,-0.000000,0.000000,0.000834,-0.000001,0.000001,0.000911,0.935164,-0.000000,-0.000000,0.354216,-0.000000,-0.000001,1.572007
0.959999,-0.000000,0.000000,0.000843,-0.000001,0.000001,0.000911,0.932335,-0.000000,-0.000000,0.361595,-0.000000,-0.000001,1.589094
0.969999,-0.000000,0.000000,0.000852,-0.000001,0.000001,0.000911,0.929417,-0.000000,-0.000000,0.369031,-0.000000,-0.000001,1.606181
0.979999,-0.000000,0.000000,0.000861,-0.000001,0.000001,0.000911,0.926407,-0.000000,-0.000000,0.376523,-0.000000,-0.000001,1.623268
0.989999,-0.000000,0.000000,0.000870,-0.000002,0.000001,0.000911,0.923305,-0.000000,-0.000000,0.384069,-0.000000,-0.000001,1.640355
0.999999,-0.000000,0.000000,0.000879,-0.000002,0.000001,0.000911,0.920107,-0.000000,-0.000000,0.391668,-0.000000,-0.000001,1.657442
1.009999,-0.000000,0.000000,0.000888,-0.000002,0.000001,0.000911,0.916812,-0.000000,-0.000000,0.399318,-0.000000,-0.000001,1.674529
1.019999,-0.000000,0.000000,0.000897,-0.000002,0.000001,0.000911,0.913419,-0.000000,-0.000000,0.407019,-0.000000,-0.000001,1.691616
1.029999,-0.000000,0.000000,0.000906,-0.000002,0.000001,0.000911,0.909927,-0.000000,-0.000000,0.414769,-0.000000,-0.000001,1.708703
1.039999,-0.000000,0.000000,0.000916,-0.000002,0.000001,0.000911,0.906332,-0.000000,-0.000000,0.422567,-0.000000,-0.000001,1.725790
1.049999,-0.000000,0.000000,0.000925,-0.000002,0.000001,0.000911,0.902633,-0.000000,-0.000000,0.430410,-0.000000,-0.000001,1.742877
1.059999,-0.000000,0.000000,0.000934,-0.000002,0.000001,0.000911,0.898830,-0.000000,-0.000000,0.438298,-0.000000,-0.000001,1.759964
1.069999,-0.000000,0.000000,0.000943,-0.000002,0.000001,0.000911,0.894919,-0.000000,-0.000000,0.446229,-0.000000,-0.000001,1.777051
1.079999,-0.000000,0.000000,0.000952,-0.000002,0.000001,0.000911,0.890899,-0.000000,-0.000000,0.454201,-0.000000,-0.000001,1.794138
1.089999,-0.000001,0.000000,0.000961,-0.000002,0.000001,0.000911,0.886769,-0.000000,-0.000000,0.462212,-0.000000,-0.000001,1.811225
1.099999,-0.000001,0.000000,0.000970,-0.000002,0.000001,0.000911,0.882527,-0.000000,-0.000000,0.470262,-0.000000,-0.000001,1.828312
1.109999,-0.000001,0.000000,0.000979,-0.000002,0.000001,0.000911,0.878171,-0.000000,-0.000000,0.478347,-0.000000,-0.000001,1.845399
1.119999,-0.000001,0.000000,0.000988,-0.000002,0.000001,0.000911,0.873699,-0.000000,-0.000000,0.486467,-0.000000,-0.000001,1.862486
1.129999,-0.000001,0.000000,0.000997,-0.000002,0.000001,0.000911,0.869110,-0.000000,-0.000000,0.494619,-0.000000,-0.000001,1.879573
1.139999,-0.000001,0.000000,0.001007,-0.000002,0.000001,0.000911,0.864402,-0.000000,-0.000000,0.502802,-0.000000,-0.000001,1.896660
1.149999,-0.000001,0.000000,0.001016,-0.000002,0.000001,0.000911,0.859573,-0.000000,-0.000000,0.511013,-0.000000,-0.000001,1.913747
1.159999,-0.000001,0.000000,0.001025,-0.000002,0.000001,0.000911,0.854622,-0.000000,-0.000000,0.519251,0.000000,-0.000001,1.930834
1.169999,-0.000001,0.000000,0.001034,-0.000002,0.000001,0.000911,0.849546,-0.000000,-0.000000,0.527514,0.000000,-0.000001,1.947921
1.179999,-0.000001,0.000000,0.001043,-0.000002,0.000001,0.000911,0.844346,-0.000000,-0.000000,0.535799,0.000000,-0.000001,1.965008
1.189999,-0.000001,0.000000,0.001052,-0.000002,0.000001,0.000911,0.839017,-0.000000,-0.000000,0.544105,0.000000,-0.000001,1.982095
1.199999,-0.000001,0.000000,0.001061,-0.000003,0.000001,0.000911,0.833560,-0.000000,-0.000000,0.552428,0.000000,-0.000001,1.999182
1.209999,-0.000001,0.000000,0.001070,-0.000003,0.000001,0.000911,0.827973,-0.000000,-0.000000,0.560768,0.000000,-0.000001,2.016269
1.219999,-0.000001,0.000000,0.001079,-0.000003,0.000001,0.000911,0.822253,-0.000000,-0.000000,0.569122,0.000000,-0.000001,2.033356
1.229999,-0.000001,0.000000,0.001089,-0.000003,0.000001,0.000910,0.816400,-0.000000,-0.000000,0.577487,0.000000,-0.000001,2.050443
1.239999,-0.000001,0.000000,0.001098,-0.000003,0.000001,0.000910,0.810412,-0.000000,-0.000000,0.585861,0.000000,-0.000001,2.067530
1.249999,-0.000001,0.000000,0.001107,-0.000003,0.000001,0.000910,0.804287,-0.000000,-0.000000,0.594241,0.000000,-0.000001,2.084617
1.259999,-0.000001,0.000000,0.001116,-0.000003,0.000001,0.000910,0.798024,-0.000000,-0.000000,0.602626,0.000000,-0.000001,2.101704
1.269999,-0.000001,0.000000,0.001125,-0.000003,0.000001,0.000910,0.791621,-0.000000,-0.000000,0.611013,0.000000,-0.000001,2.118791
1.279999,-0.000001,0.000000,0.001134,-0.000003,0.000001,0.000910,0.785077,-0.000000,-0.000000,0.619398,0.000000,-0.000001,2.135878
1.289999,-0.000001,0.000000,0.001143,-0.000003,0.000001,0.000910,0.778391,-0.000000,-0.000000,0.627780,0.000000,-0.000001,2.152965
1.299999,-0.000001,0.000000,0.001152,-0.000003,0.000001,0.000910,0.771561,-0.000000,-0.000000,0.636156,0.000000,-0.000001,2.170052
1.309999,-0.000001,0.000000,0.001161,-0.000003,0.000001,0.000910,0.764585,-0.000000,-0.000000,0.644522,0.000000,-0.000001,2.187139
1.319999,-0.000001,0.000000,0.001170,-0.000003,0.000001,0.000910,0.757464,-0.000000,-0.000000,0.652877,0.000000,-0.000001,2.204226
1.329999,-0.000001,0.000000,0.001180,-0.000003,0.000001,0.000910,0.750194,-0.000000,-0.000000,0.661218,0.000000,-0.000001,2.221313
1.339999,-0.000001,0.000000,0.001189,-0.000003,0.000001,0.000910,0.742776,-0.000000,-0.000000,0.669540,0.000000,-0.000001,2.238400
1.349999,-0.000001,0.000000,0.001198,-0.000003,0.000001,0.000910,0.735207,-0.000000,-0.000000,0.677843,0.000000,-0.000001,2.255487
1.359999,-0.000001,0.000000,0.001207,-0.000003,0.000001,0.000910,0.727487,-0.000000,-0.000000,0.686122,0.000000,-0.000001,2.272574
1.369999,-0.000001,0.000000,0.001216,-0.000003,0.000001,0.000910,0.719614,-0.000000,-0.000000,0.694375,0.000000,-0.000001,2.289661
1.379999,-0.000001,0.000000,0.001225,-0.000003,0.000001,0.000910,0.711587,-0.000000,-0.000000,0.702598,0.000000,-0.000001,2.306748
1.389999,-0.000001,0.000000,0.001234,-0.000004,0.000001,0.000910,0.703406,-0.000000,-0.000000,0.710788,0.000000,-0.000001,2.323835
1.399999,-0.000001,0.000001,0.001243,-0.000004,0.000001,0.000910,0.695069,-0.000000,-0.000000,0.718943,0.000000,-0.000001,2.340922
1.409999,-0.000001,0.000001,0.001252,-0.000004,0.000001,0.000910,0.686576,-0.000000,-0.000000,0.727058,0.000000,-0.000001,2.358009
1.419999,-0.000001,0.000001,0.001261,-0.000004,0.000001,0.000910,0.677925,-0.000000,-0.000000,0.735131,0.000000,-0.000001,2.375096
1.429999,-0.000001,0.000001,0.001271,-0.000004,0.000001,0.000910,0.669116,-0.000000,-0.000000,0.743158,0.000000,-0.000001,2.392183
1.439999,-0.000002,0.000001,0.001280,-0.000004,0.000001,0.000910,0.660147,-0.000000,-0.000000,0.751136,0.000000,-0.000001,2.409270
1.449999,-0.000002,0.000001,0.001289,-0.000004,0.000001,0.000910,0.651019,-0.000000,-0.000000,0.759062,0.000000,-0.000001,2.426357
1.459999,-0.000002,0.000001,0.001298,-0.000004,0.000001,0.000910,0.641729,-0.000000,-0.000000,0.766931,0.000000,-0.000001,2.443444
1.469999,-0.000002,0.000001,0.001307,-0.000004,0.000001,0.000910,0.632279,-0.000000,-0.000000,0.774741,0.000000,-0.000001,2.460531
1.479999,-0.000002,0.000001,0.001316,-0.000004,0.000001,0.000910,0.622666,-0.000000,-0.000000,0.782487,0.000000,-0.000001,2.477618
1.489999,-0.000002,0.000001,0.001325,-0.000004,0.000000,0.000910,0.612892,-0.000000,-0.000000,0.790167,0.000000,-0.000001,2.494704
1.499999,-0.000002,0.000001,0.001334,-0.000004,0.000000,0.000910,0.602954,-0.000000,-0.000000,0.797776,0.000000,-0.000001,2.511791
1.509999,-0.000002,0.000001,0.001343,-0.000004,0.000000,0.000910,0.592853,-0.000000,-0.000000,0.805311,0.000000,-0.000001,2.528878
1.519999,-0.000002,0.000001,0.001353,-0.000004,0.000000,0.000910,0.582589,-0.000000,-0.000000,0.812767,0.000000,-0.000001,2.545965
1.529999,-0.000002,0.000001,0.001362,-0.000004,0.000000,0.000910,0.572160,-0.000000,-0.000000,0.820142,0.000000,-0.000001,2.563052
1.539999,-0.000002,0.000001,0.001371,-0.000004,0.000000,0.000910,0.561568,-0.000000,-0.000000,0.827431,0.000000,-0.000001,2.580139
1.549999,-0.000002,0.000001,0.001380,-0.000004,0.000000,0.000910,0.550811,-0.000000,-0.000000,0.834630,0.000000,-0.000001,2.597226
1.559999,-0.000002,0.000001,0.001389,-0.000004,0.000000,0.000910,0.539891,-0.000000,-0.000000,0.841735,0.000000,-0.000001,2.614313
1.569999,-0.000002,0.000001,0.001398,-0.000004,0.000000,0.000910,0.528806,-0.000000,-0.000000,0.848743,0.000000,-0.000001,2.631400
1.579999,-0.000002,0.000001,0.001407,-0.000004,0.000000,0.000910,0.517557,-0.000000,-0.000000,0.855649,0.000000,-0.000000,2.648487
1.589999,-0.000002,0.000001,0.001416,-0.000004,0.000000,0.000910,0.506144,-0.000000,-0.000000,0.862449,0.000000,-0.000000,2.665574
1.599999,-0.000002,0.000001,0.001425,-0.000005,0.000000,0.000910,0.494568,-0.000000,-0.000000,0.869139,0.000000,-0.000000,2.682661
1.609999,-0.000002,0.000001,0.001434,-0.000005,0.000000,0.000910,0.482828,-0.000000,-0.000000,0.875715,0.000000,-0.000000,2.699748
1.619999,-0.000002,0.000001,0.001444,-0.000005,0.000000,0.000910,0.470926,-0.000000,-0.000000,0.882173,0.000000,-0.000000,2.716835
1.629999,-0.000002,0.000001,0.001453,-0.000005,0.000000,0.000910,0.458861,-0.000000,-0.000000,0.888508,0.000001,-0.000000,2.733922
1.639999,-0.000002,0.000001,0.001462,-0.000005,0.000000,0.000910,0.446635,-0.000000,-0.000000,0.894716,0.000001,-0.000000,2.751009
1.649999,-0.000002,0.000001,0.001471,-0.000005,0.000000,0.000910,0.434248,-0.000000,-0.000000,0.900793,0.000001,-0.000000,2.768096
1.659999,-0.000002,0.000001,0.001480,-0.000005,0.000000,0.000910,0.421700,-0.000000,-0.000000,0.906735,0.000001,-0.000000,2.785183
1.669999,-0.000003,0.000001,0.001489,-0.000005,0.000000,0.000910,0.408994,-0.000000,-0.000000,0.912537,0.000001,-0.000000,2.802270
1.679999,-0.000003,0.000001,0.001498,-0.000005,0.000000,0.000910,0.396129,-0.000000,-0.000000,0.918195,0.000001,-0.000000,2.819357
1.689999,-0.000003,0.000001,0.001507,-0.000005,0.000000,0.000910,0.383107,-0.000000,-0.000000,0.923704,0.000001,-0.000000,2.836444
1.699999,-0.000003,0.000001,0.001516,-0.000005,0.000000,0.000910,0.369929,-0.000000,-0.000000,0.929060,0.000001,-0.000000,2.853531
1.709999,-0.000003,0.000001,0.001525,-0.000005,0.000000,0.000910,0.356596,-0.000000,-0.000000,0.934259,0.000001,-0.000000,2.870618
1.719999,-0.000003,0.000001,0.001535,-0.000005,-0.000000,0.000910,0.343111,-0.000000,-0.000000,0.939295,0.000001,-0.000000,2.887705
1.729999,-0.000003,0.000001,0.001544,-0.000005,-0.000000,0.000910,0.329473,-0.000000,-0.000000,0.944165,0.000001,-0.000000,2.904792
1.739999,-0.000003,0.000001,0.001553,-0.000005,-0.000000,0.000910,0.315685,-0.000000,-0.000000,0.948864,0.000001,-0.000000,2.921879
1.749999,-0.000003,0.000001,0.001562,-0.000005,-0.000000,0.000910,0.301749,-0.000000,-0.000000,0.953387,0.000001,-0.000000,2.938966
1.759999,-0.000003,0.000001,0.001571,-0.000005,-0.000000,0.000910,0.287666,-0.000000,-0.000000,0.957731,0.000001,-0.000000,2.956053
1.769999,-0.000003,0.000001,0.001580,-0.000005,-0.000000,0.000910,0.273439,-0.000000,-0.000000,0.961890,0.000001,-0.000000,2.973140
1.779999,-0.000003,0.000001,0.001589,-0.000005,-0.000000,0.000910,0.259068,-0.000000,-0.000000,0.965859,0.000001,-0.000000,2.990227
1.789999,-0.000003,0.000001,0.001598,-0.000005,-0.000000,0.000910,0.244558,-0.000000,-0.000000,0.969635,0.000001,-0.000000,3.007314
1.799999,-0.000003,0.000001,0.001607,-0.000005,-0.000000,0.000910,0.229909,-0.000000,-0.000000,0.973212,0.000001,-0.000000,3.024401
1.809999,-0.000003,0.000001,0.001616,-0.000005,-0.000000,0.000910,0.215125,-0.000000,-0.000000,0.976587,0.000001,-0.000000,3.041488
1.819999,-0.000003,0.000001,0.001626,-0.000005,-0.000000,0.000910,0.200207,-0.000000,-0.000000,0.979754,0.000001,-0.000000,3.058575
1.829999,-0.000003,0.000001,0.001635,-0.000005,-0.000000,0.000910,0.185159,-0.000000,-0.000000,0.982709,0.000001,-0.000000,3.075662
1.839999,-0.000003,0.000001,0.001644,-0.000005,-0.000000,0.000910,0.169984,-0.000000,-0.000000,0.985447,0.000001,-0.000000,3.092749
1.849999,-0.000003,0.000001,0.001653,-0.000005,-0.000000,0.000910,0.154683,-0.000000,-0.000000,0.987964,0.000001,-0.000000,3.109836
1.859999,-0.000003,0.000001,0.001662,-0.000005,-0.000000,0.000910,0.139260,-0.000000,-0.000000,0.990256,0.000001,-0.000000,3.126923
1.869999,-0.000004,0.000001,0.001671,-0.000005,-0.000000,0.000910,0.123719,-0.000000,-0.000000,0.992317,0.000001,-0.000000,3.144010
1.879999,-0.000004,0.000001,0.001680,-0.000005,-0.000000,0.000910,0.108063,-0.000000,-0.000000,0.994144,0.000001,-0.000000,3.161097
1.889999,-0.000004,0.000001,0.001689,-0.000005,-0.000000,0.000910,0.092295,-0.000000,-0.000000,0.995732,0.000001,-0.000000,3.178184
1.899999,-0.000004,0.000001,0.001698,-0.000006,-0.000000,0.000910,0.076418,-0.000000,-0.000000,0.997076,0.000001,-0.000000,3.195271
1.909999,-0.000004,0.000001,0.001707,-0.000006,-0.000000,0.000910,0.060437,-0.000000,-0.000000,0.998172,0.000001,-0.000000,3.212358
1.919999,-0.000004,0.000001,0.001717,-0.000006,-0.000000,0.000910,0.044354,-0.000000,-0.000000,0.999016,0.000001,-0.000000,3.229445
1.929999,-0.000004,0.000001,0.001726,-0.000006,-0.000000,0.000910,0.028175,-0.000000,-0.000000,0.999603,0.000001,-0.000000,3.246532
1.939999,-0.000004,0.000001,0.001735,-0.000006,-0.000000,0.000910,0.011903,-0.000000,-0.000000,0.999929,0.000001,-0.000000,3.263619
1.949998,-0.000004,0.000001,0.001744,-0.000006,-0.000000,0.000910,-0.004457,-0.000000,-0.000000,0.999990,0.000001,0.000000,3.280706
1.959998,-0.000004,0.000001,0.001753,-0.000006,-0.000000,0.000910,-0.020902,-0.000000,-0.000000,0.999782,0.000001,0.000000,3.297793
1.969998,-0.000004,0.000001,0.001762,-0.000006,-0.000000,0.000910,-0.037426,-0.000000,-0.000000,0.999299,0.000001,0.000000,3.314880
1.979998,-0.000004,0.000001,0.001771,-0.000006,-0.000000,0.000910,-0.054026,-0.000000,-0.000000,0.998540,0.000001,0.000000,3.331967
1.989998,-0.000004,0.000001,0.001780,-0.000006,-0.000000,0.000910,-0.070696,-0.000000,-0.000000,0.997498,0.000001,0.000000,3.349054
1.999998,-0.000004,0.000001,0.001789,-0.000006,-0.000000,0.000910,-0.087431,-0.000000,-0.000000,0.996171,0.000001,0.000000,3.366141
2.009999,-0.000004,0.000001,0.001798,-0.000006,-0.000000,0.000910,-0.104226,-0.000000,-0.000000,0.994554,0.000001,0.000000,3.383228
2.019999,-0.000004,0.000001,0.001808,-0.000006,-0.000000,0.000910,-0.121077,-0.000000,-0.000000,0.992643,0.000001,0.000000,3.400315
2.029999,-0.000004,0.000001,0.001817,-0.000006,-0.000000,0.000910,-0.137978,-0.000000,-0.000000,0.990435,0.000001,0.000000,3.417402
2.039999,-0.000004,0.000001,0.001826,-0.000006,-0.000000,0.000910,-0.154922,-0.000000,-0.000000,0.987927,0.000001,0.000000,3.434489
2.049999,-0.000005,0.000001,0.001835,-0.000006,-0.000000,0.000910,-0.171906,-0.000000,0.000000,0.985113,0.000001,0.000000,3.451576
2.059999,-0.000005,0.000001,0.001844,-0.000006,-0.000000,0.000910,-0.188922,-0.000000,0.000000,0.981992,0.000001,0.000000,3.468663
2.069999,-0.000005,0.000001,0.001853,-0.000006,-0.000000,0.000910,-0.205966,-0.000000,0.000000,0.978559,0.000001,0.000000,3.485749
2.079998,-0.000005,0.000001,0.001862,-0.000006,-0.000000,0.000910,-0.223031,-0.000000,0.000000,0.974811,0.000001,0.000000,3.502836
2.089998,-0.000005,0.000000,0.001871,-0.000006,-0.000000,0.000910,-0.240110,-0.000000,0.000000,0.970746,0.000001,0.000000,3.519923
2.099998,-0.000005,0.000000,0.001880,-0.000006,-0.000000,0.000910,-0.257198,-0.000000,0.000000,0.966359,0.000001,0.000000,3.537010
2.109998,-0.000005,0.000000,0.001889,-0.000006,-0.000000,0.000910,-0.274288,-0.000000,0.000000,0.961648,0.000001,0.000000,3.554097
2.119998,-0.000005,0.000000,0.001899,-0.000006,-0.000000,0.000910,-0.291374,-0.000000,0.000000,0.956609,0.000001,0.000000,3.571184
2.129998,-0.000005,0.000000,0.001908,-0.000006,-0.000000,0.000910,-0.308448,-0.000000,0.000000,0.951241,0.000001,0.000000,3.588271
2.139998,-0.000005,0.000000,0.001917,-0.000006,-0.000000,0.000910,-0.325504,-0.000000,0.000000,0.945541,0.000001,0.000000,3.605358
2.149998,-0.000005,0.000000,0.001926,-0.000006,-0.000000,0.000910,-0.342536,-0.000000,0.000000,0.939505,0.000001,0.000000,3.622445
2.159998,-0.000005,0.000000,0.001935,-0.000006,-0.000000,0.000910,-0.359535,-0.000000,0.000000,0.933132,0.000001,0.000000,3.639532
2.169998,-0.000005,0.000000,0.001944,-0.000006,-0.000000,0.000910,-0.376495,-0.000000,0.000000,0.926419,0.000001,0.000000,3.656619
2.179998,-0.000005,0.000000,0.001953,-0.000006,-0.000000,0.000910,-0.393408,-0.000000,0.000000,0.919364,0.000001,0.000000,3.673706
2.189998,-0.000005,0.000000,0.001962,-0.000006,-0.000000,0.000910,-0.410267,-0.000000,0.000000,0.911965,0.000001,0.000000,3.690793
2.199998,-0.000005,0.000000,0.001971,-0.000006,-0.000000,0.000910,-0.427064,-0.000000,0.000000,0.904221,0.000001,0.000000,3.707880
2.209998,-0.000006,0.000000,0.001980,-0.000006,-0.000000,0.000910,-0.443792,-0.000000,0.000000,0.896130,0.000001,0.000000,3.724967
2.219998,-0.000006,0.000000,0.001990,-0.000006,-0.000000,0.000910,-0.460442,-0.000000,0.000000,0.887690,0.000001,0.000000,3.742054
2.229998,-0.000006,0.000000,0.001999,-0.000006,-0.000000,0.000910,-0.477007,-0.000000,0.000000,0.878899,0.000000,0.000000,3.759141
2.239998,-0.000006,0.000000,0.002008,-0.000007,-0.000000,0.000910,-0.493479,-0.000000,0.000000,0.869758,0.000000,0.000000,3.776228
2.249998,-0.000006,0.000000,0.002017,-0.000007,-0.000000,0.000910,-0.509848,-0.000000,0.000000,0.860264,0.000000,0.000000,3.793315
2.259998,-0.000006,0.000000,0.002026,-0.000007,-0.000000,0.000910,-0.526108,-0.000000,0.000000,0.850418,0.000000,0.000001,3.810402
2.269998,-0.000006,0.000000,0.002035,-0.000007,-0.000000,0.000910,-0.542250,-0.000000,0.000000,0.840217,0.000000,0.000001,3.827489
2.279998,-0.000006,0.000000,0.002044,-0.000007,-0.000000,0.000910,-0.558265,-0.000000,0.000000,0.829663,0.000000,0.000001,3.844576
2.289998,-0.000006,0.000000,0.002053,-0.000007,-0.000000,0.000910,-0.574144,-0.000000,0.000000,0.818754,0.000000,0.000001,3.861663
2.299998,-0.000006,0.000000,0.002062,-0.000007,-0.000000,0.000910,-0.589879,-0.000000,0.000000,0.807491,0.000000,0.000001,3.878750
2.309998,-0.000006,0.000000,0.002071,-0.000007,-0.000000,0.000910,-0.605462,-0.000000,0.000000,0.795874,0.000000,0.000001,3.895837
2.319998,-0.000006,0.000000,0.002080,-0.000007,-0.000000,0.000910,-0.620882,-0.000000,0.000000,0.783904,0.000000,0.000001,3.912924
2.329998,-0.000006,0.000000,0.002090,-0.000007,-0.000000,0.000910,-0.636132,-0.000000,0.000000,0.771580,0.000000,0.000001,3.930011
2.339998,-0.000006,0.000000,0.002099,-0.000007,-0.000000,0.000910,-0.651202,-0.000000,0.000000,0.758904,0.000000,0.000001,3.947098
2.349998,-0.000006,0.000000,0.002108,-0.000007,-0.000001,0.000910,-0.666084,-0.000000,0.000000,0.745877,0.000000,0.000001,3.964185
2.359998,-0.000007,0.000000,0.002117,-0.000007,-0.000001,0.000910,-0.680767,-0.000000,0.000000,0.732500,0.000000,0.000001,3.981272
2.369998,-0.000007,0.000000,0.002126,-0.000007,-0.000001,0.000910,-0.695244,-0.000000,0.000000,0.718774,0.000000,0.000001,3.998359
2.379998,-0.000007,0.000000,0.002135,-0.000007,-0.000001,0.000910,-0.709503,-0.000000,0.000000,0.704702,0.000000,0.000001,4.015446
2.389998,-0.000007,0.000000,0.002144,-0.000007,-0.000001,0.000910,-0.723537,-0.000000,0.000000,0.690285,0.000000,0.000001,4.032533
2.399998,-0.000007,0.000000,0.002153,-0.000007,-0.000001,0.000910,-0.737336,-0.000000,0.000000,0.675526,0.000000,0.000001,4.049620
2.409998,-0.000007,0.000000,0.002162,-0.000007,-0.000001,0.000910,-0.750890,-0.000000,0.000000,0.660427,0.000000,0.000001,4.066707
2.419998,-0.000007,0.000000,0.002171,-0.000007,-0.000001,0.000910,-0.764191,-0.000000,0.000000,0.644990,0.000000,0.000001,4.083794
2.429998,-0.000007,0.000000,0.002181,-0.000007,-0.000001,0.000910,-0.777227,-0.000000,0.000000,0.629220,0.000000,0.000001,4.100881
2.439998,-0.000007,0.000000,0.002190,-0.000007,-0.000001,0.000910,-0.789991,-0.000000,0.000000,0.613118,0.000000,0.000001,4.117968
2.449998,-0.000007,0.000000,0.002199,-0.000007,-0.000001,0.000910,-0.802472,-0.000000,0.000000,0.596689,0.000000,0.000001,4.135055
2.459998,-0.000007,0.000000,0.002208,-0.000007,-0.000001,0.000910,-0.814661,-0.000000,0.000000,0.579937,0.000000,0.000001,4.152142
2.469998,-0.000007,0.000000,0.002217,-0.000008,-0.000001,0.000910,-0.826549,-0.000000,0.000000,0.562865,0.000000,0.000001,4.169229
2.479998,-0.000007,0.000000,0.002226,-0.000008,-0.000001,0.000910,-0.838125,-0.000000,0.000000,0.545478,0.000000,0.000001,4.186316
2.489998,-0.000007,0.000000,0.002235,-0.000008,-0.000001,0.000910,-0.849381,-0.000000,0.000000,0.527780,0.000000,0.000001,4.203403
2.499998,-0.000008,0.000000,0.002244,-0.000008,-0.000001,0.000910,-0.860307,-0.000000,0.000000,0.509777,-0.000000,0.000001,4.220490
2.509998,-0.000008,0.000000,0.002253,-0.000008,-0.000001,0.000910,-0.870893,-0.000000,0.000000,0.491473,-0.000000,0.000001,4.237576
2.519998,-0.000008,0.000000,0.002262,-0.000008,-0.000001,0.000910,-0.881130,-0.000000,0.000000,0.472874,-0.000000,0.000001,4.254663
2.529998,-0.000008,0.000000,0.002271,-0.000008,-0.000001,0.000910,-0.891009,-0.000000,0.000000,0.453985,-0.000000,0.000001,4.271750
2.539998,-0.000008,0.000000,0.002281,-0.000008,-0.000001,0.000910,-0.900520,-0.000000,0.000000,0.434814,-0.000000,0.000001,4.288837
2.549998,-0.000008,0.000000,0.002290,-0.000008,-0.000001,0.000909,-0.909654,-0.000000,0.000000,0.415366,-0.000000,0.000001,4.305924
2.559998,-0.000008,0.000000,0.002299,-0.000008,-0.000001,0.000909,-0.918403,-0.000000,0.000000,0.395647,-0.000000,0.000001,4.323011
2.569998,-0.000008,0.000000,0.002308,-0.000008,-0.000001,0.000909,-0.926755,-0.000000,0.000000,0.375666,-0.000000,0.000001,4.340098
2.579998,-0.000008,0.000000,0.002317,-0.000008,-0.000001,0.000909,-0.934704,-0.000000,0.000000,0.355428,-0.000000,0.000001,4.357185
2.589998,-0.000008,0.000000,0.002326,-0.000008,-0.000001,0.000909,-0.942239,-0.000000,0.000000,0.334941,-0.000000,0.000001,4.374272
2.599998,-0.000008,0.000000,0.002335,-0.000008,-0.000001,0.000909,-0.949352,-0.000000,0.000000,0.314214,-0.000000,0.000001,4.391359
2.609998,-0.000008,0.000000,0.002344,-0.000008,-0.000001,0.000909,-0.956034,-0.000000,0.000000,0.293255,-0.000000,0.000001,4.408446
2.619998,-0.000009,0.000000,0.002353,-0.000008,-0.000001,0.000909,-0.962277,-0.000000,0.000000,0.272071,-0.000000,0.000001,4.425533
2.629998,-0.000009,0.000000,0.002362,-0.000008,-0.000001,0.000909,-0.968072,-0.000000,0.000000,0.250672,-0.000000,0.000001,4.442620
2.639998,-0.000009,0.000000,0.002372,-0.000008,-0.000001,0.000909,-0.973411,-0.000000,0.000000,0.229066,-0.000000,0.000001,4.459707
2.649998,-0.000009,0.000000,0.002381,-0.000008,-0.000001,0.000909,-0.978285,-0.000000,0.000000,0.207264,-0.000000,0.000001,4.476794
2.659998,-0.000009,0.000000,0.002390,-0.000008,-0.000001,0.000909,-0.982687,-0.000000,0.000000,0.185274,-0.000000,0.000001,4.493881
2.669998,-0.000009,0.000000,0.002399,-0.000008,-0.000001,0.000909,-0.986609,-0.000000,0.000000,0.163106,-0.000000,0.000001,4.510968
2.679998,-0.000009,0.000000,0.002408,-0.000008,-0.000001,0.000909,-0.990042,-0.000000,0.000000,0.140771,-0.000000,0.000001,4.528055
2.689998,-0.000009,0.000000,0.002417,-0.000008,-0.000001,0.000909,-0.992980,-0.000000,0.000000,0.118280,-0.000000,0.000001,4.545142
2.699998,-0.000009,0.000000,0.002426,-0.000008,-0.000001,0.000909,-0.995416,-0.000000,0.000000,0.095643,-0.000000,0.000001,4.562229
2.709998,-0.000009,0.000000,0.002435,-0.000008,-0.000001,0.000909,-0.997341,-0.000000,0.000000,0.072871,-0.000000,0.000001,4.579316
2.719998,-0.000009,0.000000,0.002444,-0.000009,-0.000001,0.000909,-0.998751,-0.000000,0.000000,0.049975,-0.000000,0.000000,4.596403
2.729998,-0.000009,0.000000,0.002453,-0.000009,-0.000001,0.000909,-0.999636,-0.000000,0.000000,0.026968,-0.000000,0.000000,4.613490
2.739998,-0.000010,0.000000,0.002462,-0.000009,-0.000001,0.000909,-0.999993,-0.000000,0.000000,0.003861,-0.000000,0.000000,4.630577
2.749998,-0.000010,0.000000,0.002472,-0.000009,-0.000001,0.000909,-0.999813,-0.000000,0.000000,-0.019333,-0.000001,0.000000,4.647664
2.759998,-0.000010,0.000000,0.002481,-0.000009,-0.000001,0.000909,-0.999092,-0.000000,0.000000,-0.042603,-0.000001,0.000000,4.664751
2.769998,-0.000010,0.000000,0.002490,-0.000009,-0.000001,0.000909,-0.997824,-0.000000,0.000000,-0.065934,-0.000001,0.000000,4.681838
2.779998,-0.000010,0.000000,0.002499,-0.000009,-0.000001,0.000909,-0.996004,-0.000000,0.000000,-0.089315,-0.000001,0.000000,4.698925
2.789998,-0.000010,0.000000,0.002508,-0.000009,-0.000001,0.000909,-0.993626,-0.000000,0.000000,-0.112731,-0.000001,0.000000,4.716012
2.799998,-0.000010,0.000000,0.002517,-0.000009,-0.000001,0.000909,-0.990686,-0.000000,0.000000,-0.136170,-0.000001,0.000000,4.733099
2.809998,-0.000010,0.000000,0.002526,-0.000009,-0.000001,0.000909,-0.987179,-0.000000,0.000000,-0.159617,-0.000001,0.000000,4.750186
2.819998,-0.000010,0.000000,0.002535,-0.000009,-0.000001,0.000909,-0.983102,-0.000000,0.000000,-0.183058,-0.000001,0.000000,4.767273
2.829998,-0.000010,-0.000000,0.002544,-0.000009,-0.000001,0.000909,-0.978451,-0.000000,0.000000,-0.206479,-0.000001,0.000000,4.784360
2.839998,-0.000010,-0.000000,0.002553,-0.000009,-0.000001,0.000909,-0.973222,-0.000000,0.000000,-0.229866,-0.000001,0.000000,4.801447
2.849998,-0.000010,-0.000000,0.002563,-0.000009,-0.000001,0.000909,-0.967413,-0.000000,0.000000,-0.253203,-0.000001,0.000000,4.818534
2.859998,-0.000011,-0.000000,0.002572,-0.000009,-0.000001,0.000909,-0.961021,0.000000,0.000000,-0.276476,-0.000001,0.000000,4.835621
2.869998,-0.000011,-0.000000,0.002581,-0.000009,-0.000001,0.000909,-0.954043,0.000000,0.000000,-0.299669,-0.000001,0.000000,4.852708
2.879998,-0.000011,-0.000000,0.002590,-0.000009,-0.000001,0.000909,-0.946478,0.000000,0.000000,-0.322767,-0.000001,0.000000,4.869795
2.889998,-0.000011,-0.000000,0.002599,-0.000009,-0.000001,0.000909,-0.938325,0.000000,0.000000,-0.345755,-0.000001,0.000000,4.886882
2.899998,-0.000011,-0.000000,0.002608,-0.000009,-0.000001,0.000909,-0.929581,0.000000,0.000000,-0.368617,-0.000001,0.000000,4.903969
2.909998,-0.000011,-0.000000,0.002617,-0.000009,-0.000001,0.000909,-0.920248,0.000000,0.000000,-0.391336,-0.000001,0.000000,4.921056
2.919998,-0.000011,-0.000000,0.002626,-0.000009,-0.000001,0.000909,-0.910324,0.000000,0.000000,-0.413897,-0.000001,0.000000,4.938143
2.929998,-0.000011,-0.000000,0.002635,-0.000009,-0.000001,0.000909,-0.899809,0.000000,0.000000,-0.436284,-0.000001,0.000000,4.955230
2.939998,-0.000011,-0.000000,0.002644,-0.000009,-0.000001,0.000909,-0.888705,0.000000,0.000000,-0.458480,-0.000001,0.000000,4.972317
2.949998,-0.000011,-0.000000,0.002653,-0.000009,-0.000001,0.000909,-0.877012,0.000000,0.000000,-0.480468,-0.000001,-0.000000,4.989404
2.959998,-0.000011,-0.000000,0.002663,-0.000009,-0.000001,0.000909,-0.864733,0.000000,0.000000,-0.502232,-0.000001,-0.000000,5.006491
2.969998,-0.000012,-0.000000,0.002672,-0.000009,-0.000001,0.000909,-0.851869,0.000000,0.000000,-0.523755,-0.000001,-0.000000,5.023578
2.979998,-0.000012,-0.000000,0.002681,-0.000009,-0.000001,0.000909,-0.838423,0.000000,0.000000,-0.545020,-0.000001,-0.000000,5.040665
2.989998,-0.000012,-0.000000,0.002690,-0.000009,-0.000001,0.000909,-0.824398,0.000000,0.000000,-0.566011,-0.000001,-0.000000,5.057752
2.999998,-0.000012,-0.000000,0.002699,-0.000009,-0.000001,0.000909,-0.809797,0.000000,0.000000,-0.586711,-0.000001,-0.000000,5.074839
3.009998,-0.000012,-0.000000,0.002708,-0.000009,-0.000001,0.000909,-0.794624,0.000000,0.000000,-0.607102,-0.000001,-0.000000,5.091926
3.019998,-0.000012,-0.000000,0.002717,-0.000009,-0.000001,0.000909,-0.778885,0.000000,0.000000,-0.627167,-0.000001,-0.000000,5.109013
3.029998,-0.000012,-0.000000,0.002726,-0.000009,-0.000001,0.000909,-0.762584,0.000000,0.000000,-0.646889,-0.000001,-0.000000,5.126100
3.039998,-0.000012,-0.000000,0.002735,-0.000010,-0.000001,0.000909,-0.745727,0.000000,0.000000,-0.666252,-0.000001,-0.000000,5.143187
3.049998,-0.000012,-0.000000,0.002744,-0.000010,-0.000001,0.000909,-0.728320,0.000000,0.000000,-0.685238,-0.000001,-0.000000,5.160274
3.059998,-0.000012,-0.000000,0.002753,-0.000010,-0.000001,0.000909,-0.710369,0.000000,0.000000,-0.703829,-0.000001,-0.000000,5.177361
3.069998,-0.000013,-0.000000,0.002763,-0.000010,-0.000001,0.000909,-0.691882,0.000000,0.000000,-0.722010,-0.000001,-0.000000,5.194448
3.079998,-0.000013,-0.000000,0.002772,-0.000010,-0.000001,0.000909,-0.672867,0.000000,0.000000,-0.739763,-0.000001,-0.000000,5.211535
3.089998,-0.000013,-0.000000,0.002781,-0.000010,-0.000001,0.000909,-0.653332,0.000000,0.000000,-0.757071,-0.000001,-0.000000,5.228621
3.099998,-0.000013,-0.000000,0.002790,-0.000010,-0.000001,0.000909,-0.633286,0.000000,0.000000,-0.773918,-0.000001,-0.000000,5.245708
3.109998,-0.000013,-0.000000,0.002799,-0.000010,-0.000001,0.000909,-0.612738,0.000000,0.000000,-0.790286,-0.000001,-0.000000,5.262795
3.119998,-0.000013,-0.000000,0.002808,-0.000010,-0.000001,0.000909,-0.591698,0.000000,0.000000,-0.806159,-0.000001,-0.000000,5.279882
3.129997,-0.000013,-0.000000,0.002817,-0.000010,-0.000001,0.000909,-0.570177,0.000000,0.000000,-0.821522,-0.000001,-0.000000,5.296969
3.139997,-0.000013,-0.000000,0.002826,-0.000010,-0.000001,0.000909,-0.548186,0.000000,0.000000,-0.836356,-0.000000,-0.000000,5.314056
3.149997,-0.000013,-0.000000,0.002835,-0.000010,-0.000001,0.000909,-0.525737,0.000000,0.000000,-0.850647,-0.000000,-0.000000,5.331143
3.159997,-0.000013,-0.000000,0.002844,-0.000010,-0.000001,0.000909,-0.502841,0.000000,0.000000,-0.864379,-0.000000,-0.000001,5.348230
3.169997,-0.000014,-0.000000,0.002853,-0.000010,-0.000001,0.000909,-0.479512,0.000000,0.000000,-0.877535,-0.000000,-0.000001,5.365317
3.179997,-0.000014,-0.000000,0.002863,-0.000010,-0.000001,0.000909,-0.455763,0.000000,0.000000,-0.890101,-0.000000,-0.000001,5.382404
3.189997,-0.000014,-0.000000,0.002872,-0.000010,-0.000001,0.000909,-0.431608,0.000000,0.000000,-0.902061,-0.000000,-0.000001,5.399491
3.199997,-0.000014,-0.000000,0.002881,-0.000010,-0.000001,0.000909,-0.407062,0.000000,0.000000,-0.913401,-0.000000,-0.000001,5.416578
3.209997,-0.000014,-0.000000,0.002890,-0.000010,-0.000001,0.000909,-0.382138,0.000000,0.000000,-0.924105,-0.000000,-0.000001,5.433665
3.219997,-0.000014,-0.000000,0.002899,-0.000010,-0.000001,0.000909,-0.356854,0.000000,0.000000,-0.934160,-0.000000,-0.000001,5.450752
3.229997,-0.000014,-0.000001,0.002908,-0.000010,-0.000001,0.000909,-0.331225,0.000000,0.000000,-0.943552,-0.000000,-0.000001,5.467839
3.239997,-0.000014,-0.000001,0.002917,-0.000010,-0.000001,0.000909,-0.305268,0.000000,0.000000,-0.952267,-0.000000,-0.000001,5.484926
3.249997,-0.000014,-0.000001,0.002926,-0.000010,-0.000001,0.000909,-0.279000,0.000000,0.000000,-0.960291,-0.000000,-0.000001,5.502013
3.259997,-0.000014,-0.000001,0.002935,-0.000010,-0.000001,0.000909,-0.252439,0.000000,0.000000,-0.967613,-0.000000,-0.000001,5.519100
3.269997,-0.000015,-0.000001,0.002944,-0.000011,-0.000001,0.000909,-0.225602,0.000000,0.000000,-0.974220,-0.000000,-0.000001,5.536187
3.279997,-0.000015,-0.000001,0.002953,-0.000011,-0.000001,0.000909,-0.198510,0.000000,0.000000,-0.980099,-0.000000,-0.000001,5.553274
3.289997,-0.000015,-0.000001,0.002963,-0.000011,-0.000001,0.000909,-0.171181,0.000000,0.000000,-0.985240,-0.000000,-0.000001,5.570361
3.299997,-0.000015,-0.000001,0.002972,-0.000011,-0.000001,0.000909,-0.143636,0.000000,0.000000,-0.989631,-0.000000,-0.000001,5.587448
3.309997,-0.000015,-0.000001,0.002981,-0.000011,-0.000001,0.000909,-0.115893,0.000000,0.000000,-0.993262,-0.000000,-0.000001,5.604535
3.319997,-0.000015,-0.000001,0.002990,-0.000011,-0.000002,0.000909,-0.087975,0.000000,0.000000,-0.996123,-0.000000,-0.000001,5.621622
3.329997,-0.000015,-0.000001,0.002999,-0.000011,-0.000002,0.000909,-0.059902,0.000000,0.000000,-0.998204,-0.000000,-0.000001,5.638709
3.339997,-0.000015,-0.000001,0.003008,-0.000011,-0.000002,0.000909,-0.031696,0.000000,0.000000,-0.999498,0.000000,-0.000001,5.655796
3.349997,-0.000015,-0.000001,0.003017,-0.000011,-0.000002,0.000909,-0.003380,0.000000,0.000000,-0.999994,0.000000,-0.000001,5.672883
3.359997,-0.000015,-0.000001,0.003026,-0.000011,-0.000002,0.000909,0.025025,0.000000,0.000000,-0.999687,0.000000,-0.000001,5.689970
3.369997,-0.000016,-0.000001,0.003035,-0.000011,-0.000002,0.000909,0.053494,0.000000,0.000000,-0.998568,0.000000,-0.000001,5.707057
3.379997,-0.000016,-0.000001,0.003044,-0.000011,-0.000002,0.000909,0.082006,0.000000,0.000000,-0.996632,0.000000,-0.000001,5.724144
3.389997,-0.000016,-0.000001,0.003053,-0.000011,-0.000002,0.000909,0.110535,0.000000,0.000000,-0.993872,0.000000,-0.000001,5.741231
3.399997,-0.000016,-0.000001,0.003062,-0.000011,-0.000002,0.000909,0.139058,0.000000,0.000000,-0.990284,0.000000,-0.000001,5.758318
3.409997,-0.000016,-0.000001,0.003072,-0.000011,-0.000002,0.000909,0.167550,0.000000,0.000000,-0.985864,0.000000,-0.000001,5.775405
3.419997,-0.000016,-0.000001,0.003081,-0.000011,-0.000002,0.000909,0.195987,0.000000,0.000000,-0.980606,0.000000,-0.000001,5.792492
3.429997,-0.000016,-0.000001,0.003090,-0.000011,-0.000002,0.000909,0.224343,0.000000,0.000000,-0.974510,0.000000,-0.000001,5.809579
3.439997,-0.000016,-0.000001,0.003099,-0.000011,-0.000002,0.000909,0.252594,0.000000,0.000000,-0.967573,0.000000,-0.000001,5.826666
3.449997,-0.000016,-0.000001,0.003108,-0.000011,-0.000002,0.000909,0.280712,0.000000,0.000000,-0.959792,0.000000,-0.000001,5.843753
3.459997,-0.000017,-0.000001,0.003117,-0.000011,-0.000002,0.000909,0.308673,0.000000,0.000000,-0.951168,0.000000,-0.000001,5.860840
3.469997,-0.000017,-0.000001,0.003126,-0.000011,-0.000002,0.000909,0.336450,0.000000,0.000000,-0.941701,0.000000,-0.000001,5.877927
3.479997,-0.000017,-0.000001,0.003135,-0.000011,-0.000002,0.000909,0.364017,0.000000,-0.000000,-0.931392,0.000000,-0.000001,5.895014
3.489997,-0.000017,-0.000001,0.003144,-0.000011,-0.000002,0.000909,0.391347,0.000000,-0.000000,-0.920243,0.000000,-0.000001,5.912101
3.499997,-0.000017,-0.000001,0.003153,-0.000011,-0.000002,0.000909,0.418413,0.000000,-0.000000,-0.908257,0.000000,-0.000001,5.929188
3.509997,-0.000017,-0.000001,0.003162,-0.000011,-0.000002,0.000909,0.445190,0.000000,-0.000000,-0.895436,0.000000,-0.000000,5.946275
3.519997,-0.000017,-0.000001,0.003172,-0.000011,-0.000002,0.000909,0.471649,0.000000,-0.000000,-0.881786,0.000000,-0.000000,5.963362
3.529997,-0.000017,-0.000001,0.003181,-0.000011,-0.000002,0.000909,0.497765,0.000000,-0.000000,-0.867312,0.000001,-0.000000,5.980449
3.539997,-0.000018,-0.000001,0.003190,-0.000011,-0.000002,0.000909,0.523510,0.000000,-0.000000,-0.852020,0.000001,-0.000000,5.997536
3.549997,-0.000018,-0.000001,0.003199,-0.000011,-0.000002,0.000909,0.548856,0.000000,-0.000000,-0.835917,0.000001,-0.000000,6.014623
3.559997,-0.000018,-0.000001,0.003208,-0.000011,-0.000002,0.000909,0.573778,0.000000,-0.000000,-0.819011,0.000001,-0.000000,6.031710
3.569997,-0.000018,-0.000001,0.003217,-0.000012,-0.000002,0.000909,0.598248,0.000000,-0.000000,-0.801311,0.000001,-0.000000,6.048797
3.579997,-0.000018,-0.000001,0.003226,-0.000012,-0.000002,0.000909,0.622239,0.000000,-0.000000,-0.782828,0.000001,-0.000000,6.065884
3.589997,-0.000018,-0.000001,0.003235,-0.000012,-0.000002,0.000909,0.645724,0.000000,-0.000000,-0.763571,0.000001,-0.000000,6.082971
3.599997,-0.000018,-0.000001,0.003244,-0.000012,-0.000002,0.000909,0.668678,0.000000,-0.000000,-0.743553,0.000001,-0.000000,6.100058
3.609997,-0.000018,-0.000001,0.003253,-0.000012,-0.000002,0.000909,0.691073,0.000000,-0.000000,-0.722786,0.000001,-0.000000,6.117145
3.619997,-0.000018,-0.000001,0.003262,-0.000012,-0.000002,0.000909,0.712883,0.000000,-0.000000,-0.701283,0.000001,-0.000000,6.134232
3.629997,-0.000019,-0.000001,0.003272,-0.000012,-0.000002,0.000909,0.734082,0.000000,-0.000000,-0.679061,0.000001,-0.000000,6.151319
3.639997,-0.000019,-0.000001,0.003281,-0.000012,-0.000002,0.000909,0.754645,0.000000,-0.000000,-0.656133,0.000001,-0.000000,6.168406
3.649997,-0.000019,-0.000001,0.003290,-0.000012,-0.000002,0.000909,0.774547,0.000000,-0.000000,-0.632517,0.000001,-0.000000,6.185493
3.659997,-0.000019,-0.000001,0.003299,-0.000012,-0.000002,0.000909,0.793761,0.000000,-0.000000,-0.608229,0.000001,-0.000000,6.202579
3.669997,-0.000019,-0.000001,0.003308,-0.000012,-0.000002,0.000909,0.812265,0.000000,-0.000000,-0.583289,0.000001,-0.000000,6.219666
3.679997,-0.000019,-0.000001,0.003317,-0.000012,-0.000002,0.000909,0.830032,0.000000,-0.000000,-0.557716,0.000001,-0.000000,6.236753
3.689997,-0.000019,-0.000001,0.003326,-0.000012,-0.000002,0.000909,0.847040,0.000000,-0.000000,-0.531529,0.000001,0.000000,6.253840
3.699997,-0.000019,-0.000001,0.003335,-0.000012,-0.000002,0.000909,0.863265,0.000000,-0.000000,-0.504751,0.000001,0.000000,6.270927
3.709997,-0.000019,-0.000001,0.003344,-0.000012,-0.000002,0.000909,0.878685,0.000000,-0.000000,-0.477402,0.000001,0.000000,6.288014
3.719997,-0.000020,-0.000001,0.003353,-0.000012,-0.000002,0.000909,0.893277,0.000000,-0.000000,-0.449507,0.000001,0.000000,6.305101
3.729997,-0.000020,-0.000001,0.003362,-0.000012,-0.000002,0.000909,0.907020,0.000000,-0.000000,-0.421088,0.000001,0.000000,6.322188
3.739997,-0.000020,-0.000001,0.003371,-0.000012,-0.000002,0.000909,0.919892,0.000000,-0.000000,-0.392171,0.000001,0.000000,6.339275
3.749997,-0.000020,-0.000001,0.003381,-0.000012,-0.000002,0.000909,0.931874,0.000000,-0.000000,-0.362782,0.000001,0.000000,6.356362
3.759997,-0.000020,-0.000001,0.003390,-0.000012,-0.000002,0.000909,0.942946,0.000000,-0.000000,-0.332947,0.000001,0.000000,6.373449
3.769997,-0.000020,-0.000001,0.003399,-0.000012,-0.000002,0.000909,0.953088,0.000000,-0.000000,-0.302693,0.000001,0.000000,6.390536
3.779997,-0.000020,-0.000001,0.003408,-0.000012,-0.000002,0.000909,0.962283,0.000000,-0.000000,-0.272049,0.000001,0.000000,6.407623
3.789997,-0.000020,-0.000001,0.003417,-0.000012,-0.000002,0.000909,0.970514,0.000000,-0.000000,-0.241044,0.000001,0.000000,6.424710
3.799997,-0.000021,-0.000001,0.003426,-0.000012,-0.000002,0.000909,0.977764,0.000000,-0.000000,-0.209707,0.000001,0.000000,6.441797
3.809997,-0.000021,-0.000002,0.003435,-0.000012,-0.000002,0.000909,0.984018,0.000000,-0.000000,-0.178068,0.000001,0.000000,6.458884
3.819997,-0.000021,-0.000002,0.003444,-0.000012,-0.000002,0.000909,0.989261,0.000000,-0.000000,-0.146161,0.000001,0.000000,6.475971
3.829997,-0.000021,-0.000002,0.003453,-0.000013,-0.000002,0.000909,0.993479,0.000000,-0.000000,-0.114015,0.000001,0.000000,6.493058
3.839997,-0.000021,-0.000002,0.003462,-0.000013,-0.000002,0.000909,0.996660,0.000000,-0.000000,-0.081664,0.000000,0.000000,6.510145
3.849997,-0.000021,-0.000002,0.003471,-0.000013,-0.000002,0.000909,0.998792,0.000000,-0.000000,-0.049142,0.000000,0.000000,6.527232
3.859997,-0.000021,-0.000002,0.003481,-0.000013,-0.000002,0.000909,0.999864,0.000000,-0.000000,-0.016482,0.000000,0.000001,6.544319
3.869997,-0.000021,-0.000002,0.003490,-0.000013,-0.000002,0.000909,0.999867,0.000000,-0.000000,0.016280,0.000000,0.000001,6.561406
3.879997,-0.000022,-0.000002,0.003499,-0.000013,-0.000002,0.000909,0.998793,0.000000,-0.000000,0.049111,0.000000,0.000001,6.578493
3.889997,-0.000022,-0.000002,0.003508,-0.000013,-0.000002,0.000909,0.996634,0.000000,-0.000000,0.081974,0.000000,0.000001,6.595580
3.899997,-0.000022,-0.000002,0.003517,-0.000013,-0.000002,0.000909,0.993385,0.000000,-0.000000,0.114833,0.000000,0.000001,6.612667
3.909997,-0.000022,-0.000002,0.003526,-0.000013,-0.000002,0.000909,0.989040,0.000000,-0.000000,0.147651,0.000000,0.000001,6.629754
3.919997,-0.000022,-0.000002,0.003535,-0.000013,-0.000002,0.000908,0.983595,0.000000,-0.000000,0.180391,0.000000,0.000001,6.646841
3.929997,-0.000022,-0.000002,0.003544,-0.000013,-0.000002,0.000908,0.977049,0.000000,-0.000000,0.213016,0.000000,0.000001,6.663928
3.939997,-0.000022,-0.000002,0.003553,-0.000013,-0.000002,0.000908,0.969400,0.000000,-0.000000,0.245488,0.000000,0.000001,6.681015
3.949997,-0.000023,-0.000002,0.003562,-0.000013,-0.000002,0.000908,0.960648,0.000000,-0.000000,0.277769,0.000000,0.000001,6.698102
3.959997,-0.000023,-0.000002,0.003571,-0.000013,-0.000002,0.000908,0.950795,0.000000,-0.000000,0.309821,0.000000,0.000001,6.715189
3.969997,-0.000023,-0.000002,0.003580,-0.000013,-0.000002,0.000908,0.939844,0.000000,-0.000000,0.341604,0.000000,0.000001,6.732276
3.979997,-0.000023,-0.000002,0.003590,-0.000013,-0.000002,0.000908,0.927799,0.000000,-0.000000,0.373081,0.000000,0.000001,6.749363
3.989997,-0.000023,-0.000002,0.003599,-0.000013,-0.000002,0.000908,0.914666,-0.000000,-0.000000,0.404212,0.000000,0.000001,6.766450
3.999997,-0.000023,-0.000002,0.003608,-0.000013,-0.000002,0.000908,0.900451,-0.000000,-0.000000,0.434958,-0.000000,0.000001,6.783537
4.009997,-0.000023,-0.000002,0.003617,-0.000013,-0.000002,0.000908,0.885163,-0.000000,-0.000000,0.465281,-0.000000,0.000001,6.800624
4.019997,-0.000023,-0.000002,0.003626,-0.000013,-0.000002,0.000908,0.868812,-0.000000,-0.000000,0.495142,-0.000000,0.000001,6.817711
4.029997,-0.000024,-0.000002,0.003635,-0.000013,-0.000002,0.000908,0.851410,-0.000000,-0.000000,0.524501,-0.000000,0.000001,6.834798
4.039998,-0.000024,-0.000002,0.003644,-0.000013,-0.000002,0.000908,0.832968,-0.000000,-0.000000,0.553321,-0.000000,0.000001,6.851885
4.049998,-0.000024,-0.000002,0.003653,-0.000013,-0.000002,0.000908,0.813502,-0.000000,-0.000000,0.581563,-0.000000,0.000001,6.868972
4.059998,-0.000024,-0.000002,0.003662,-0.000013,-0.000002,0.000908,0.793026,-0.000000,-0.000000,0.609188,-0.000000,0.000001,6.886059
4.069998,-0.000024,-0.000002,0.003671,-0.000013,-0.000002,0.000908,0.771559,-0.000000,-0.000000,0.636158,-0.000000,0.000001,6.903146
4.079998,-0.000024,-0.000002,0.003680,-0.000013,-0.000002,0.000908,0.749118,-0.000000,-0.000000,0.662437,-0.000000,0.000001,6.920233
4.089999,-0.000024,-0.000002,0.003689,-0.000013,-0.000002,0.000908,0.725723,-0.000000,-0.000000,0.687987,-0.000000,0.000001,6.937320
4.099999,-0.000024,-0.000002,0.003699,-0.000013,-0.000002,0.000908,0.701397,-0.000000,-0.000000,0.712771,-0.000000,0.000001,6.954407
4.109999,-0.000025,-0.000002,0.003708,-0.000014,-0.000002,0.000908,0.676162,-0.000000,-0.000000,0.736753,-0.000000,0.000001,6.971494
4.119999,-0.000025,-0.000002,0.003717,-0.000014,-0.000002,0.000908,0.650043,-0.000000,-0.000000,0.759897,-0.000000,0.000001,6.988581
4.130000,-0.000025,-0.000002,0.003726,-0.000014,-0.000002,0.000908,0.623065,-0.000000,-0.000000,0.782170,-0.000000,0.000001,7.005668
4.140000,-0.000025,-0.000002,0.003735,-0.000014,-0.000002,0.000908,0.595256,-0.000000,-0.000000,0.803536,-0.000000,0.000000,7.022755
4.150000,-0.000025,-0.000002,0.003744,-0.000014,-0.000002,0.000908,0.566645,-0.000000,-0.000000,0.823962,-0.000000,0.000000,7.039842
4.160000,-0.000025,-0.000002,0.003753,-0.000014,-0.000002,0.000908,0.537261,-0.000000,-0.000000,0.843416,-0.000001,0.000000,7.056929
4.170001,-0.000025,-0.000002,0.003762,-0.000014,-0.000002,0.000908,0.507136,-0.000000,-0.000000,0.861866,-0.000001,0.000000,7.074016
4.180001,-0.000026,-0.000002,0.003771,-0.000014,-0.000002,0.000908,0.476303,-0.000000,-0.000000,0.879281,-0.000001,0.000000,7.091103
4.190001,-0.000026,-0.000002,0.003780,-0.000014,-0.000002,0.000908,0.444797,-0.000000,-0.000000,0.895631,-0.000001,0.000000,7.108190
4.200001,-0.000026,-0.000002,0.003789,-0.000014,-0.000002,0.000908,0.412652,-0.000000,-0.000000,0.910889,-0.000001,0.000000,7.125277
4.210001,-0.000026,-0.000002,0.003798,-0.000014,-0.000002,0.000908,0.379906,-0.000000,-0.000000,0.925025,-0.000001,0.000000,7.142364
4.220002,-0.000026,-0.000002,0.003808,-0.000014,-0.000002,0.000908,0.346597,-0.000000,-0.000000,0.938014,-0.000001,0.000000,7.159451
4.230002,-0.000026,-0.000002,0.003817,-0.000014,-0.000002,0.000908,0.312763,-0.000000,-0.000000,0.949831,-0.000001,0.000000,7.176538
4.240002,-0.000026,-0.000002,0.003826,-0.000014,-0.000002,0.000908,0.278445,-0.000000,-0.000000,0.960452,-0.000001,0.000000,7.193624
4.250002,-0.000027,-0.000002,0.003835,-0.000014,-0.000002,0.000908,0.243686,-0.000000,-0.000000,0.969854,-0.000001,0.000000,7.210711
4.260003,-0.000027,-0.000003,0.003844,-0.000014,-0.000002,0.000908,0.208526,-0.000000,-0.000000,0.978017,-0.000001,0.000000,7.227798
4.270003,-0.000027,-0.000003,0.003853,-0.000014,-0.000002,0.000908,0.173011,-0.000000,-0.000000,0.984920,-0.000001,0.000000,7.244885
4.280003,-0.000027,-0.000003,0.003862,-0.000014,-0.000002,0.000908,0.137185,-0.000000,-0.000000,0.990546,-0.000001,0.000000,7.261972
4.290003,-0.000027,-0.000003,0.003871,-0.000014,-0.000002,0.000908,0.101093,-0.000000,-0.000000,0.994877,-0.000001,0.000000,7.279059
4.300004,-0.000027,-0.000003,0.003880,-0.000014,-0.000002,0.000908,0.064783,-0.000000,-0.000000,0.997899,-0.000001,-0.000000,7.296146
4.310004,-0.000027,-0.000003,0.003889,-0.000014,-0.000002,0.000908,0.028301,-0.000000,-0.000000,0.999599,-0.000001,-0.000000,7.313233
4.320004,-0.000028,-0.000003,0.003898,-0.000014,-0.000002,0.000908,-0.008304,-0.000000,-0.000000,0.999966,-0.000001,-0.000000,7.330320
4.330004,-0.000028,-0.000003,0.003907,-0.000014,-0.000002,0.000908,-0.044983,-0.000000,-0.000000,0.998988,-0.000001,-0.000000,7.347407
4.340004,-0.000028,-0.000003,0.003917,-0.000014,-0.000002,0.000908,-0.081687,-0.000000,-0.000000,0.996658,-0.000001,-0.000000,7.364494
4.350005,-0.000028,-0.000003,0.003926,-0.000014,-0.000002,0.000908,-0.118365,-0.000000,-0.000000,0.992970,-0.000001,-0.000000,7.381581
4.360005,-0.000028,-0.000003,0.003935,-0.000014,-0.000002,0.000908,-0.154967,-0.000000,-0.000000,0.987920,-0.000001,-0.000000,7.398668
4.370005,-0.000028,-0.000003,0.003944,-0.000015,-0.000003,0.000908,-0.191441,-0.000000,-0.000000,0.981504,-0.000001,-0.000000,7.415755
4.380005,-0.000028,-0.000003,0.003953,-0.000015,-0.000003,0.000908,-0.227735,-0.000000,-0.000000,0.973723,-0.000001,-0.000000,7.432842
4.390006,-0.000029,-0.000003,0.003962,-0.000015,-0.000003,0.000908,-0.263799,-0.000000,-0.000000,0.964578,-0.000001,-0.000000,7.449929
4.400006,-0.000029,-0.000003,0.003971,-0.000015,-0.000003,0.000908,-0.299578,-0.000000,-0.000000,0.954072,-0.000001,-0.000000,7.467016
4.410006,-0.000029,-0.000003,0.003980,-0.000015,-0.000003,0.000908,-0.335022,-0.000000,-0.000000,0.942210,-0.000001,-0.000000,7.484103
4.420006,-0.000029,-0.000003,0.003989,-0.000015,-0.000003,0.000908,-0.370077,-0.000000,0.000000,0.929001,-0.000001,-0.000000,7.501190
4.430007,-0.000029,-0.000003,0.003998,-0.000015,-0.000003,0.000908,-0.404691,-0.000000,0.000000,0.914454,-0.000000,-0.000000,7.518277
4.440007,-0.000029,-0.000003,0.004007,-0.000015,-0.000003,0.000908,-0.438810,-0.000000,0.000000,0.898580,-0.000000,-0.000001,7.535364
4.450007,-0.000029,-0.000003,0.004016,-0.000015,-0.000003,0.000908,-0.472384,-0.000000,0.000000,0.881393,-0.000000,-0.000001,7.552451
4.460007,-0.000030,-0.000003,0.004025,-0.000015,-0.000003,0.000908,-0.505360,-0.000000,0.000000,0.862909,-0.000000,-0.000001,7.569538
4.470007,-0.000030,-0.000003,0.004035,-0.000015,-0.000003,0.000908,-0.537685,-0.000000,0.000000,0.843146,-0.000000,-0.000001,7.586625
4.480008,-0.000030,-0.000003,0.004044,-0.000015,-0.000003,0.000908,-0.569309,-0.000000,0.000000,0.822124,-0.000000,-0.000001,7.603712
4.490008,-0.000030,-0.000003,0.004053,-0.000015,-0.000003,0.000908,-0.600180,-0.000000,0.000000,0.799865,-0.000000,-0.000001,7.620799
4.500008,-0.000030,-0.000003,0.004062,-0.000015,-0.000003,0.000908,-0.630248,-0.000000,0.000000,0.776394,-0.000000,-0.000001,7.637886
4.510008,-0.000030,-0.000003,0.004071,-0.000015,-0.000003,0.000908,-0.659464,-0.000000,0.000000,0.751736,-0.000000,-0.000001,7.654973
4.520009,-0.000030,-0.000003,0.004080,-0.000015,-0.000003,0.000908,-0.687777,-0.000000,0.000000,0.725922,-0.000000,-0.000001,7.672060
4.530009,-0.000031,-0.000003,0.004089,-0.000015,-0.000003,0.000908,-0.715141,-0.000000,0.000000,0.698980,-0.000000,-0.000001,7.689147
4.540009,-0.000031,-0.000003,0.004098,-0.000015,-0.000003,0.000908,-0.741507,-0.000000,0.000000,0.670945,-0.000000,-0.000001,7.706234
4.550009,-0.000031,-0.000003,0.004107,-0.000015,-0.000003,0.000908,-0.766830,-0.000000,0.000000,0.641850,-0.000000,-0.000001,7.723321
4.560009,-0.000031,-0.000003,0.004116,-0.000015,-0.000003,0.000908,-0.791065,-0.000000,0.000000,0.611733,-0.000000,-0.000001,7.740408
4.570010,-0.000031,-0.000003,0.004125,-0.000015,-0.000003,0.000908,-0.814166,-0.000000,0.000000,0.580631,0.000000,-0.000001,7.757495
4.580010,-0.000031,-0.000003,0.004134,-0.000015,-0.000003,0.000908,-0.836093,-0.000000,0.000000,0.548588,0.000000,-0.000001,7.774582
4.590010,-0.000032,-0.000003,0.004144,-0.000015,-0.000003,0.000908,-0.856803,-0.000000,0.000000,0.515643,0.000000,-0.000001,7.791669
4.600010,-0.000032,-0.000003,0.004153,-0.000015,-0.000003,0.000908,-0.876257,-0.000000,0.000000,0.481843,0.000000,-0.000001,7.808756
4.610011,-0.000032,-0.000003,0.004162,-0.000015,-0.000003,0.000908,-0.894417,-0.000000,0.000000,0.447234,0.000000,-0.000001,7.825843
4.620011,-0.000032,-0.000003,0.004171,-0.000015,-0.000003,0.000908,-0.911245,-0.000000,0.000000,0.411864,0.000000,-0.000001,7.842930
4.630011,-0.000032,-0.000003,0.004180,-0.000015,-0.000003,0.000908,-0.926708,-0.000000,0.000000,0.375783,0.000000,-0.000001,7.860017
4.640011,-0.000032,-0.000004,0.004189,-0.000015,-0.000003,0.000908,-0.940771,-0.000000,0.000000,0.339042,0.000000,-0.000001,7.877104
4.650012,-0.000032,-0.000004,0.004198,-0.000016,-0.000003,0.000908,-0.953404,-0.000000,0.000000,0.301695,0.000000,-0.000001,7.894191
4.660012,-0.000033,-0.000004,0.004207,-0.000016,-0.000003,0.000908,-0.964578,-0.000000,0.000000,0.263797,0.000000,-0.000001,7.911278
4.670012,-0.000033,-0.000004,0.004216,-0.000016,-0.000003,0.000908,-0.974265,-0.000000,0.000000,0.225404,0.000000,-0.000001,7.928365
4.680012,-0.000033,-0.000004,0.004225,-0.000016,-0.000003,0.000908,-0.982441,-0.000000,0.000000,0.186573,0.000000,-0.000001,7.945452
4.690012,-0.000033,-0.000004,0.004234,-0.000016,-0.000003,0.000908,-0.989082,-0.000000,0.000000,0.147364,0.000000,-0.000001,7.962539
4.700013,-0.000033,-0.000004,0.004243,-0.000016,-0.000003,0.000908,-0.994169,-0.000000,0.000000,0.107838,0.000000,-0.000000,7.979626
4.710013,-0.000033,-0.000004,0.004252,-0.000016,-0.000003,0.000908,-0.997682,-0.000000,0.000000,0.068054,0.000001,-0.000000,7.996713
4.720013,-0.000034,-0.000004,0.004262,-0.000016,-0.000003,0.000908,-0.999606,-0.000000,0.000000,0.028077,0.000001,-0.000000,8.013800
4.730013,-0.000034,-0.000004,0.004271,-0.000016,-0.000003,0.000908,-0.999928,-0.000000,0.000000,-0.012031,0.000001,-0.000000,8.030887
4.740014,-0.000034,-0.000004,0.004280,-0.000016,-0.000003,0.000908,-0.998636,-0.000000,0.000000,-0.052205,0.000001,-0.000000,8.047974
4.750014,-0.000034,-0.000004,0.004289,-0.000016,-0.000003,0.000908,-0.995724,-0.000000,0.000000,-0.092379,0.000001,-0.000000,8.065061
4.760014,-0.000034,-0.000004,0.004298,-0.000016,-0.000003,0.000908,-0.991185,-0.000000,0.000000,-0.132488,0.000001,-0.000000,8.082148
4.770014,-0.000034,-0.000004,0.004307,-0.000016,-0.000003,0.000908,-0.985016,-0.000000,0.000000,-0.172466,0.000001,-0.000000,8.099235
4.780015,-0.000035,-0.000004,0.004316,-0.000016,-0.000003,0.000908,-0.977217,-0.000000,0.000000,-0.212244,0.000001,-0.000000,8.116322
4.790015,-0.000035,-0.000004,0.004325,-0.000016,-0.000003,0.000908,-0.967790,-0.000000,0.000000,-0.251757,0.000001,-0.000000,8.133409
4.800015,-0.000035,-0.000004,0.004334,-0.000016,-0.000003,0.000908,-0.956743,0.000000,0.000000,-0.290936,0.000001,-0.000000,8.150496
4.810015,-0.000035,-0.000004,0.004343,-0.000016,-0.000003,0.000908,-0.944081,0.000000,0.000000,-0.329714,0.000001,-0.000000,8.167583
4.820015,-0.000035,-0.000004,0.004352,-0.000016,-0.000003,0.000908,-0.929817,0.000000,0.000000,-0.368022,0.000001,-0.000000,8.184669
4.830016,-0.000035,-0.000004,0.004361,-0.000016,-0.000003,0.000908,-0.913965,0.000000,0.000000,-0.405794,0.000001,0.000000,8.201756
4.840016,-0.000035,-0.000004,0.004370,-0.000016,-0.000003,0.000908,-0.896541,0.000000,0.000000,-0.442961,0.000001,0.000000,8.218843
4.850016,-0.000036,-0.000004,0.004380,-0.000016,-0.000003,0.000908,-0.877566,0.000000,0.000000,-0.479457,0.000001,0.000000,8.235930
4.860016,-0.000036,-0.000004,0.004389,-0.000016,-0.000003,0.000908,-0.857061,0.000000,0.000000,-0.515215,0.000001,0.000000,8.253017
4.870017,-0.000036,-0.000004,0.004398,-0.000016,-0.000003,0.000908,-0.835054,0.000000,0.000000,-0.550168,0.000001,0.000000,8.270104
4.880017,-0.000036,-0.000004,0.004407,-0.000016,-0.000003,0.000908,-0.811572,0.000000,0.000000,-0.584253,0.000001,0.000000,8.287191
4.890017,-0.000036,-0.000004,0.004416,-0.000016,-0.000003,0.000908,-0.786647,0.000000,0.000000,-0.617403,0.000001,0.000000,8.304278
4.900017,-0.000036,-0.000004,0.004425,-0.000016,-0.000003,0.000908,-0.760313,0.000000,0.000000,-0.649557,0.000001,0.000000,8.321365
4.910017,-0.000037,-0.000004,0.004434,-0.000017,-0.000003,0.000908,-0.732608,0.000000,0.000000,-0.680651,0.000001,0.000000,8.338452
4.920018,-0.000037,-0.000004,0.004443,-0.000017,-0.000003,0.000908,-0.703571,0.000000,0.000000,-0.710625,0.000001,0.000000,8.355539
4.930018,-0.000037,-0.000004,0.004452,-0.000017,-0.000003,0.000908,-0.673246,0.000000,0.000000,-0.739419,0.000001,0.000000,8.372626
4.940018,-0.000037,-0.000004,0.004461,-0.000017,-0.000003,0.000908,-0.641678,0.000000,0.000000,-0.766974,0.000001,0.000000,8.389713
4.950018,-0.000037,-0.000004,0.004470,-0.000017,-0.000003,0.000908,-0.608916,0.000000,0.000000,-0.793235,0.000000,0.000000,8.406800
4.960019,-0.000037,-0.000004,0.004479,-0.000017,-0.000003,0.000908,-0.575010,0.000000,0.000000,-0.818147,0.000000,0.000001,8.423887
4.970019,-0.000038,-0.000004,0.004488,-0.000017,-0.000003,0.000908,-0.540014,0.000000,0.000000,-0.841656,0.000000,0.000001,8.440974
4.980019,-0.000038,-0.000005,0.004498,-0.000017,-0.000003,0.000908,-0.503985,0.000000,0.000000,-0.863713,0.000000,0.000001,8.458061
4.990019,-0.000038,-0.000005,0.004507,-0.000017,-0.000003,0.000908,-0.466981,0.000000,0.000000,-0.884268,0.000000,0.000001,8.475148
5.000020,-0.000038,-0.000005,0.004516,-0.000017,-0.000003,0.000907,-0.429063,0.000000,0.000000,-0.903275,0.000000,0.000001,8.492235
