date,stamp,variant,reason
2026-10-02,18-57-49,(explicit),pre-fix ki_z 16 on ours INDI path
2026-10-02,18-59-17,(explicit),pre-fix ki_z 16 on ours INDI path
2026-10-02,18-22-05,(explicit),dz 0.25 in meta
2026-10-03,13-15-00,Geometric baseline,max_tilt=150° in scenario window
2026-10-02,19-08-13,Ours INDI,abort/crash check: short airborne 12.9s tilt=18
2026-10-03,13-10-32,Ours INDI,abort/crash check: ok tilt=102
2026-10-05,17-59-30,c6/m0,candidate not used
2026-10-05,18-01-01,c6/m0,candidate not used
2026-10-05,18-02-38,c6/m0,candidate not used
2026-10-05,18-18-58,c6/m0,candidate not used
2026-10-05,18-34-10,c6/m0,candidate not used
