variant,date,stamp,source,meta_ok,meta_notes,flags,firmware_day,steady_mean_cm,steady_sd_cm,rms_z_cm,max_abs_z_cm,dip_mean_cm,dip_rel_mean_cm,dips_cm,lat_rms_m,roll_p99,pitch_p99,gyro_x_sd,pwm_ceiling_frac,vbat_min,n_crossings,usd_path,radio_path
Geometric baseline,2026-10-05,17-39-27,usd,True,ok,,2026-10-05,0.8136066554001024,0.40702867206873805,1.5301340153814882,7.185825705528259,-6.092879921197891,-6.9064865765979935,"[-6.310686469078064, -5.393746495246887, -7.185825705528259, -5.4812610149383545]",0.023022663830387757,21.051450729370092,10.303713340759273,51.12621659754987,0.0,3.48915,4,/home/georg/Desktop/flying_robot_course/experiments/logs/usd_raw/cf5_A8_thesis00_2026-10-05_17-44-01.bin,/home/georg/Desktop/flying_robot_course/experiments/logs/A8_cf5_2026-10-05_17-39-27.csv
Geometric baseline,2026-10-05,17-41-09,usd,True,ok,,2026-10-05,0.7400362296937536,0.39780630027521807,1.3586175225904875,5.388331413269043,-5.709095299243927,-6.449131528937681,"[-6.103771924972534, -5.388331413269043, -5.3638845682144165, -5.980393290519714]",0.02158552536360239,20.901288986206055,7.491909503936768,48.64054996144841,0.0,3.478592,4,/home/georg/Desktop/flying_robot_course/experiments/logs/usd_raw/cf5_A8_thesis01_2026-10-05_17-44-01.bin,/home/georg/Desktop/flying_robot_course/experiments/logs/A8_cf5_2026-10-05_17-41-09.csv
Geometric baseline,2026-10-08,17-37-04,usd,True,ok,,2026-10-08,0.7456344788053394,0.4087745141069553,1.41950774465872,5.990931391716003,-5.9090256690979,-6.65466014790324,"[-6.605371832847595, -5.990931391716003, -5.269291996955872, -5.770507454872131]",0.021441331325919882,20.521753311157227,6.194370746612549,47.94854209308431,0.0,3.647507,4,/home/georg/Desktop/flying_robot_course/experiments/logs/usd_raw/cf5_A8_thesis00_2026-10-08_17-37-04.bin,/home/georg/Desktop/flying_robot_course/experiments/logs/A8_cf5_2026-10-08_17-37-04.csv
Geometric baseline,2026-10-08,17-38-50,usd,True,ok,,2026-10-08,0.8394874464682379,0.4015520089473585,1.4564897525791745,6.188672780990601,-5.950260162353516,-6.789747608821753,"[-7.007324695587158, -5.100351572036743, -6.188672780990601, -5.5046916007995605]",0.021866771298234656,20.288274154663043,9.204263267517081,53.66597559746145,0.0,3.578886,4,/home/georg/Desktop/flying_robot_course/experiments/logs/usd_raw/cf5_A8_thesis01_2026-10-08_17-38-50.bin,/home/georg/Desktop/flying_robot_course/experiments/logs/A8_cf5_2026-10-08_17-38-50.csv
NS2 res_sign +1,2026-10-05,19-17-04,usd,True,"rnn.en=1 res_sign=+1 (yaml, not meta)",,2026-10-05,1.450874445148767,0.8822017224388439,2.626525443564305,10.478290915489197,-10.709203779697418,-12.160078224846185,"[-12.198320031166077, -10.478290915489197, -10.196459293365479, -9.963744878768921]",0.02150468845089614,20.805665969848633,9.839012737274166,53.547156622180715,0.0,3.631672,4,/home/georg/Desktop/flying_robot_course/experiments/logs/usd_raw/cf5_A8_thesis00_2026-10-05_19-17-04.bin,/home/georg/Desktop/flying_robot_course/experiments/logs/A8_cf5_2026-10-05_19-17-04.csv
NS2 res_sign +1,2026-10-05,19-19-27,usd,True,"rnn.en=1 res_sign=+1 (yaml, not meta)",,2026-10-05,1.4980194414347674,0.9242990411776969,2.758577624829499,12.170898914337158,-11.113358289003372,-12.61137773043814,"[-11.39352023601532, -12.170898914337158, -10.192769765853882, -10.696244239807129]",0.02440063552270908,22.77273941040039,6.178475856781006,60.393217462339614,0.0,3.573607,4,/home/georg/Desktop/flying_robot_course/experiments/logs/usd_raw/cf5_A8_thesis01_2026-10-05_19-19-27.bin,/home/georg/Desktop/flying_robot_course/experiments/logs/A8_cf5_2026-10-05_19-19-27.csv
NS2 res_sign +1,2026-10-05,19-23-26,usd,True,"rnn.en=1 res_sign=+1 (yaml, not meta)",,2026-10-05,1.5502826387622444,0.807347422650326,2.63981597977342,11.154356598854065,-11.16565689444542,-12.715939533207663,"[-11.923956871032715, -9.900912642478943, -11.154356598854065, -11.683401465415955]",0.0267186196698298,22.25981903076172,8.72473430633545,56.30556095450025,0.0,3.6739,4,/home/georg/Desktop/flying_robot_course/experiments/logs/usd_raw/cf5_A8_thesis02_2026-10-05_19-23-26.bin,/home/georg/Desktop/flying_robot_course/experiments/logs/A8_cf5_2026-10-05_19-23-26.csv
NS2 res_sign −1,2026-10-08,17-16-27,radio,True,ok,battery_sag,2026-10-08,0.22724869565217387,0.14885480925193237,0.7709954052408088,3.4526000000000003,-2.9459666666666684,-3.1732153623188424,"[-3.4526000000000003, -3.0820000000000016, -2.303300000000003]",,18.467689529999994,8.137534999999996,50.0500816832407,,2.517889,3,,/home/georg/Desktop/flying_robot_course/experiments/logs/A8_cf5_2026-10-08_17-16-27.csv
NS2 res_sign −1,2026-10-08,17-18-40,usd,True,ok,,2026-10-08,0.23015327800891114,0.18726862753913048,0.6667293816369517,2.781015634536743,-2.57243812084198,-2.802591398850891,"[-2.5018274784088135, -2.781015634536743, -2.1042197942733765, -2.902689576148987]",0.02025984722098168,18.83479118347168,4.453181266784668,43.23644923373262,0.0,3.177713,4,/home/georg/Desktop/flying_robot_course/experiments/logs/usd_raw/cf5_A8_thesis01_2026-10-08_17-18-40.bin,/home/georg/Desktop/flying_robot_course/experiments/logs/A8_cf5_2026-10-08_17-18-40.csv
NS2 res_sign −1,2026-10-08,17-22-13,radio,True,ok,,2026-10-08,0.21411254480286734,0.20436985926666904,0.8815892349225201,4.4626,-3.3374249999999996,-3.551537544802867,"[-3.185300000000002, -2.2094999999999976, -3.4922999999999984, -4.4626]",,20.54131361999999,6.794386739999998,52.37409728382784,,2.787097,4,,/home/georg/Desktop/flying_robot_course/experiments/logs/A8_cf5_2026-10-08_17-22-13.csv
NS2 res_sign −1,2026-10-08,17-24-54,radio,True,ok,,2026-10-08,0.2555179211469533,0.23833957605474995,1.1686146948458391,6.844800000000001,-4.533625000000001,-4.789142921146954,"[-3.4667999999999974, -4.267900000000003, -3.5550000000000024, -6.844800000000001]",,22.418062300000063,5.94485872,55.14053736239464,,2.676246,4,,/home/georg/Desktop/flying_robot_course/experiments/logs/A8_cf5_2026-10-08_17-24-54.csv
NS2 res_sign −1,2026-10-09,17-30-16,usd,True,"unified firmware, rnn.en=1 res_sign=-1 (yaml, not meta)",,2026-10-09,0.24153956221145334,0.22089080578422648,0.6644939908178832,2.677631378173828,-2.9756054282188416,-3.217144990430295,"[-2.57817804813385, -2.677631378173828, -2.472969889640808, -4.17364239692688]",0.02249653080827024,21.34604185104367,6.719700798988317,49.544737148476216,0.0,3.589443,4,/home/georg/Desktop/flying_robot_course/experiments/logs/usd_raw/cf5_A8_thesis01_2026-10-09_17-30-16.bin,/home/georg/Desktop/flying_robot_course/experiments/logs/A8_cf5_2026-10-09_17-30-16.csv
NS2 res_sign −1,2026-10-09,17-31-47,usd,True,"unified firmware, rnn.en=1 res_sign=-1 (yaml, not meta)",,2026-10-09,0.364810634653864,0.19311099118022168,0.8330281952090416,3.5996317863464355,-2.974972128868103,-3.339782763521967,"[-2.5222837924957275, -2.8899818658828735, -3.5996317863464355, -2.8879910707473755]",0.022196505675679098,25.6479434967041,8.045441627502441,57.74497760977864,0.0,3.605279,4,/home/georg/Desktop/flying_robot_course/experiments/logs/usd_raw/cf5_A8_thesis02_2026-10-09_17-31-47.bin,/home/georg/Desktop/flying_robot_course/experiments/logs/A8_cf5_2026-10-09_17-31-47.csv
Ours INDI (10-09 filter ON),2026-10-09,17-40-36,usd,True,ok,,2026-10-09,1.9337567909794116,0.4797718305483156,2.5123837911029243,8.189594745635986,-8.797978609800339,-10.731735400779751,"[-8.29697847366333, -8.189594745635986, -8.189061284065247, -10.516279935836792]",0.008183541446267557,8.1680326461792,3.2535412311553955,41.60100528856866,0.007031191562570125,3.573607,4,/home/georg/Desktop/flying_robot_course/experiments/logs/usd_raw/cf5_A8_thesis00_2026-10-09_17-40-36.bin,/home/georg/Desktop/flying_robot_course/experiments/logs/A8_cf5_2026-10-09_17-40-36.csv
Ours INDI (10-09 filter ON),2026-10-09,17-42-12,usd,True,ok,,2026-10-09,1.76747169475665,0.4867458250120538,2.696939845744571,10.33194363117218,-9.706930071115494,-11.474401765872145,"[-9.947219491004944, -10.33194363117218, -9.89418625831604, -8.654370903968811]",0.007904216195605966,6.737941265106201,5.417292613983153,56.236616901968574,0.011250827266710787,3.425807,4,/home/georg/Desktop/flying_robot_course/experiments/logs/usd_raw/cf5_A8_thesis01_2026-10-09_17-42-12.bin,/home/georg/Desktop/flying_robot_course/experiments/logs/A8_cf5_2026-10-09_17-42-12.csv
Ours INDI (10-09 filter OFF),2026-10-09,17-56-07,usd,True,ok,,2026-10-09,1.5006804923834507,0.4500534843378486,2.8311312119646814,11.61251962184906,-10.500063002109528,-12.000743494492978,"[-11.028611660003662, -11.61251962184906, -10.740554332733154, -8.618566393852234]",0.008059996594168447,6.22996711730957,4.3634724617004395,52.00399335638373,0.019401942033249964,3.404692,4,/home/georg/Desktop/flying_robot_course/experiments/logs/usd_raw/cf5_A8_thesis00_2026-10-09_17-56-07.bin,/home/georg/Desktop/flying_robot_course/experiments/logs/A8_cf5_2026-10-09_17-56-07.csv
Ours INDI (10-09 filter OFF),2026-10-09,17-57-38,usd,True,ok,battery_sag,2026-10-09,1.0504192993397057,0.8835894745179229,3.2881770357354503,13.41201364994049,-13.575151562690735,-14.62557086203044,"[-12.715041637420654, -13.41201364994049, -13.291174173355103, -14.882376790046692]",0.007474715339644512,8.996884431838987,6.514145374298096,121.64884901583771,0.05544310319446489,3.146041,4,/home/georg/Desktop/flying_robot_course/experiments/logs/usd_raw/cf5_A8_thesis01_2026-10-09_17-57-38.bin,/home/georg/Desktop/flying_robot_course/experiments/logs/A8_cf5_2026-10-09_17-57-38.csv
Ours INDI,2026-10-02,19-09-54,usd,True,ok,,2026-10-02,4.198593929939464,0.4955500300021651,4.406390552470512,8.518493175506592,-7.552166283130646,-11.750760213070109,"[-7.5979530811309814, -7.356244325637817, -7.652157545089722, -7.6023101806640625]",0.008968180360726637,7.6565937995910645,3.826115608215332,30.39680664048247,0.006440804169769173,3.478592,4,/home/georg/Desktop/flying_robot_course/experiments/logs/usd_raw/cf5_thesis69_2026-10-02_19-18-54.bin,/home/georg/Desktop/flying_robot_course/experiments/logs/A8_cf5_2026-10-02_19-09-54.csv
Ours INDI,2026-10-02,19-11-30,usd,True,ok,,2026-10-02,4.147814671533112,0.6229355124535045,4.273259513194526,7.998389005661011,-7.258763164281845,-11.406577835814957,"[-7.707300782203674, -6.783336400985718, -7.116922736167908, -7.427492737770081]",0.010001922083395702,6.3552632331848145,4.151800155639648,30.586529168405377,0.008378016085790885,3.504985,4,/home/georg/Desktop/flying_robot_course/experiments/logs/usd_raw/cf5_thesis70_2026-10-02_19-18-55.bin,/home/georg/Desktop/flying_robot_course/experiments/logs/A8_cf5_2026-10-02_19-11-30.csv
Omar C exact (Kpos_Iz 0),2026-10-02,18-23-23,usd,True,ok,,2026-10-02,21.861450626843844,2.1827574518762285,19.985977920076234,25.12195110321045,3.286932408809662,-18.574518218034182,"[5.5073559284210205, -0.6793379783630371, 6.424307823181152, 1.8954038619995117]",0.027834151315983453,26.328829498291004,8.569775581359863,103.71912904969541,0.0009644632391126938,3.731965,4,/home/georg/Desktop/flying_robot_course/experiments/logs/usd_raw/cf5_thesis58_2026-10-02_18-30-02.bin,/home/georg/Desktop/flying_robot_course/experiments/logs/A8_cf5_2026-10-02_18-23-23.csv
Omar C exact (Kpos_Iz 0),2026-10-02,18-24-57,usd,True,ok,,2026-10-02,24.466315018777355,2.2884276890529938,22.681256929774797,27.61513590812683,3.6610230803489685,-20.805291938428386,"[4.403895139694214, 6.723397970199585, 2.6081323623657227, 0.9086668491363525]",0.025127536720444873,25.462371826171875,9.284388637542751,101.38795821637832,0.004062453197543807,3.631672,4,/home/georg/Desktop/flying_robot_course/experiments/logs/usd_raw/cf5_thesis59_2026-10-02_18-30-03.bin,/home/georg/Desktop/flying_robot_course/experiments/logs/A8_cf5_2026-10-02_18-24-57.csv
Omar Rust exact (kpos_iz 0),2026-10-02,18-45-09,usd,True,ok,,2026-10-02,22.030722260656525,2.339877984255506,20.46697148232106,25.533127784729004,0.2682037651538849,-21.76251849550264,"[5.807352066040039, -1.689833402633667, 0.7893502712249756, -3.834053874015808]",0.028661287621318463,27.02771759033203,10.073257989883388,97.43317844149966,0.01345024894107156,3.399414,4,/home/georg/Desktop/flying_robot_course/experiments/logs/usd_raw/cf5_thesis62_2026-10-02_18-53-08.bin,/home/georg/Desktop/flying_robot_course/experiments/logs/A8_cf5_2026-10-02_18-45-09.csv
Omar Rust exact (kpos_iz 0),2026-10-02,18-46-45,usd,True,ok,,2026-10-02,21.73048403591515,2.2200178911947512,19.965973506994494,24.325740337371826,-1.0368287563323975,-22.767312792247548,"[-0.6977289915084839, -1.3401299715042114, -0.11029541492462158, -1.999160647392273]",0.03264825069331676,24.225155639648715,8.98182201385498,93.37168700639478,0.014829406080428157,3.388856,4,/home/georg/Desktop/flying_robot_course/experiments/logs/usd_raw/cf5_thesis63_2026-10-02_18-53-09.bin,/home/georg/Desktop/flying_robot_course/experiments/logs/A8_cf5_2026-10-02_18-46-45.csv
Omar Rust exact (10-09 same day),2026-10-09,18-09-45,usd,True,ok,,2026-10-09,13.06930655282549,1.07437406741169,12.278672056745652,15.018069744110107,2.83711701631546,-10.23218953651003,"[3.100156784057617, 3.095567226409912, 3.5501420497894287, 1.6026020050048828]",0.029855319246933947,20.667947006225575,7.5449371337890625,76.43554474187832,0.00080888300610339,3.594722,4,/home/georg/Desktop/flying_robot_course/experiments/logs/usd_raw/cf5_A8_thesis00_2026-10-09_18-09-45.bin,/home/georg/Desktop/flying_robot_course/experiments/logs/A8_cf5_2026-10-09_18-09-45.csv
Omar Rust exact (10-09 same day),2026-10-09,18-11-15,usd,True,ok,,2026-10-09,13.520392890184814,1.0093259473976914,12.397560376154386,15.40592908859253,1.2766920030117035,-12.24370088717311,"[0.2880990505218506, 1.3137459754943848, 6.296056509017944, -2.7911335229873657]",0.037453913550966764,18.854570388793945,7.1247477531433105,68.95641789512159,0.0021144370081635656,3.499707,4,/home/georg/Desktop/flying_robot_course/experiments/logs/usd_raw/cf5_A8_thesis01_2026-10-09_18-11-15.bin,/home/georg/Desktop/flying_robot_course/experiments/logs/A8_cf5_2026-10-09_18-11-15.csv
Omar Rust + Iz 1.0,2026-10-08,18-17-33,usd,True,Iz=1.0 from flight order (docs/69/70),,2026-10-08,6.521493408979322,2.641422285484828,7.25396779249033,18.142592906951904,-15.770425647497177,-22.291919056476498,"[-19.727319478988647, -13.802164793014526, -11.920332908630371, -17.631885409355164]",0.03195051233441024,22.644515991210938,9.726306915283203,68.33712712314703,0.008245431585202793,3.520821,4,/home/georg/Desktop/flying_robot_course/experiments/logs/usd_raw/cf5_A8_thesis00_2026-10-08_18-17-33.bin,/home/georg/Desktop/flying_robot_course/experiments/logs/A8_cf5_2026-10-08_18-17-33.csv
Omar Rust + Iz 1.0,2026-10-08,18-19-07,usd,True,Iz=1.0 from flight order (docs/69/70),,2026-10-08,6.057555440810862,2.7693697821344707,7.401153070997237,17.805105447769165,-16.102508455514908,-22.16006389632577,"[-9.915244579315186, -16.24186933040619, -17.805105447769165, -20.447814464569092]",0.03253562185874562,19.017286911010547,9.702594757080078,65.54785443330567,0.010966859002811066,3.483871,4,/home/georg/Desktop/flying_robot_course/experiments/logs/usd_raw/cf5_A8_thesis01_2026-10-08_18-19-07.bin,/home/georg/Desktop/flying_robot_course/experiments/logs/A8_cf5_2026-10-08_18-19-07.csv
Omar Rust + Iz 1.5,2026-10-08,18-23-52,usd,True,Iz=1.5 from flight order (docs/69/70),,2026-10-08,1.791760447880496,1.6893736955842846,2.8950939532461226,9.169155359268188,-7.376956194639206,-9.168716642519701,"[-7.216131687164307, -4.841679334640503, -9.169155359268188, -8.280858397483826]",0.031087324820874666,16.719383239746094,6.879758358001709,59.21660637444456,0.0006249081017497427,3.568329,4,/home/georg/Desktop/flying_robot_course/experiments/logs/usd_raw/cf5_A8_thesis02_2026-10-08_18-23-52.bin,/home/georg/Desktop/flying_robot_course/experiments/logs/A8_cf5_2026-10-08_18-23-52.csv
Omar Rust + Iz 1.5,2026-10-08,18-25-23,usd,True,Iz=1.5 from flight order (docs/69/70),,2026-10-08,1.2436476002017232,1.71594154108829,3.0801076663988787,10.213962197303772,-7.85176083445549,-9.095408434657212,"[-8.788272738456726, -10.213962197303772, -7.407072186470032, -4.997736215591431]",0.029280685028791623,15.566879272460938,7.755235385894773,61.350145191687226,0.0007359434795407713,3.584164,4,/home/georg/Desktop/flying_robot_course/experiments/logs/usd_raw/cf5_A8_thesis03_2026-10-08_18-25-23.bin,/home/georg/Desktop/flying_robot_course/experiments/logs/A8_cf5_2026-10-08_18-25-23.csv
Omar Rust + Iz 2.0,2026-10-08,18-28-04,usd,True,Iz=2.0 from flight order (docs/69/70),,2026-10-08,1.8607701300331865,1.72881200024762,3.1833601663270743,9.306609630584717,-8.355842530727386,-10.216612660760573,"[-10.899344086647034, -9.306609630584717, -6.115514039993286, -7.101902365684509]",0.03499701900433822,13.459331970214844,10.531782150268555,55.568429844362946,0.0027769604237163456,3.415249,4,/home/georg/Desktop/flying_robot_course/experiments/logs/usd_raw/cf5_A8_thesis04_2026-10-08_18-28-04.bin,/home/georg/Desktop/flying_robot_course/experiments/logs/A8_cf5_2026-10-08_18-28-04.csv
Omar Rust + Iz 2.0,2026-10-08,18-29-35,usd,True,Iz=2.0 from flight order (docs/69/70),,2026-10-08,2.3894724535491254,1.7433746981432285,4.438670062784976,15.596580505371094,-11.528287827968597,-13.917760281517722,"[-11.301881074905396, -15.596580505371094, -8.414310216903687, -10.800379514694214]",0.028064083683228592,17.893783569335938,9.215659141540527,60.59390422697809,0.005195096426969652,3.394135,4,/home/georg/Desktop/flying_robot_course/experiments/logs/usd_raw/cf5_A8_thesis05_2026-10-08_18-29-35.bin,/home/georg/Desktop/flying_robot_course/experiments/logs/A8_cf5_2026-10-08_18-29-35.csv
Omar C + Iz 1.0,2026-10-08,18-40-18,usd,True,Iz=1.0 from flight order (docs/69/70),,2026-10-08,2.0486703091525658,1.3940788483496707,3.3283587923414077,10.20950973033905,-9.014705568552017,-11.063375877704583,"[-9.132137894630432, -10.20950973033905, -7.421514391899109, -9.295660257339478]",0.03129646315030306,14.47696590423584,8.373701095581055,52.22279136989641,0.007727406535178098,3.314956,4,/home/georg/Desktop/flying_robot_course/experiments/logs/usd_raw/cf5_A8_thesis00_2026-10-08_18-40-18.bin,/home/georg/Desktop/flying_robot_course/experiments/logs/A8_cf5_2026-10-08_18-40-18.csv
Omar C + Iz 1.0,2026-10-08,18-42-05,usd,True,Iz=1.0 from flight order (docs/69/70),,2026-10-08,2.3641270124598552,1.3558572396731994,3.191313932769814,8.642268180847168,-9.087560325860977,-11.451687338320832,"[-5.608746409416199, -8.642268180847168, -8.508244156837463, -13.590982556343079]",0.03017086106672686,13.879277229309082,6.709517478942871,50.98225399402432,0.010403646790677156,3.267449,4,/home/georg/Desktop/flying_robot_course/experiments/logs/usd_raw/cf5_A8_thesis01_2026-10-08_18-42-05.bin,/home/georg/Desktop/flying_robot_course/experiments/logs/A8_cf5_2026-10-08_18-42-05.csv
Omar C + Iz 1.5,2026-10-08,18-45-11,usd,True,Iz=1.5 from flight order (docs/69/70),,2026-10-08,2.3746767688456045,1.5442831479835955,4.040015836901949,12.531289458274841,-12.41193488240242,-14.786611651248025,"[-10.695239901542664, -12.531289458274841, -10.19795536994934, -16.223254799842834]",0.028564566241595334,12.133007049560547,9.727429389953613,51.57403096484617,0.021174913609293435,3.214663,4,/home/georg/Desktop/flying_robot_course/experiments/logs/usd_raw/cf5_A8_thesis02_2026-10-08_18-45-11.bin,/home/georg/Desktop/flying_robot_course/experiments/logs/A8_cf5_2026-10-08_18-45-11.csv
Omar C + Iz 1.5,2026-10-08,18-47-48,usd,True,Iz=1.5 from flight order (docs/69/70),,2026-10-08,1.9892947742185683,1.6557023117937928,3.015902389541496,9.796100854873657,-7.343780994415283,-9.33307576863385,"[-8.493643999099731, -4.89848256111145, -9.796100854873657, -6.186896562576294]",0.028389542933475054,15.331072807312012,6.662101745605469,64.2073606711126,0.0001471345545501361,3.71085,4,/home/georg/Desktop/flying_robot_course/experiments/logs/usd_raw/cf5_A8_thesis03_2026-10-08_18-47-48.bin,/home/georg/Desktop/flying_robot_course/experiments/logs/A8_cf5_2026-10-08_18-47-48.csv
Omar C + Iz 2.0,2026-10-08,18-49-37,usd,True,Iz=2.0 from flight order (docs/69/70),,2026-10-08,1.0710556333637387,1.4691291988130344,2.247026431070482,5.931907892227173,-5.323214083909988,-6.394269717273727,"[-6.751850247383118, -5.931907892227173, -5.597230792045593, -3.01186740398407]",0.03135489754196548,16.51752204895017,7.5500640869140625,55.55948070852523,0.0007100149476831091,3.573607,4,/home/georg/Desktop/flying_robot_course/experiments/logs/usd_raw/cf5_A8_thesis04_2026-10-08_18-49-37.bin,/home/georg/Desktop/flying_robot_course/experiments/logs/A8_cf5_2026-10-08_18-49-37.csv
Omar C + Iz 2.0,2026-10-08,18-51-15,usd,True,Iz=2.0 from flight order (docs/69/70),,2026-10-08,1.8491048205490062,1.1106453591374856,2.833095808384885,8.936828374862671,-6.786792725324631,-8.635897545873636,"[-5.295795202255249, -8.936828374862671, -6.19502067565918, -6.719526648521423]",0.02989114509739516,17.73802375793457,6.506046295166016,64.41038095334525,0.0011217359323280618,3.541935,4,/home/georg/Desktop/flying_robot_course/experiments/logs/usd_raw/cf5_A8_thesis05_2026-10-08_18-51-15.bin,/home/georg/Desktop/flying_robot_course/experiments/logs/A8_cf5_2026-10-08_18-51-15.csv
Omar C + Iz 1.5 (10-09),2026-10-09,18-38-06,usd,True,Iz=1.5 from flight order (docs/69/70),,2026-10-09,2.750812180295656,1.4678405478558973,3.9634914326107054,12.103861570358276,-10.315068811178207,-13.065880991473863,"[-9.497854113578796, -12.103861570358276, -7.499748468399048, -12.158811092376709]",0.0328978679983258,20.928932189941406,9.69085806846619,64.69423169003832,0.0007236158527534511,3.658065,4,/home/georg/Desktop/flying_robot_course/experiments/logs/usd_raw/cf5_A8_thesis00_2026-10-09_18-38-06.bin,/home/georg/Desktop/flying_robot_course/experiments/logs/A8_cf5_2026-10-09_18-38-06.csv
Omar C + Iz 1.5 (10-09),2026-10-09,18-39-35,usd,True,Iz=1.5 from flight order (docs/69/70),,2026-10-09,2.5335556121728784,2.40204716404673,5.040871286982498,16.42007827758789,-11.007662862539291,-13.54121847471217,"[-8.202040195465088, -16.42007827758789, -11.687520146369934, -7.721012830734253]",0.028406366003316814,22.193812103271483,13.910531997680664,78.82577180999358,0.0009190500698478053,3.621114,4,/home/georg/Desktop/flying_robot_course/experiments/logs/usd_raw/cf5_A8_thesis01_2026-10-09_18-39-35.bin,/home/georg/Desktop/flying_robot_course/experiments/logs/A8_cf5_2026-10-09_18-39-35.csv
