variant,n,source,steady_mean_cm,steady_mean_sd_cm,steady_sd_pooled_cm,rms_z_cm,max_abs_z_cm,dip_mean_cm,dip_sd_cm,dip_rel_mean_cm,lat_rms_m,roll_p99,pitch_p99,gyro_x_sd,pwm_ceiling_frac,vbat_min
Geometric baseline,4,usd,0.7846912025918583,0.042890051385876066,0.40607955780957616,1.4411872588024675,7.185825705528259,-5.915315262973309,0.6058407830335408,-6.700006465565166,0.02197907295453617,20.690691795349103,8.298564214706417,50.34532106238601,0.0,3.478592
NS2 off (= geometric),4,usd,0.7846912025918583,0.042890051385876066,0.40607955780957616,1.4411872588024675,7.185825705528259,-5.915315262973309,0.6058407830335408,-6.700006465565166,0.02197907295453617,20.690691795349103,8.298564214706417,50.34532106238601,0.0,3.478592
NS2 res_sign −1,4,mixed,0.23175810990272644,0.01499003752784786,0.18986535224828205,0.8719821791615299,6.844800000000001,-3.374123498891195,1.14490833265692,-3.579121806779889,0.02025984722098168,20.06546415836793,6.332490431696165,50.20029139079895,0.0,2.517889
NS2 res_sign +1,3,usd,1.499725508448593,0.040601151361879716,0.8734087829553359,2.6749730160557412,12.170898914337158,-10.996072987715403,0.8291447426112545,-12.495798496163994,0.02420798121447834,21.946074803670246,8.24740763346354,56.748645013006865,0.0,3.573607
Ours INDI,2,usd,4.173204300736288,0.02538962920317589,0.5633046134435865,4.339825032832519,8.518493175506592,-7.405464723706245,0.29600892416734037,-11.578669024442533,0.00948505122206117,7.0059285163879395,3.9889578819274902,30.491667904443922,0.00740941012778003,3.478592
Omar C exact (Kpos_Iz 0),2,usd,23.1638828228106,1.3024321959667553,2.5875101568643157,21.333617424925514,27.61513590812683,3.473977744579315,2.533154845963223,-19.689905078231284,0.026480844018214163,25.895600662231438,8.927082109451307,102.55354363303687,0.0025134582183282505,3.631672
Omar C + Iz 1.0,2,usd,2.2063986608062107,0.15772835165364474,1.3842040919579763,3.259836362555611,10.20950973033905,-9.051132947206497,2.150174614985564,-11.257531608012709,0.03073366210851496,14.178121566772461,7.541609287261963,51.602522681960366,0.009065526662927627,3.267449
Omar C + Iz 1.5,2,usd,2.1819857715320863,0.19269099731351813,1.6125469735266895,3.5279591132217227,12.531289458274841,-9.877857938408852,3.3244443760472806,-12.059843709940939,0.028477054587535196,13.73203992843628,8.194765567779541,57.890695817979385,0.010661024081921785,3.214663
Omar C + Iz 2.0,2,usd,1.4600802269563724,0.38902459359263375,1.3567972304449225,2.5400611197276834,8.936828374862671,-6.05500340461731,1.5537651343654082,-7.515083631573681,0.030623021319680317,17.12777290344237,7.028055191040039,59.98493083093524,0.0009158754400055854,3.541935
Omar Rust exact (kpos_iz 0),2,usd,21.880603148285836,0.1501191123706871,2.2857551319849425,20.21647249465778,25.533127784729004,-0.3843124955892563,2.669595746825651,-22.264915643875092,0.030654769157317612,25.626436614990375,9.527540001869184,95.40243272394721,0.01413982751074986,3.388856
Omar Rust + Iz 1.0,2,usd,6.289524424895092,0.23196898408422983,2.7169132725090512,7.327560431743784,18.142592906951904,-15.936467051506042,3.5021786195911204,-22.225991476401134,0.032243067096577926,20.83090145111074,9.71445083618164,66.94249077822636,0.00960614529400693,3.483871
Omar Rust + Iz 1.5,2,usd,1.5177040240411097,0.27405642383938644,1.7245760448690495,2.9876008098225006,10.213962197303772,-7.614358514547348,1.7935176174470424,-9.132062538588457,0.030184004924833144,16.143131256103516,7.317496871948241,60.28337578306589,0.0006804257906452571,3.568329
Omar Rust + Iz 2.0,2,usd,2.1251212917911557,0.26435116175796947,1.756116859649363,3.811015114556025,15.596580505371094,-9.942065179347992,2.759587529337539,-12.067186471139149,0.03153055134378341,15.67655776977539,9.873720645904541,58.08116703567052,0.003986028425342999,3.394135
