time_ms,pos_x,pos_y,pos_z,vel_x,vel_y,vel_z,roll,pitch,yaw,thrust,vbat,gyro_x,gyro_y,gyro_z,acc_x,acc_y,acc_z,rate_roll,rate_pitch,rate_yaw,range_z,flow_dx,flow_dy
0,-1.0403,-1.5538,0.0105,0.0013,-0.0012,0.0060,-1.47,0.75,-1.90,0,4.028,0.101,0.018,-0.316,0.015,-0.028,0.000,0.000,0.000,0.000,0.0100,4,-6
50,-1.0407,-1.5535,0.0104,-0.0002,-0.0002,0.0054,-1.47,0.75,-1.89,0,4.028,-0.310,-0.064,0.041,0.015,-0.027,0.000,0.000,0.000,0.000,0.0100,0,0
101,-1.0394,-1.5544,0.0107,0.0065,-0.0052,0.0064,-1.46,0.75,-1.88,0,4.022,-0.024,-0.133,-0.033,0.014,-0.027,0.000,0.000,0.000,0.000,0.0120,2,-3
152,-1.0400,-1.5542,0.0112,0.0027,-0.0034,0.0089,-1.46,0.76,-1.87,0,4.033,-0.296,-0.164,0.119,0.015,-0.028,0.000,0.000,0.000,0.000,0.0080,0,0
204,-1.0394,-1.5546,0.0117,0.0058,-0.0057,0.0101,-1.47,0.76,-1.86,0,4.022,-0.260,-0.094,0.019,0.014,-0.027,0.000,0.000,0.000,0.000,0.0080,-4,-4
254,-1.0402,-1.5538,0.0093,0.0018,-0.0010,-0.0018,-1.48,0.76,-1.85,0,4.033,-0.131,0.231,0.167,0.015,-0.028,0.000,0.000,0.000,0.000,0.0100,1,0
305,-1.0393,-1.5546,0.0093,0.0065,-0.0057,0.0003,-1.48,0.75,-1.84,0,4.028,0.280,-0.043,-0.180,0.012,-0.028,0.000,0.000,0.000,0.000,0.0110,-1,0
356,-1.0402,-1.5540,0.0102,0.0009,-0.0035,0.0053,-1.47,0.75,-1.83,0,4.033,-0.098,-0.214,0.167,0.015,-0.028,0.000,0.000,0.000,0.000,0.0070,3,-4
407,-1.0402,-1.5540,0.0106,0.0008,-0.0037,0.0064,-1.47,0.76,-1.82,0,4.022,0.258,0.116,-0.240,0.013,-0.027,0.000,0.000,0.000,0.000,0.0070,3,-2
458,-1.0399,-1.5541,0.0082,0.0025,-0.0037,-0.0047,-1.47,0.75,-1.82,0,4.033,0.074,0.120,-0.082,0.013,-0.027,0.000,0.000,0.000,0.000,0.0110,0,0
509,-1.0392,-1.5549,0.0080,0.0059,-0.0075,-0.0034,-1.48,0.76,-1.81,0,4.022,0.082,-0.076,0.268,0.013,-0.026,0.000,0.000,0.000,0.000,0.0070,2,0
560,-1.0399,-1.5536,0.0085,0.0020,-0.0004,-0.0010,-1.51,0.81,-1.79,0,4.033,-0.085,0.076,0.042,0.015,-0.027,0.000,0.000,0.000,0.000,0.0080,0,-1
611,-1.0394,-1.5550,0.0085,0.0052,-0.0076,0.0007,-1.46,0.76,-1.79,0,4.028,0.058,0.197,0.081,0.014,-0.027,0.000,0.000,0.000,0.000,0.0090,0,-1
663,-1.0401,-1.5539,0.0086,0.0008,-0.0016,0.0023,-1.47,0.76,-1.78,0,4.033,0.114,0.083,-0.311,0.015,-0.026,0.000,0.000,0.000,0.000,0.0100,-3,-2
713,-1.0397,-1.5537,0.0088,0.0032,-0.0005,0.0035,-1.47,0.77,-1.78,0,4.028,0.079,0.168,-0.111,0.013,-0.027,0.000,0.000,0.000,0.000,0.0120,-2,2
764,-1.0402,-1.5543,0.0106,-0.0007,-0.0041,0.0123,-1.46,0.77,-1.77,0,4.033,-0.167,-0.000,0.191,0.014,-0.027,0.000,0.000,0.000,0.000,0.0090,8,0
815,-1.0391,-1.5529,0.0113,0.0051,0.0031,0.0136,-1.47,0.75,-1.76,0,4.022,-0.167,-0.172,0.337,0.015,-0.026,0.000,0.000,0.000,0.000,0.0090,2,-5
866,-1.0404,-1.5541,0.0101,-0.0012,-0.0036,0.0065,-1.47,0.74,-1.75,0,4.033,-0.035,-0.177,0.106,0.015,-0.026,0.000,0.000,0.000,0.000,0.0100,0,0
917,-1.0391,-1.5549,0.0105,0.0057,-0.0074,0.0079,-1.47,0.75,-1.74,0,4.028,0.057,0.257,0.050,0.014,-0.027,0.000,0.000,0.000,0.000,0.0080,0,-1
969,-1.0394,-1.5549,0.0096,0.0044,-0.0071,0.0024,-1.43,0.70,-1.73,0,4.033,0.094,0.212,0.010,0.014,-0.027,0.000,0.000,0.000,0.000,0.0090,0,0
1019,-1.0391,-1.5550,0.0097,0.0052,-0.0069,0.0030,-1.48,0.77,-1.72,0,4.028,-0.134,-0.277,0.301,0.014,-0.028,0.000,0.000,0.000,0.000,0.0090,0,0
1070,-1.0401,-1.5542,0.0093,0.0003,-0.0028,0.0014,-1.47,0.76,-1.72,0,4.033,0.025,-0.068,0.169,0.014,-0.027,0.000,0.000,0.000,0.000,0.0080,0,-1
1121,-1.0393,-1.5551,0.0094,0.0048,-0.0079,0.0021,-1.46,0.76,-1.71,0,4.028,-0.113,-0.217,-0.195,0.018,-0.024,0.000,0.000,0.000,0.000,0.0090,-1,-3
1173,-1.0407,-1.5542,0.0089,-0.0014,-0.0026,0.0000,-1.47,0.74,-1.71,0,4.033,-0.168,0.007,0.141,0.014,-0.027,0.000,0.000,0.000,0.000,0.0100,-7,0
1224,-1.0390,-1.5548,0.0089,0.0069,-0.0056,0.0016,-1.46,0.76,-1.70,0,4.028,-0.228,-0.187,-0.068,0.015,-0.025,0.000,0.000,0.000,0.000,0.0090,-4,-3
1274,-1.0402,-1.5539,0.0094,0.0017,-0.0014,0.0049,-1.45,0.76,-1.69,0,4.033,0.246,-0.052,-0.551,0.016,-0.028,0.000,0.000,0.000,0.000,0.0080,0,0
1325,-1.0391,-1.5550,0.0097,0.0067,-0.0070,0.0065,-1.44,0.77,-1.68,0,4.028,0.215,0.174,-0.166,0.015,-0.028,0.000,0.000,0.000,0.000,0.0120,2,-4
1376,-1.0402,-1.5541,0.0104,0.0014,-0.0028,0.0104,-1.47,0.77,-1.68,0,4.033,-0.029,0.181,0.105,0.016,-0.027,0.000,0.000,0.000,0.000,0.0100,0,-2
1427,-1.0397,-1.5550,0.0110,0.0039,-0.0067,0.0117,-1.46,0.77,-1.67,0,4.028,-0.164,0.137,0.199,0.013,-0.027,0.000,0.000,0.000,0.000,0.0060,-4,3
1478,-1.0391,-1.5550,0.0090,0.0061,-0.0066,0.0001,-1.47,0.78,-1.66,0,4.033,-0.003,0.065,-0.023,0.014,-0.027,0.000,0.000,0.000,0.000,0.0110,1,0
1529,-1.0391,-1.5547,0.0090,0.0059,-0.0048,0.0011,-1.51,0.83,-1.65,0,4.028,-0.173,0.119,-0.067,0.015,-0.028,0.000,0.000,0.000,0.000,0.0110,-1,-2
1580,-1.0407,-1.5541,0.0106,-0.0016,-0.0021,0.0086,-1.47,0.77,-1.64,0,4.028,0.026,0.361,0.076,0.015,-0.028,0.000,0.000,0.000,0.000,0.0090,7,-1
1631,-1.0393,-1.5528,0.0111,0.0054,0.0036,0.0096,-1.50,0.82,-1.63,0,4.022,-0.354,0.055,0.166,0.015,-0.028,0.000,0.000,0.000,0.000,0.0100,-8,8
1682,-1.0394,-1.5549,0.0103,0.0050,-0.0079,0.0053,-1.46,0.78,-1.63,0,4.033,-0.089,0.316,0.132,0.011,-0.027,0.000,0.000,0.000,0.000,0.0070,-3,-4
1733,-1.0402,-1.5535,0.0107,0.0009,-0.0015,0.0067,-1.46,0.76,-1.62,0,4.022,0.043,-0.048,-0.008,0.015,-0.027,0.000,0.000,0.000,0.000,0.0070,4,-4
1784,-1.0401,-1.5537,0.0082,0.0012,-0.0027,-0.0054,-1.44,0.76,-1.61,0,4.033,-0.288,0.076,0.555,0.014,-0.029,0.000,0.000,0.000,0.000,0.0100,-4,3
1835,-1.0391,-1.5550,0.0080,0.0061,-0.0096,-0.0040,-1.46,0.76,-1.60,0,4.028,-0.024,-0.348,-0.121,0.016,-0.028,0.000,0.000,0.000,0.000,0.0120,1,-1
1887,-1.0394,-1.5547,0.0102,0.0045,-0.0073,0.0084,-1.47,0.78,-1.59,0,4.033,0.013,-0.058,0.057,0.014,-0.027,0.000,0.000,0.000,0.000,0.0130,0,-1
1938,-1.0395,-1.5548,0.0107,0.0035,-0.0075,0.0093,-1.48,0.80,-1.59,0,4.028,-0.044,-0.124,-0.040,0.014,-0.028,0.000,0.000,0.000,0.000,0.0110,3,-5
1988,-1.0413,-1.5528,0.0119,-0.0060,0.0025,0.0129,-1.47,0.78,-1.58,0,4.033,-0.208,-0.148,-0.061,0.013,-0.027,0.000,0.000,0.000,0.000,0.0110,0,-1
2040,-1.0396,-1.5547,0.0126,0.0030,-0.0071,0.0143,-1.47,0.79,-1.58,0,4.022,-0.132,-0.171,0.071,0.015,-0.027,0.000,0.000,0.000,0.000,0.0120,0,0
2090,-1.0404,-1.5537,0.0123,-0.0012,-0.0014,0.0109,-1.48,0.79,-1.57,0,4.033,0.044,0.139,0.246,0.013,-0.029,0.000,0.000,0.000,0.000,0.0080,3,-4
2141,-1.0402,-1.5537,0.0129,-0.0002,-0.0017,0.0121,-1.46,0.77,-1.57,0,4.028,-0.027,-0.204,-0.376,0.014,-0.026,0.000,0.000,0.000,0.000,0.0110,-3,1
2193,-1.0395,-1.5545,0.0109,0.0036,-0.0058,0.0022,-1.48,0.78,-1.56,0,4.033,-0.044,-0.264,-0.105,0.016,-0.026,0.000,0.000,0.000,0.000,0.0110,-8,-1
2244,-1.0395,-1.5548,0.0111,0.0039,-0.0066,0.0040,-1.49,0.78,-1.56,0,4.022,0.006,-0.189,0.045,0.012,-0.030,0.000,0.000,0.000,0.000,0.0100,1,0
2294,-1.0393,-1.5545,0.0108,0.0052,-0.0057,0.0019,-1.49,0.78,-1.55,0,4.033,0.179,-0.014,-0.078,0.014,-0.027,0.000,0.000,0.000,0.000,0.0100,-5,-3
2345,-1.0400,-1.5540,0.0109,0.0011,-0.0028,0.0034,-1.51,0.82,-1.54,0,4.028,-0.083,0.099,0.036,0.013,-0.028,0.000,0.000,0.000,0.000,0.0080,2,-6
2397,-1.0408,-1.5540,0.0096,-0.0037,-0.0036,-0.0033,-1.47,0.77,-1.53,0,4.033,0.092,0.248,-0.257,0.016,-0.028,0.000,0.000,0.000,0.000,0.0100,-2,1
2448,-1.0396,-1.5544,0.0095,0.0037,-0.0060,-0.0022,-1.51,0.81,-1.52,0,4.028,0.171,0.030,-0.112,0.013,-0.027,0.000,0.000,0.000,0.000,0.0110,-5,3
2498,-1.0406,-1.5540,0.0103,-0.0023,-0.0038,0.0032,-1.48,0.79,-1.51,0,4.033,0.110,0.079,0.077,0.016,-0.025,0.000,0.000,0.000,0.000,0.0090,0,0
2549,-1.0396,-1.5546,0.0105,0.0043,-0.0071,0.0048,-1.48,0.78,-1.50,0,4.028,0.056,0.060,-0.258,0.014,-0.026,0.000,0.000,0.000,0.000,0.0080,0,-2
2600,-1.0404,-1.5536,0.0092,0.0003,-0.0008,-0.0019,-1.51,0.80,-1.50,0,4.033,0.124,-0.260,-0.014,0.014,-0.028,0.000,0.000,0.000,0.000,0.0100,3,-4
2651,-1.0402,-1.5540,0.0091,0.0021,-0.0037,-0.0007,-1.46,0.75,-1.49,0,4.022,0.032,0.034,-0.022,0.016,-0.028,0.000,0.000,0.000,0.000,0.0110,4,-4
2702,-1.0404,-1.5538,0.0102,0.0012,-0.0023,0.0053,-1.47,0.75,-1.48,0,4.033,0.053,0.131,-0.013,0.014,-0.027,0.000,0.000,0.000,0.000,0.0080,1,0
2754,-1.0392,-1.5546,0.0105,0.0078,-0.0061,0.0069,-1.46,0.77,-1.48,0,4.028,0.076,0.020,-0.143,0.013,-0.025,0.000,0.000,0.000,0.000,0.0090,4,-4
2804,-1.0401,-1.5538,0.0093,0.0014,-0.0017,0.0007,-1.51,0.82,-1.47,0,4.033,-0.153,0.061,0.019,0.014,-0.029,0.000,0.000,0.000,0.000,0.0100,0,-1
2855,-1.0394,-1.5530,0.0094,0.0057,0.0031,0.0016,-1.45,0.76,-1.46,0,4.028,-0.184,-0.137,-0.067,0.016,-0.025,0.000,0.000,0.000,0.000,0.0120,-8,0
2907,-1.0393,-1.5547,0.0107,0.0064,-0.0068,0.0085,-1.47,0.79,-1.46,0,4.033,0.190,0.019,0.096,0.016,-0.027,0.000,0.000,0.000,0.000,0.0110,1,-1
2957,-1.0395,-1.5544,0.0112,0.0048,-0.0052,0.0098,-1.45,0.79,-1.45,0,4.022,-0.114,0.072,0.093,0.014,-0.028,0.000,0.000,0.000,0.000,0.0110,4,-4
3008,-1.0404,-1.5538,0.0113,0.0005,-0.0017,0.0090,-1.44,0.76,-1.45,0,4.033,-0.397,-0.154,0.168,0.016,-0.024,0.000,0.000,0.000,0.000,0.0090,-8,0
3059,-1.0393,-1.5547,0.0119,0.0067,-0.0067,0.0113,-1.43,0.74,-1.44,0,4.028,-0.118,-0.208,-0.015,0.015,-0.028,0.000,0.000,0.000,0.000,0.0070,3,-3
3111,-1.0401,-1.5541,0.0094,0.0016,-0.0032,-0.0021,-1.47,0.76,-1.44,0,4.028,0.090,-0.159,0.190,0.015,-0.029,0.000,0.000,0.000,0.000,0.0100,0,0
3162,-1.0392,-1.5548,0.0094,0.0058,-0.0075,-0.0008,-1.47,0.80,-1.43,0,4.022,0.122,0.204,-0.001,0.015,-0.026,0.000,0.000,0.000,0.000,0.0110,0,0
3214,-1.0392,-1.5548,0.0102,0.0058,-0.0068,0.0048,-1.47,0.79,-1.42,0,4.033,0.060,-0.189,0.025,0.014,-0.029,0.000,0.000,0.000,0.000,0.0080,0,-1
3264,-1.0394,-1.5549,0.0105,0.0046,-0.0068,0.0063,-1.48,0.79,-1.42,0,3.795,0.533,0.103,-0.069,0.008,-0.029,0.000,0.000,0.000,0.000,0.0110,0,-9
3316,-1.0417,-1.5527,0.0102,-0.0081,0.0046,0.0054,-1.49,0.80,-1.42,0,3.674,-0.277,-1.704,0.296,0.006,-0.031,0.000,0.000,0.000,0.000,0.0080,-8,-1
3366,-1.0394,-1.5550,0.0106,-0.0015,0.0039,0.0074,-1.48,0.89,-1.40,0,3.743,0.259,-0.172,-1.775,-0.008,-0.023,0.000,0.000,0.000,0.000,0.0090,0,2
3417,-1.0409,-1.5527,0.0094,-0.0134,0.0238,0.0015,-1.48,0.90,-1.43,0,3.774,-0.542,-0.138,-1.537,0.009,-0.038,0.000,0.000,0.000,0.000,0.0080,3,0
3469,-1.0417,-1.5501,0.0096,-0.0201,0.0426,0.0062,-1.54,0.93,-1.45,0,3.779,-1.230,-1.448,2.078,0.014,-0.044,0.000,0.000,0.000,0.000,0.0060,-1,-3
3520,-1.0426,-1.5488,0.0078,-0.0269,0.0510,-0.0015,-1.58,0.90,-1.39,0,3.790,-8.108,3.483,2.201,0.004,-0.048,0.000,0.000,0.000,0.000,0.0110,-6,1
3571,-1.0436,-1.5432,0.0074,-0.0319,0.0773,-0.0031,-1.65,0.92,-1.38,0,3.785,1.568,1.016,-8.880,0.019,-0.033,0.000,0.000,0.000,0.000,0.0080,-1,1
3622,-1.0448,-1.5356,0.0084,-0.0365,0.1078,0.0019,-1.79,0.93,-1.74,0,3.790,4.282,3.274,-1.488,0.005,-0.027,0.000,0.000,0.000,0.000,0.0070,-2,0
3674,-1.0473,-1.5294,0.0084,-0.0463,0.1247,0.0021,-1.75,0.91,-1.80,0,3.785,-0.498,-2.004,-1.468,0.001,-0.038,0.000,0.000,0.000,0.000,0.0070,-5,2
3724,-1.0491,-1.5227,0.0075,-0.0507,0.1394,0.0044,-1.68,0.85,-1.74,0,3.785,0.523,0.013,2.624,0.012,-0.025,0.000,0.000,0.000,0.000,0.0070,-11,4
3775,-1.0484,-1.5163,0.0079,-0.0400,0.1490,0.0072,-1.67,0.77,-1.60,0,3.779,4.355,5.203,-1.048,0.011,-0.028,0.000,0.000,0.000,0.000,0.0060,-15,6
3826,-1.0513,-1.5063,0.0068,-0.0497,0.1742,0.0033,-1.69,0.73,-1.69,0,3.785,6.001,-3.897,3.310,0.009,-0.026,0.000,0.000,0.000,0.000,0.0040,9,0
3877,-1.0524,-1.4972,0.0071,-0.0480,0.1875,0.0059,-1.37,0.75,-1.47,0,3.774,-0.774,2.614,5.957,-0.001,-0.039,0.000,0.000,0.000,0.000,0.0060,-6,1
3928,-1.0549,-1.4989,0.0071,-0.0542,0.1442,0.0093,-1.00,0.84,-1.31,0,3.779,2.766,4.700,-2.326,0.010,-0.034,0.000,0.000,0.000,0.000,0.0100,-17,15
3980,-1.0623,-1.4978,0.0083,-0.0833,0.1217,0.0180,-0.78,0.99,-1.40,0,3.774,13.461,5.483,-6.292,0.024,-0.021,0.000,0.000,0.000,0.000,0.0070,-6,3
4030,-1.0716,-1.4820,0.0077,-0.1164,0.1740,0.0086,-0.48,1.06,-1.63,0,3.774,-2.430,-3.193,-2.584,0.021,-0.031,0.000,0.000,0.000,0.000,0.0050,-3,5
4081,-1.0761,-1.4742,0.0085,-0.1170,0.1732,0.0066,-0.33,0.98,-1.90,0,3.758,10.766,5.803,-3.533,0.009,-0.027,0.000,0.000,0.000,0.000,0.0040,-3,2
4132,-1.0829,-1.4678,0.0060,-0.1307,0.1651,0.0031,0.40,0.93,-1.97,0,3.764,24.284,4.273,-3.167,0.012,-0.015,0.000,0.000,0.000,0.000,0.0080,-3,5
4183,-1.0887,-1.4669,0.0077,-0.1345,0.1246,0.0213,1.87,0.93,-2.07,0,3.758,20.972,1.713,0.511,0.019,0.005,0.000,0.000,0.000,0.000,0.0100,8,5
4234,-1.0944,-1.4712,0.0098,-0.1364,0.0558,0.0261,3.50,0.70,-2.37,0,3.758,10.970,-2.741,4.473,0.018,0.009,0.000,0.000,0.000,0.000,0.0070,16,-3
4285,-1.0971,-1.4870,0.0095,-0.1237,-0.0618,0.0159,4.85,0.44,-2.55,0,3.748,-12.144,10.334,16.553,0.006,0.019,0.000,0.000,0.000,0.000,0.0080,57,-4
4337,-1.0966,-1.5132,0.0053,-0.0987,-0.2052,-0.0065,5.51,-0.45,-2.59,0,3.743,-30.908,20.335,22.713,0.002,0.007,0.000,0.000,0.000,0.000,0.0060,36,0
4388,-1.0932,-1.5574,-0.0122,-0.0647,-0.4070,-0.1009,5.50,-1.54,-1.94,0,3.711,-76.009,32.843,19.457,0.007,-0.003,0.000,0.000,0.000,0.000,0.0090,92,-10
4439,-1.0915,-1.6082,-0.0134,-0.0348,-0.5926,-0.1039,3.30,-3.37,-1.50,0,3.700,-4.137,-41.321,40.556,-0.018,-0.014,0.000,0.000,0.000,0.000,0.0070,52,-42
4490,-1.0775,-1.6581,-0.0353,0.0538,-0.6996,-0.1577,1.84,-3.16,-3.75,0,3.700,-90.699,-34.556,34.826,0.003,-0.011,0.000,0.000,0.000,0.000,0.0110,16,-16
4540,-1.0617,-1.7155,-0.0115,0.1283,-0.7704,0.0308,-3.72,-2.92,-5.37,0,3.727,-142.497,-39.497,30.734,0.005,-0.024,0.000,0.000,0.000,0.000,0.0000,0,-25
4592,-1.0487,-1.7410,0.0050,0.1975,-0.6176,0.1432,-11.95,-1.32,-8.57,0,3.743,-35.947,-29.571,47.522,0.001,-0.024,0.000,0.000,0.000,0.000,0.0000,14,-5
4642,-1.0482,-1.7242,0.0116,0.2398,-0.2333,0.1399,-15.49,0.35,-9.43,0,3.732,134.753,-59.082,51.497,0.003,-0.022,0.000,0.000,0.000,0.000,0.0000,-7,-15
4694,-1.0440,-1.7385,0.0202,0.2165,-0.1284,0.1103,-9.38,3.03,-7.39,0,3.706,96.900,1.022,49.750,-0.003,-0.048,0.000,0.000,0.000,0.000,0.0000,-6,11
4744,-1.0610,-1.7432,0.0094,0.1120,-0.0136,0.0009,-5.18,4.52,-9.71,0,3.700,-13.090,52.979,59.182,-0.001,-0.032,0.000,0.000,0.000,0.000,0.0000,-32,40
4795,-1.0873,-1.7319,0.0051,0.0004,0.1408,-0.0222,-5.09,3.44,-11.71,0,3.684,54.601,57.137,66.205,0.006,-0.017,0.000,0.000,0.000,0.000,0.0000,2,6
4846,-1.1168,-1.7240,-0.0017,-0.0925,0.2389,-0.0357,-3.60,0.29,-8.63,0,3.684,127.648,34.595,40.334,0.005,-0.044,0.000,0.000,0.000,0.000,0.0000,-38,15
4897,-1.1190,-1.7172,-0.0003,-0.0885,0.2331,0.0062,2.27,-1.07,-8.39,0,3.690,39.991,6.829,27.743,-0.014,-0.034,0.000,0.000,0.000,0.000,0.0000,-11,13
4949,-1.1375,-1.7082,-0.0002,-0.1263,0.2110,0.0495,5.77,-1.89,-6.91,0,3.695,-25.770,16.733,26.786,-0.003,-0.025,0.000,0.000,0.000,0.000,0.0000,9,5
4999,-1.1252,-1.6892,0.0040,-0.0216,0.1984,0.0827,4.65,-2.98,-5.62,0,3.684,9.197,32.071,28.459,-0.001,-0.021,0.000,0.000,0.000,0.000,0.0120,25,0
5050,-1.1154,-1.6812,0.0085,0.0575,0.1542,0.0988,5.01,-4.66,-4.12,0,3.695,18.365,-14.173,24.444,0.004,-0.015,0.000,0.000,0.000,0.000,0.0190,0,-44
5102,-1.1008,-1.6882,0.0123,0.1604,0.0542,0.1080,5.80,-5.44,-5.22,0,3.684,-58.715,-78.394,29.871,-0.003,-0.021,0.000,0.000,0.000,0.000,0.0250,-6,-29
5153,-1.0687,-1.6904,0.0164,0.3626,0.0322,0.1059,3.41,-3.35,-7.79,0,3.669,-33.453,-92.640,35.129,-0.008,-0.006,0.000,0.000,0.000,0.000,0.0330,-12,-55
5203,-1.0419,-1.6932,0.0158,0.4409,0.0069,0.0971,1.01,0.71,-8.27,0,3.679,33.538,-93.383,24.551,-0.009,-0.016,0.000,0.000,0.000,0.000,0.0430,-16,-65
5254,-1.0212,-1.6904,0.0375,0.4022,0.0002,0.2063,1.86,5.93,-5.76,0,3.695,15.739,-22.386,15.149,-0.016,-0.019,0.000,0.000,0.000,0.000,0.0680,5,-4
5306,-1.0080,-1.6954,0.0506,0.3063,-0.0497,0.2265,3.32,8.49,-3.84,0,3.700,-39.878,14.357,9.229,-0.002,-0.011,0.000,0.000,0.000,0.000,0.0810,2,-6
5356,-0.9970,-1.6954,0.0756,0.2095,-0.0643,0.2775,1.42,8.20,-2.39,0,3.706,-23.791,29.643,9.470,0.000,-0.004,0.000,0.000,0.000,0.000,0.0840,5,2
5408,-0.9903,-1.6896,0.0894,0.1245,-0.0424,0.2600,-0.35,6.98,-1.23,0,3.695,19.359,13.122,5.784,0.004,-0.008,0.000,0.000,0.000,0.000,0.0770,-26,-23
5458,-0.9915,-1.6864,0.0912,0.0404,-0.0303,0.1887,-0.31,6.07,0.54,0,3.684,2.950,42.589,1.798,0.007,-0.014,0.000,0.000,0.000,0.000,0.0870,-10,1
5510,-0.9817,-1.6724,0.0999,0.0183,0.0198,0.1566,0.01,4.10,1.44,0,3.669,-2.983,30.637,-1.392,0.006,-0.012,0.000,0.000,0.000,0.000,0.0780,-1,5
5560,-0.9780,-1.6613,0.0913,-0.0051,0.0460,0.0614,-0.15,2.39,1.67,0,3.653,15.962,6.667,-3.242,0.007,-0.016,0.000,0.000,0.000,0.000,0.0780,-9,-3
5611,-0.9812,-1.6616,0.0944,-0.0334,0.0371,0.0628,0.40,1.83,1.62,0,3.637,-12.007,23.072,-3.991,0.005,-0.019,0.000,0.000,0.000,0.000,0.0820,0,5
5662,-0.9780,-1.6544,0.0860,-0.0304,0.0501,0.0185,0.26,0.83,1.59,0,3.637,-36.123,8.820,-3.306,0.006,-0.011,0.000,0.000,0.000,0.000,0.0800,5,3
5713,-0.9803,-1.6515,0.0874,-0.0390,0.0520,0.0435,-1.28,0.14,1.35,0,3.626,-3.146,0.034,-4.627,0.005,-0.011,0.000,0.000,0.000,0.000,0.0860,3,5
5764,-0.9802,-1.6510,0.0867,-0.0298,0.0575,0.0690,-1.75,-0.03,1.03,0,3.637,7.148,6.395,-4.355,0.005,-0.013,0.000,0.000,0.000,0.000,0.0900,-12,0
5815,-0.9822,-1.6503,0.0914,-0.0307,0.0631,0.1140,-1.48,-0.28,0.89,0,3.637,-7.317,8.170,-4.869,0.004,-0.011,0.000,0.000,0.000,0.000,0.1050,0,1
5866,-0.9816,-1.6450,0.1012,-0.0185,0.0820,0.1719,-1.61,-0.76,0.68,0,3.653,-3.107,-5.530,-4.180,0.005,-0.012,0.000,0.000,0.000,0.000,0.1140,1,1
5917,-0.9816,-1.6442,0.1113,-0.0085,0.0799,0.2157,-1.66,-0.56,0.50,0,3.658,5.483,-0.766,-3.165,0.002,-0.016,0.000,0.000,0.000,0.000,0.1280,-6,0
5968,-0.9833,-1.6431,0.1270,-0.0091,0.0779,0.2658,-1.33,-0.42,0.36,0,3.669,-3.755,2.057,-2.887,0.003,-0.015,0.000,0.000,0.000,0.000,0.1400,-1,1
6020,-0.9898,-1.6414,0.1413,-0.0330,0.0829,0.2870,-1.32,-0.29,-0.02,0,3.669,-4.491,2.708,-2.329,0.005,-0.013,0.000,0.000,0.000,0.000,0.1550,-4,-1
6071,-0.9894,-1.6378,0.1564,-0.0219,0.0885,0.2973,-1.50,-0.44,0.02,0,3.679,4.005,0.655,-1.553,0.008,-0.011,0.000,0.000,0.000,0.000,0.1620,1,0
6121,-0.9916,-1.6363,0.1714,-0.0235,0.0859,0.2979,-1.22,-0.44,0.00,0,3.669,4.324,-2.516,-0.419,0.005,-0.015,0.000,0.000,0.000,0.000,0.1820,-3,-2
6173,-0.9918,-1.6308,0.1825,-0.0162,0.1010,0.2761,-1.25,-0.35,-0.02,0,3.674,1.581,-3.933,0.059,0.002,-0.015,0.000,0.000,0.000,0.000,0.1920,-8,-2
6223,-0.9918,-1.6261,0.1961,-0.0113,0.1085,0.2647,-1.17,-0.17,-0.05,0,3.669,1.031,-9.880,0.355,0.010,-0.013,0.000,0.000,0.000,0.000,0.2090,0,0
6275,-0.9907,-1.6189,0.2087,-0.0044,0.1229,0.2509,-1.02,0.16,-0.01,0,3.679,2.987,-6.885,0.740,0.005,-0.017,0.000,0.000,0.000,0.000,0.2170,-1,0
6326,-0.9900,-1.6112,0.2208,-0.0024,0.1360,0.2350,-0.68,0.38,0.06,0,3.669,4.005,-2.679,0.428,0.005,-0.014,0.000,0.000,0.000,0.000,0.2270,-4,-2
6377,-0.9900,-1.6065,0.2297,-0.0054,0.1329,0.2069,-0.36,0.54,0.13,0,3.674,2.900,-6.320,0.642,0.001,-0.018,0.000,0.000,0.000,0.000,0.2440,0,-1
6427,-0.9898,-1.6048,0.2397,-0.0088,0.1175,0.1907,-0.05,0.84,0.25,0,3.669,-2.768,-5.442,1.463,0.003,-0.014,0.000,0.000,0.000,0.000,0.2520,0,-2
6479,-0.9880,-1.6016,0.2524,-0.0087,0.1087,0.1890,-0.16,1.12,0.42,0,3.674,-4.230,-2.444,1.094,0.002,-0.016,0.000,0.000,0.000,0.000,0.2590,0,0
6530,-0.9867,-1.5968,0.2615,-0.0122,0.1080,0.1726,-0.35,1.23,0.48,0,3.669,-1.130,-3.897,0.935,0.004,-0.015,0.000,0.000,0.000,0.000,0.2700,0,0
6580,-0.9875,-1.5914,0.2697,-0.0227,0.1111,0.1570,-0.43,1.41,0.56,0,3.674,2.280,-1.788,0.238,0.006,-0.013,0.000,0.000,0.000,0.000,0.2780,-10,-3
6631,-0.9846,-1.5884,0.2772,-0.0224,0.1062,0.1428,-0.38,1.40,0.63,0,3.663,2.092,1.168,-0.989,0.003,-0.013,0.000,0.000,0.000,0.000,0.2810,0,2
6682,-0.9827,-1.5783,0.2835,-0.0255,0.1211,0.1246,-0.30,1.33,0.60,0,3.669,2.925,-3.518,-0.771,0.005,-0.017,0.000,0.000,0.000,0.000,0.2920,0,1
6733,-0.9859,-1.5759,0.2894,-0.0410,0.1139,0.1107,-0.20,1.37,0.58,0,3.663,1.916,2.845,0.852,0.002,-0.015,0.000,0.000,0.000,0.000,0.2950,0,0
6784,-0.9838,-1.5663,0.2960,-0.0420,0.1247,0.1040,-0.13,1.37,0.62,0,3.663,2.502,2.099,0.033,0.003,-0.012,0.000,0.000,0.000,0.000,0.2980,-1,0
6835,-0.9874,-1.5646,0.3009,-0.0561,0.1146,0.0914,0.05,1.31,0.64,0,3.658,-0.551,0.487,1.488,0.004,-0.015,0.000,0.000,0.000,0.000,0.3020,0,3
6886,-0.9902,-1.5641,0.3033,-0.0663,0.1019,0.0715,0.10,1.29,0.68,0,3.658,-3.192,2.161,1.813,0.000,-0.014,0.000,0.000,0.000,0.000,0.3060,0,0
6938,-0.9946,-1.5602,0.3067,-0.0787,0.0983,0.0620,-0.01,1.19,0.76,0,3.653,-2.950,3.313,0.637,0.006,-0.017,0.000,0.000,0.000,0.000,0.3060,4,4
6988,-0.9980,-1.5586,0.3081,-0.0865,0.0910,0.0472,-0.08,1.06,0.81,0,3.658,-1.766,6.434,-1.263,0.007,-0.015,0.000,0.000,0.000,0.000,0.3080,0,1
7039,-1.0026,-1.5607,0.3099,-0.0956,0.0790,0.0439,-0.15,0.77,0.76,0,3.653,-1.575,4.416,-3.881,0.008,-0.013,0.000,0.000,0.000,0.000,0.3150,3,4
7091,-1.0059,-1.5566,0.3125,-0.0989,0.0800,0.0466,-0.16,0.51,0.59,0,3.653,-3.528,2.666,-5.354,0.006,-0.014,0.000,0.000,0.000,0.000,0.3110,0,2
7141,-1.0109,-1.5563,0.3149,-0.1030,0.0738,0.0468,-0.50,0.36,0.35,0,3.648,-0.627,-2.308,-6.829,0.005,-0.011,0.000,0.000,0.000,0.000,0.3140,4,4
7192,-1.0151,-1.5546,0.3146,-0.1043,0.0734,0.0367,-0.48,0.52,0.03,0,3.653,3.438,0.255,-7.002,0.006,-0.018,0.000,0.000,0.000,0.000,0.3120,-3,0
7243,-1.0225,-1.5586,0.3165,-0.1130,0.0617,0.0392,-0.41,0.55,-0.29,0,3.642,-4.404,2.775,-7.040,0.010,-0.016,0.000,0.000,0.000,0.000,0.3180,2,4
7294,-1.0259,-1.5558,0.3168,-0.1128,0.0645,0.0339,-0.54,0.41,-0.62,0,3.648,-0.868,1.560,-7.568,0.010,-0.015,0.000,0.000,0.000,0.000,0.3190,-2,0
7346,-1.0352,-1.5565,0.3185,-0.1236,0.0610,0.0377,-0.62,0.34,-0.97,0,3.648,4.938,-1.061,-7.289,0.010,-0.012,0.000,0.000,0.000,0.000,0.3210,3,3
7396,-1.0383,-1.5553,0.3208,-0.1201,0.0622,0.0436,-0.44,0.42,-1.32,0,3.648,1.244,2.969,-7.008,0.005,-0.015,0.000,0.000,0.000,0.000,0.3250,0,3
7448,-1.0425,-1.5523,0.3231,-0.1196,0.0661,0.0477,-0.41,0.30,-1.66,0,3.648,-0.314,5.020,-6.820,0.007,-0.016,0.000,0.000,0.000,0.000,0.3250,0,2
7499,-1.0479,-1.5531,0.3258,-0.1208,0.0617,0.0513,-0.39,0.09,-1.97,0,3.653,1.196,-2.544,-5.634,0.009,-0.017,0.000,0.000,0.000,0.000,0.3260,-1,2
7550,-1.0522,-1.5489,0.3284,-0.1179,0.0673,0.0523,-0.44,0.14,-2.26,0,3.642,5.594,-4.293,-6.464,0.010,-0.018,0.000,0.000,0.000,0.000,0.3250,0,0
7600,-1.0592,-1.5489,0.3277,-0.1210,0.0641,0.0376,-0.31,0.36,-2.55,0,3.648,2.702,-1.122,-3.846,0.009,-0.013,0.000,0.000,0.000,0.000,0.3280,0,2
7651,-1.0647,-1.5462,0.3296,-0.1225,0.0658,0.0392,-0.11,0.39,-2.76,0,3.637,1.030,1.330,-1.024,0.008,-0.021,0.000,0.000,0.000,0.000,0.3280,-1,1
7703,-1.0706,-1.5482,0.3296,-0.1252,0.0562,0.0312,-0.03,0.32,-2.82,0,3.648,-1.528,1.003,0.818,0.010,-0.015,0.000,0.000,0.000,0.000,0.3320,-5,0
7753,-1.0755,-1.5468,0.3312,-0.1254,0.0538,0.0345,-0.06,0.29,-2.79,0,3.637,-0.555,0.246,2.521,0.009,-0.016,0.000,0.000,0.000,0.000,0.3330,3,3
7804,-1.0782,-1.5429,0.3332,-0.1210,0.0563,0.0397,0.02,0.32,-2.67,0,3.648,0.404,-1.988,3.547,0.006,-0.015,0.000,0.000,0.000,0.000,0.3380,0,2
7855,-1.0840,-1.5434,0.3353,-0.1231,0.0498,0.0438,0.03,0.44,-2.51,0,3.642,0.019,-2.430,4.350,0.004,-0.012,0.000,0.000,0.000,0.000,0.3380,9,5
7907,-1.0899,-1.5388,0.3385,-0.1262,0.0536,0.0504,0.10,0.50,-2.31,0,3.648,-0.896,-2.928,4.002,0.010,-0.021,0.000,0.000,0.000,0.000,0.3400,0,4
7957,-1.0942,-1.5404,0.3411,-0.1262,0.0449,0.0523,0.14,0.58,-2.13,0,3.642,2.330,2.226,4.176,0.004,-0.018,0.000,0.000,0.000,0.000,0.3450,8,5
8008,-1.1004,-1.5373,0.3439,-0.1306,0.0459,0.0536,0.11,0.52,-1.91,0,3.653,-0.254,2.719,7.054,0.006,-0.016,0.000,0.000,0.000,0.000,0.3460,-4,0
8059,-1.1075,-1.5372,0.3466,-0.1357,0.0412,0.0522,0.10,0.36,-1.61,0,3.642,7.411,-0.980,6.517,0.005,-0.015,0.000,0.000,0.000,0.000,0.3510,-5,-1
8110,-1.1143,-1.5390,0.3497,-0.1392,0.0321,0.0540,0.28,0.50,-1.24,0,3.653,0.410,-1.875,7.987,0.004,-0.014,0.000,0.000,0.000,0.000,0.3530,6,4
8162,-1.1207,-1.5342,0.3523,-0.1426,0.0359,0.0504,0.27,0.63,-0.83,0,3.642,-1.824,4.787,7.382,0.006,-0.014,0.000,0.000,0.000,0.000,0.3530,-6,1
8212,-1.1270,-1.5364,0.3542,-0.1457,0.0257,0.0421,0.16,0.41,-0.45,0,3.648,3.144,-0.436,5.830,0.008,-0.013,0.000,0.000,0.000,0.000,0.3520,0,1
8263,-1.1347,-1.5358,0.3562,-0.1502,0.0224,0.0367,0.31,0.41,-0.13,0,3.637,-3.175,0.692,4.579,0.005,-0.014,0.000,0.000,0.000,0.000,0.3550,0,4
8314,-1.1412,-1.5350,0.3554,-0.1512,0.0196,0.0190,0.14,0.40,0.12,0,3.642,-1.416,1.104,3.875,0.009,-0.015,0.000,0.000,0.000,0.000,0.3560,-1,3
8365,-1.1483,-1.5454,0.3563,-0.1533,-0.0051,0.0157,0.26,0.36,0.35,0,3.637,-4.875,3.668,3.747,0.008,-0.015,0.000,0.000,0.000,0.000,0.3560,-1,1
8416,-1.1577,-1.5483,0.3565,-0.1592,-0.0120,0.0100,0.09,0.17,0.55,0,3.637,-2.391,0.348,3.796,0.006,-0.013,0.000,0.000,0.000,0.000,0.3550,-1,3
8467,-1.1635,-1.5469,0.3570,-0.1560,-0.0078,0.0096,-0.01,0.07,0.76,0,3.632,1.282,-0.997,3.504,0.007,-0.017,0.000,0.000,0.000,0.000,0.3570,-1,0
8518,-1.1738,-1.5612,0.3566,-0.1617,-0.0347,0.0059,-0.06,0.06,0.93,0,3.637,-3.697,1.207,2.276,0.008,-0.017,0.000,0.000,0.000,0.000,0.3540,-3,-1
8569,-1.1826,-1.5663,0.3570,-0.1641,-0.0414,0.0080,-0.23,0.07,1.05,0,3.632,-4.894,4.744,2.546,0.009,-0.014,0.000,0.000,0.000,0.000,0.3560,-8,0
8620,-1.1911,-1.5694,0.3559,-0.1653,-0.0424,0.0039,-0.49,-0.07,1.19,0,3.637,-0.491,2.787,1.863,0.009,-0.011,0.000,0.000,0.000,0.000,0.3570,0,3
8672,-1.2016,-1.5826,0.3562,-0.1697,-0.0628,0.0065,-0.37,-0.14,1.33,0,3.632,-3.363,2.460,3.350,0.008,-0.015,0.000,0.000,0.000,0.000,0.3580,-2,1
8722,-1.2074,-1.5740,0.3574,-0.1632,-0.0359,0.0123,-0.50,-0.29,1.42,0,3.637,2.082,1.113,2.464,0.007,-0.015,0.000,0.000,0.000,0.000,0.3570,0,2
8773,-1.2144,-1.5725,0.3581,-0.1582,-0.0247,0.0139,-0.41,-0.36,1.51,0,3.632,6.292,-0.126,0.875,0.009,-0.009,0.000,0.000,0.000,0.000,0.3570,0,1
8824,-1.2210,-1.5708,0.3577,-0.1529,-0.0152,0.0098,-0.12,-0.37,1.56,0,3.637,5.964,-1.004,-0.128,0.006,-0.013,0.000,0.000,0.000,0.000,0.3570,-4,0
8876,-1.2301,-1.5711,0.3582,-0.1530,-0.0131,0.0104,0.09,-0.35,1.56,0,3.632,8.730,-2.536,0.287,0.005,-0.010,0.000,0.000,0.000,0.000,0.3580,-1,2
8926,-1.2369,-1.5701,0.3581,-0.1487,-0.0108,0.0085,0.46,-0.27,1.58,0,3.637,4.544,-1.817,-0.462,0.011,-0.014,0.000,0.000,0.000,0.000,0.3570,0,3
8977,-1.2434,-1.5679,0.3585,-0.1442,-0.0085,0.0091,0.71,-0.24,1.56,0,3.626,3.239,0.017,-1.743,0.007,-0.012,0.000,0.000,0.000,0.000,0.3590,-5,2
9028,-1.2509,-1.5682,0.3585,-0.1425,-0.0141,0.0081,0.77,-0.26,1.48,0,3.637,5.279,-4.177,-1.587,0.008,-0.016,0.000,0.000,0.000,0.000,0.3610,0,1
9080,-1.2610,-1.5654,0.3590,-0.1467,-0.0137,0.0104,1.01,-0.11,1.42,0,3.632,4.966,0.272,-2.744,0.007,-0.015,0.000,0.000,0.000,0.000,0.3600,0,2
9131,-1.2673,-1.5638,0.3604,-0.1434,-0.0169,0.0156,1.16,-0.11,1.28,0,3.632,-2.022,-0.281,-3.037,0.010,-0.010,0.000,0.000,0.000,0.000,0.3610,0,2
9181,-1.2734,-1.5638,0.3612,-0.1398,-0.0240,0.0168,1.00,-0.23,1.13,0,3.626,1.402,-1.814,-1.738,0.006,-0.011,0.000,0.000,0.000,0.000,0.3580,0,1
9233,-1.2804,-1.5599,0.3603,-0.1377,-0.0219,0.0073,1.06,-0.14,1.03,0,3.632,3.348,-0.976,-1.162,0.003,-0.015,0.000,0.000,0.000,0.000,0.3580,0,3
9283,-1.2854,-1.5613,0.3607,-0.1325,-0.0313,0.0076,1.31,-0.05,0.93,0,3.626,-0.251,1.397,-2.885,0.004,-0.012,0.000,0.000,0.000,0.000,0.3590,0,1
9334,-1.2959,-1.5677,0.3593,-0.1401,-0.0523,-0.0000,1.36,-0.06,0.87,0,3.632,-2.656,3.082,-1.813,0.008,-0.010,0.000,0.000,0.000,0.000,0.3610,-3,0
9385,-1.3014,-1.5644,0.3594,-0.1361,-0.0506,0.0006,1.08,-0.28,0.74,0,3.626,-0.418,0.024,-2.082,0.009,-0.012,0.000,0.000,0.000,0.000,0.3580,0,-1
9436,-1.3067,-1.5618,0.3593,-0.1307,-0.0487,0.0007,1.09,-0.29,0.64,0,3.632,1.260,0.946,-1.348,0.008,-0.011,0.000,0.000,0.000,0.000,0.3600,1,0
9487,-1.3136,-1.5655,0.3595,-0.1290,-0.0592,0.0033,1.13,-0.29,0.54,0,3.626,-1.681,0.025,-2.299,0.009,-0.010,0.000,0.000,0.000,0.000,0.3550,3,4
9539,-1.3192,-1.5699,0.3579,-0.1245,-0.0708,-0.0048,1.06,-0.33,0.41,0,3.626,-4.864,-1.719,-2.972,0.008,-0.013,0.000,0.000,0.000,0.000,0.3590,1,1
9589,-1.3271,-1.5755,0.3577,-0.1250,-0.0834,-0.0039,0.94,-0.31,0.26,0,3.621,-7.970,-1.741,-2.896,0.011,-0.006,0.000,0.000,0.000,0.000,0.3560,9,5
9641,-1.3321,-1.5754,0.3573,-0.1200,-0.0821,-0.0022,0.78,-0.25,0.11,0,3.626,-0.145,-1.327,-3.733,0.010,-0.009,0.000,0.000,0.000,0.000,0.3580,1,0
9691,-1.3409,-1.5859,0.3573,-0.1235,-0.1010,0.0017,0.70,-0.23,-0.07,0,3.621,-5.448,-0.810,-3.482,0.004,-0.014,0.000,0.000,0.000,0.000,0.3550,10,6
9742,-1.3461,-1.5878,0.3567,-0.1197,-0.0997,0.0005,0.50,-0.23,-0.24,0,3.626,1.356,3.451,-5.019,0.009,-0.009,0.000,0.000,0.000,0.000,0.3590,0,1
9793,-1.3560,-1.6011,0.3567,-0.1258,-0.1210,0.0033,0.43,-0.27,-0.43,0,3.621,-3.375,3.633,-3.499,0.009,-0.012,0.000,0.000,0.000,0.000,0.3580,1,0
9844,-1.3659,-1.6091,0.3581,-0.1315,-0.1290,0.0110,0.26,-0.40,-0.58,0,3.626,-6.557,-0.394,-2.086,0.008,-0.009,0.000,0.000,0.000,0.000,0.3580,1,0
9895,-1.3696,-1.6102,0.3587,-0.1223,-0.1197,0.0123,-0.03,-0.48,-0.74,0,3.621,1.633,2.984,-2.624,0.007,-0.007,0.000,0.000,0.000,0.000,0.3560,0,2
9946,-1.3736,-1.6117,0.3577,-0.1141,-0.1101,0.0046,-0.11,-0.54,-0.89,0,3.626,-0.575,-0.644,-1.835,0.010,-0.009,0.000,0.000,0.000,0.000,0.3600,8,3
9997,-1.3802,-1.6162,0.3580,-0.1114,-0.1078,0.0057,0.10,-0.55,-0.97,0,3.621,3.766,-1.098,-1.779,0.005,-0.013,0.000,0.000,0.000,0.000,0.3560,0,1
10048,-1.3862,-1.6248,0.3580,-0.1076,-0.1147,0.0049,0.13,-0.51,-1.04,0,3.626,3.616,1.939,-0.843,0.008,-0.007,0.000,0.000,0.000,0.000,0.3620,0,2
10099,-1.3904,-1.6256,0.3583,-0.1007,-0.1058,0.0049,0.17,-0.62,-1.08,0,3.621,-1.785,1.363,-0.035,0.007,-0.009,0.000,0.000,0.000,0.000,0.3570,4,3
10150,-1.3964,-1.6284,0.3591,-0.0974,-0.1021,0.0062,0.24,-0.64,-1.11,0,3.626,-0.575,-3.027,-0.344,0.007,-0.011,0.000,0.000,0.000,0.000,0.3610,0,0
10202,-1.4019,-1.6353,0.3594,-0.0934,-0.1078,0.0053,0.34,-0.54,-1.13,0,3.621,1.151,0.557,1.265,0.006,-0.009,0.000,0.000,0.000,0.000,0.3590,0,1
10252,-1.4063,-1.6389,0.3599,-0.0886,-0.1071,0.0040,0.39,-0.50,-1.11,0,3.621,4.132,2.384,0.531,0.006,-0.009,0.000,0.000,0.000,0.000,0.3610,0,1
10303,-1.4139,-1.6490,0.3600,-0.0913,-0.1208,0.0022,0.56,-0.55,-1.06,0,3.616,0.115,2.161,1.097,0.004,-0.009,0.000,0.000,0.000,0.000,0.3590,1,0
10354,-1.4174,-1.6523,0.3600,-0.0847,-0.1204,-0.0016,0.52,-0.67,-1.01,0,3.621,-1.964,-0.405,1.504,0.006,-0.008,0.000,0.000,0.000,0.000,0.3610,10,3
10405,-1.4201,-1.6534,0.3598,-0.0763,-0.1146,-0.0041,0.49,-0.63,-0.93,0,3.616,2.795,-0.067,2.163,0.003,-0.008,0.000,0.000,0.000,0.000,0.3580,0,0
10456,-1.4274,-1.6701,0.3593,-0.0782,-0.1397,-0.0068,0.58,-0.57,-0.82,0,3.621,-1.477,1.988,2.326,0.003,-0.010,0.000,0.000,0.000,0.000,0.3600,1,0
10507,-1.4299,-1.6739,0.3589,-0.0709,-0.1383,-0.0079,0.48,-0.62,-0.70,0,3.616,-3.569,0.133,2.664,0.009,-0.008,0.000,0.000,0.000,0.000,0.3560,4,3
10558,-1.4325,-1.6836,0.3578,-0.0643,-0.1479,-0.0123,0.38,-0.58,-0.54,0,3.621,-4.105,-1.859,2.803,0.005,-0.006,0.000,0.000,0.000,0.000,0.3550,0,0
10609,-1.4377,-1.6915,0.3571,-0.0628,-0.1513,-0.0128,0.18,-0.55,-0.40,0,3.611,-4.317,1.032,2.015,0.006,-0.011,0.000,0.000,0.000,0.000,0.3550,2,1
10660,-1.4425,-1.7081,0.3551,-0.0615,-0.1700,-0.0181,-0.02,-0.54,-0.26,0,3.616,-5.357,1.174,1.731,0.003,-0.006,0.000,0.000,0.000,0.000,0.3530,0,0
10711,-1.4445,-1.7113,0.3543,-0.0549,-0.1596,-0.0157,-0.28,-0.61,-0.17,0,3.611,-0.081,-1.268,0.221,0.005,-0.007,0.000,0.000,0.000,0.000,0.3540,1,0
10763,-1.4493,-1.7250,0.3533,-0.0543,-0.1683,-0.0143,-0.33,-0.55,-0.13,0,3.616,-1.407,-0.721,-0.087,0.001,-0.011,0.000,0.000,0.000,0.000,0.3540,0,0
10813,-1.4509,-1.7277,0.3527,-0.0477,-0.1550,-0.0098,-0.40,-0.53,-0.14,0,3.611,-0.264,1.241,-0.176,0.009,-0.005,0.000,0.000,0.000,0.000,0.3520,10,3
10864,-1.4522,-1.7338,0.3525,-0.0412,-0.1486,-0.0068,-0.34,-0.55,-0.11,0,3.616,2.260,1.444,-0.039,0.005,-0.010,0.000,0.000,0.000,0.000,0.3530,-1,-1
10915,-1.4598,-1.7513,0.3522,-0.0468,-0.1637,-0.0047,-0.34,-0.60,-0.14,0,3.611,-0.073,0.396,-1.047,0.004,-0.010,0.000,0.000,0.000,0.000,0.3490,0,0
10966,-1.4588,-1.7511,0.3510,-0.0357,-0.1459,-0.0090,-0.41,-0.69,-0.18,0,3.616,-0.285,1.487,-1.095,0.008,-0.009,0.000,0.000,0.000,0.000,0.3500,0,0
11018,-1.4611,-1.7553,0.3506,-0.0309,-0.1369,-0.0064,-0.39,-0.72,-0.26,0,3.611,4.244,-0.724,-1.107,0.003,-0.010,0.000,0.000,0.000,0.000,0.3480,-1,1
11068,-1.4674,-1.7760,0.3491,-0.0336,-0.1592,-0.0102,-0.10,-0.70,-0.33,0,3.616,-2.823,1.354,-1.500,0.005,-0.012,0.000,0.000,0.000,0.000,0.3490,0,0
11120,-1.4680,-1.7735,0.3487,-0.0256,-0.1397,-0.0078,-0.21,-0.80,-0.43,0,3.605,3.394,0.766,-3.828,0.001,-0.014,0.000,0.000,0.000,0.000,0.3460,0,0
11170,-1.4700,-1.7835,0.3474,-0.0203,-0.1432,-0.0106,-0.23,-0.85,-0.57,0,3.616,4.086,-0.683,-4.041,0.002,-0.013,0.000,0.000,0.000,0.000,0.3450,0,0
11221,-1.4708,-1.7906,0.3469,-0.0130,-0.1416,-0.0087,-0.12,-0.82,-0.74,0,3.605,-0.765,-3.501,-2.180,0.003,-0.015,0.000,0.000,0.000,0.000,0.3430,0,-1
11272,-1.4696,-1.7927,0.3444,-0.0029,-0.1325,-0.0146,-0.05,-0.82,-0.92,0,3.605,-0.436,-4.073,-3.067,0.002,-0.009,0.000,0.000,0.000,0.000,0.3430,1,0
11323,-1.4735,-1.8092,0.3438,-0.0031,-0.1496,-0.0099,0.05,-0.60,-1.06,0,3.605,0.523,-0.955,-3.171,0.004,-0.014,0.000,0.000,0.000,0.000,0.3430,0,0
11374,-1.4714,-1.8089,0.3430,0.0055,-0.1371,-0.0070,0.03,-0.58,-1.21,0,3.611,-1.596,2.919,-2.397,0.004,-0.014,0.000,0.000,0.000,0.000,0.3400,0,0
11425,-1.4672,-1.8107,0.3428,0.0174,-0.1286,-0.0017,-0.05,-0.69,-1.32,0,3.605,3.959,-2.172,-1.484,0.004,-0.011,0.000,0.000,0.000,0.000,0.3440,0,0
11477,-1.4647,-1.8118,0.3424,0.0258,-0.1193,0.0038,0.02,-0.56,-1.40,0,3.611,4.154,-0.938,-1.429,0.004,-0.014,0.000,0.000,0.000,0.000,0.3400,0,0
11527,-1.4617,-1.8116,0.3428,0.0332,-0.1097,0.0095,0.23,-0.53,-1.47,0,3.605,4.565,-3.201,-2.128,0.002,-0.011,0.000,0.000,0.000,0.000,0.3420,0,-1
11578,-1.4574,-1.8151,0.3419,0.0415,-0.1088,0.0058,0.43,-0.36,-1.56,0,3.611,0.729,-2.699,-1.718,0.001,-0.010,0.000,0.000,0.000,0.000,0.3400,1,0
11629,-1.4566,-1.8163,0.3422,0.0420,-0.1068,0.0083,0.61,-0.19,-1.65,0,3.605,-2.272,0.505,-0.585,-0.003,-0.010,0.000,0.000,0.000,0.000,0.3420,0,-1
11680,-1.4554,-1.8189,0.3417,0.0423,-0.1074,0.0072,0.74,-0.17,-1.74,0,3.611,1.032,3.209,-1.979,0.000,-0.007,0.000,0.000,0.000,0.000,0.3390,0,0
11731,-1.4511,-1.8203,0.3421,0.0470,-0.1068,0.0092,0.75,-0.29,-1.83,0,3.600,5.206,-1.120,-1.828,-0.001,-0.011,0.000,0.000,0.000,0.000,0.3400,0,-1
11782,-1.4482,-1.8235,0.3406,0.0502,-0.1095,0.0020,0.85,-0.29,-1.90,0,3.611,0.846,0.199,-1.775,-0.000,-0.010,0.000,0.000,0.000,0.000,0.3430,0,-1
11833,-1.4444,-1.8242,0.3407,0.0545,-0.1083,0.0022,0.75,-0.33,-1.95,0,3.605,0.508,-1.301,-0.356,0.003,-0.009,0.000,0.000,0.000,0.000,0.3430,1,0
11884,-1.4444,-1.8368,0.3424,0.0523,-0.1276,0.0109,0.84,-0.28,-1.98,0,3.611,2.244,1.221,-0.303,-0.002,-0.007,0.000,0.000,0.000,0.000,0.3400,1,-1
11935,-1.4450,-1.8457,0.3430,0.0492,-0.1388,0.0119,0.86,-0.32,-2.00,0,3.605,-9.079,5.183,-0.113,0.000,-0.009,0.000,0.000,0.000,0.000,0.3430,0,0
11987,-1.4451,-1.8532,0.3424,0.0470,-0.1467,0.0054,0.42,-0.51,-1.98,0,3.605,-5.988,2.121,1.020,0.001,-0.010,0.000,0.000,0.000,0.000,0.3450,4,0
12037,-1.4431,-1.8604,0.3426,0.0506,-0.1500,0.0044,0.16,-0.59,-1.96,0,3.605,-3.451,3.377,0.732,0.000,-0.009,0.000,0.000,0.000,0.000,0.3440,1,0
12088,-1.4455,-1.8785,0.3440,0.0469,-0.1694,0.0088,-0.04,-0.68,-1.91,0,3.611,-13.339,1.909,2.687,-0.000,-0.009,0.000,0.000,0.000,0.000,0.3430,2,0
12139,-1.4455,-1.8879,0.3444,0.0484,-0.1712,0.0064,-0.44,-0.77,-1.82,0,3.600,-5.959,0.477,2.712,0.004,-0.009,0.000,0.000,0.000,0.000,0.3450,7,1
12191,-1.4455,-1.8904,0.3443,0.0507,-0.1576,0.0033,-0.73,-0.76,-1.72,0,3.605,-0.646,1.634,1.418,0.001,-0.007,0.000,0.000,0.000,0.000,0.3430,0,-1
12241,-1.4476,-1.9000,0.3445,0.0494,-0.1546,0.0018,-0.87,-0.85,-1.61,0,3.600,-1.375,2.845,1.832,0.003,-0.011,0.000,0.000,0.000,0.000,0.3460,10,3
12292,-1.4419,-1.8990,0.3446,0.0622,-0.1327,0.0009,-0.88,-0.96,-1.52,0,3.605,-0.273,1.109,1.723,0.002,-0.014,0.000,0.000,0.000,0.000,0.3390,0,-1
12344,-1.4455,-1.9140,0.3446,0.0585,-0.1398,-0.0014,-0.89,-0.96,-1.44,0,3.595,-0.564,-2.246,2.092,0.003,-0.011,0.000,0.000,0.000,0.000,0.3400,0,0
12394,-1.4400,-1.9118,0.3409,0.0713,-0.1164,-0.0199,-0.95,-0.92,-1.33,0,3.600,4.593,-0.322,2.494,0.004,-0.006,0.000,0.000,0.000,0.000,0.3370,3,0
12445,-1.4344,-1.9147,0.3399,0.0827,-0.1033,-0.0195,-0.76,-0.86,-1.19,0,3.595,8.115,-3.786,1.698,0.003,-0.011,0.000,0.000,0.000,0.000,0.3350,0,0
12496,-1.4320,-1.9199,0.3365,0.0864,-0.0979,-0.0296,-0.36,-0.71,-1.07,0,3.595,-0.000,-2.215,2.833,0.004,-0.011,0.000,0.000,0.000,0.000,0.3320,3,-1
12547,-1.4265,-1.9152,0.3352,0.0945,-0.0767,-0.0249,-0.36,-0.58,-0.95,0,3.589,4.439,-2.119,2.763,-0.001,-0.008,0.000,0.000,0.000,0.000,0.3340,4,0
12598,-1.4220,-1.9164,0.3331,0.0990,-0.0685,-0.0213,-0.19,-0.47,-0.80,0,3.595,4.634,-1.318,2.744,-0.001,-0.010,0.000,0.000,0.000,0.000,0.3320,0,0
12649,-1.4158,-1.9128,0.3323,0.1061,-0.0520,-0.0121,-0.05,-0.48,-0.67,0,3.589,0.726,0.342,2.272,0.002,-0.009,0.000,0.000,0.000,0.000,0.3320,1,-1
12701,-1.4121,-1.9203,0.3318,0.1068,-0.0616,-0.0038,0.08,-0.44,-0.57,0,3.600,2.129,0.453,0.943,-0.002,-0.012,0.000,0.000,0.000,0.000,0.3320,-2,-3
12751,-1.4101,-1.9258,0.3318,0.1036,-0.0675,0.0033,0.13,-0.39,-0.50,0,3.595,-1.875,-0.718,1.505,0.004,-0.014,0.000,0.000,0.000,0.000,0.3360,0,-3
12802,-1.4046,-1.9252,0.3338,0.1073,-0.0604,0.0179,0.03,-0.41,-0.40,0,3.600,3.637,1.404,1.037,0.003,-0.011,0.000,0.000,0.000,0.000,0.3330,4,0
12853,-1.3985,-1.9262,0.3348,0.1121,-0.0566,0.0223,0.15,-0.45,-0.33,0,3.595,4.851,0.054,0.544,-0.000,-0.007,0.000,0.000,0.000,0.000,0.3340,0,-1
12905,-1.3935,-1.9284,0.3346,0.1145,-0.0559,0.0179,0.21,-0.45,-0.26,0,3.600,-2.370,-0.613,0.147,0.000,-0.012,0.000,0.000,0.000,0.000,0.3360,4,0
12955,-1.3883,-1.9300,0.3356,0.1172,-0.0546,0.0187,0.15,-0.39,-0.25,0,3.595,-2.385,2.744,-1.186,-0.000,-0.009,0.000,0.000,0.000,0.000,0.3320,0,0
13006,-1.3842,-1.9335,0.3347,0.1168,-0.0572,0.0091,0.03,-0.50,-0.31,0,3.600,-1.319,0.195,-2.133,0.001,-0.010,0.000,0.000,0.000,0.000,0.3350,0,-4
13057,-1.3764,-1.9347,0.3352,0.1254,-0.0538,0.0094,-0.05,-0.55,-0.41,0,3.595,-3.301,-1.305,-1.850,0.000,-0.012,0.000,0.000,0.000,0.000,0.3360,0,-3
13108,-1.3721,-1.9384,0.3357,0.1254,-0.0556,0.0101,-0.16,-0.52,-0.50,0,3.600,-1.892,-0.038,-3.129,-0.000,-0.012,0.000,0.000,0.000,0.000,0.3370,1,-1
13159,-1.3637,-1.9388,0.3363,0.1346,-0.0486,0.0102,-0.21,-0.48,-0.65,0,3.595,-1.398,0.990,-3.016,-0.002,-0.010,0.000,0.000,0.000,0.000,0.3370,1,-3
13211,-1.3592,-1.9413,0.3371,0.1334,-0.0468,0.0112,-0.27,-0.47,-0.78,0,3.600,-0.160,-1.059,-2.979,0.001,-0.006,0.000,0.000,0.000,0.000,0.3360,1,0
13262,-1.3502,-1.9448,0.3376,0.1428,-0.0477,0.0104,-0.28,-0.47,-0.92,0,3.595,-1.398,0.605,-2.541,0.001,-0.011,0.000,0.000,0.000,0.000,0.3370,0,-2
13313,-1.3455,-1.9465,0.3372,0.1409,-0.0439,0.0058,-0.40,-0.44,-1.04,0,3.600,-0.543,-1.117,-1.787,-0.004,-0.008,0.000,0.000,0.000,0.000,0.3330,0,-2
13364,-1.3402,-1.9494,0.3375,0.1396,-0.0426,0.0067,-0.48,-0.35,-1.15,0,3.589,0.691,-4.227,-1.981,-0.001,-0.009,0.000,0.000,0.000,0.000,0.3350,0,-1
13416,-1.3325,-1.9510,0.3353,0.1442,-0.0377,-0.0032,-0.36,-0.25,-1.26,0,3.595,-1.390,-1.284,-1.099,-0.003,-0.008,0.000,0.000,0.000,0.000,0.3340,2,-2
13466,-1.3253,-1.9541,0.3352,0.1464,-0.0378,-0.0003,-0.34,-0.21,-1.33,0,3.589,0.580,-1.878,-1.103,-0.000,-0.014,0.000,0.000,0.000,0.000,0.3340,0,-2
13517,-1.3188,-1.9574,0.3344,0.1462,-0.0385,-0.0004,-0.43,-0.15,-1.38,0,3.595,-2.402,1.490,-0.961,-0.000,-0.008,0.000,0.000,0.000,0.000,0.3370,1,0
13568,-1.3120,-1.9596,0.3344,0.1457,-0.0358,0.0034,-0.53,-0.11,-1.42,0,3.589,-2.195,0.444,-0.059,0.001,-0.008,0.000,0.000,0.000,0.000,0.3350,2,-2
13619,-1.3050,-1.9610,0.3356,0.1463,-0.0308,0.0093,-0.52,-0.17,-1.41,0,3.595,0.097,2.127,0.308,-0.003,-0.009,0.000,0.000,0.000,0.000,0.3390,0,-2
13670,-1.2980,-1.9647,0.3361,0.1469,-0.0322,0.0111,-0.52,-0.27,-1.38,0,3.589,-1.102,1.414,1.621,-0.000,-0.011,0.000,0.000,0.000,0.000,0.3380,0,-2
13721,-1.2906,-1.9661,0.3381,0.1492,-0.0276,0.0176,-0.54,-0.29,-1.31,0,3.595,0.024,-3.245,2.016,-0.000,-0.014,0.000,0.000,0.000,0.000,0.3370,0,-2
13773,-1.2822,-1.9683,0.3390,0.1543,-0.0255,0.0167,-0.54,-0.27,-1.21,0,3.595,0.221,-2.730,2.119,-0.005,-0.011,0.000,0.000,0.000,0.000,0.3370,1,-2
13823,-1.2749,-1.9704,0.3380,0.1550,-0.0230,0.0066,-0.60,-0.23,-1.09,0,3.595,-1.672,0.395,2.587,-0.004,-0.008,0.000,0.000,0.000,0.000,0.3350,2,-3
13874,-1.2670,-1.9727,0.3383,0.1574,-0.0212,0.0046,-0.73,-0.16,-0.95,0,3.589,-0.224,-1.962,3.159,-0.004,-0.010,0.000,0.000,0.000,0.000,0.3360,0,-1
13925,-1.2594,-1.9751,0.3364,0.1581,-0.0190,-0.0071,-0.73,-0.07,-0.81,0,3.595,-0.555,-1.337,3.459,-0.002,-0.013,0.000,0.000,0.000,0.000,0.3320,2,-3
13976,-1.2534,-1.9761,0.3360,0.1538,-0.0130,-0.0090,-0.81,-0.01,-0.64,0,3.584,1.301,-1.850,2.612,-0.003,-0.012,0.000,0.000,0.000,0.000,0.3350,0,-2
14027,-1.2461,-1.9777,0.3341,0.1527,-0.0089,-0.0150,-0.87,0.08,-0.48,0,3.589,1.984,-1.577,3.019,-0.004,-0.016,0.000,0.000,0.000,0.000,0.3360,0,-2
14078,-1.2383,-1.9783,0.3333,0.1525,-0.0023,-0.0146,-0.86,0.14,-0.34,0,3.584,-0.273,2.275,1.892,-0.003,-0.011,0.000,0.000,0.000,0.000,0.3340,0,-5
14129,-1.2309,-1.9795,0.3340,0.1510,0.0018,-0.0084,-0.90,0.02,-0.23,0,3.589,-0.682,0.977,1.673,0.001,-0.011,0.000,0.000,0.000,0.000,0.3330,0,-2
14180,-1.2227,-1.9790,0.3336,0.1520,0.0102,-0.0083,-0.99,-0.02,-0.12,0,3.584,-1.284,-1.271,2.034,-0.002,-0.008,0.000,0.000,0.000,0.000,0.3290,-1,-2
14232,-1.2151,-1.9789,0.3313,0.1520,0.0170,-0.0187,-0.96,0.07,-0.01,0,3.589,-1.656,0.622,1.660,0.001,-0.014,0.000,0.000,0.000,0.000,0.3300,0,-3
14282,-1.2075,-1.9780,0.3303,0.1508,0.0247,-0.0187,-0.94,0.13,0.06,0,3.579,-1.770,-2.058,2.157,-0.002,-0.014,0.000,0.000,0.000,0.000,0.3280,-1,-1
14333,-1.1987,-1.9773,0.3287,0.1526,0.0310,-0.0212,-1.00,0.23,0.14,0,3.584,1.951,-0.805,-0.348,-0.005,-0.014,0.000,0.000,0.000,0.000,0.3250,-1,-1
14384,-1.1914,-1.9760,0.3277,0.1496,0.0382,-0.0189,-0.90,0.37,0.16,0,3.579,-4.230,-1.660,0.124,0.001,-0.012,0.000,0.000,0.000,0.000,0.3240,0,-2
14435,-1.1847,-1.9737,0.3248,0.1449,0.0465,-0.0264,-0.95,0.35,0.18,0,3.584,5.304,-2.904,-0.590,-0.003,-0.010,0.000,0.000,0.000,0.000,0.3240,-1,-3
14486,-1.1783,-1.9714,0.3236,0.1399,0.0539,-0.0209,-0.84,0.40,0.16,0,3.579,-3.678,2.184,-0.133,-0.002,-0.008,0.000,0.000,0.000,0.000,0.3240,-1,-1
14537,-1.1704,-1.9695,0.3234,0.1387,0.0586,-0.0122,-0.81,0.41,0.13,0,3.584,0.664,1.681,-0.628,-0.000,-0.012,0.000,0.000,0.000,0.000,0.3250,-1,-1
14588,-1.1642,-1.9665,0.3229,0.1341,0.0651,-0.0067,-0.77,0.28,0.10,0,3.579,5.412,-2.607,-0.214,-0.001,-0.012,0.000,0.000,0.000,0.000,0.3230,-1,-2
14639,-1.1590,-1.9651,0.3235,0.1281,0.0664,-0.0004,-0.56,0.33,0.07,0,3.584,-0.099,0.819,-0.876,0.001,-0.015,0.000,0.000,0.000,0.000,0.3170,-2,-1
14690,-1.1537,-1.9630,0.3235,0.1230,0.0676,0.0018,-0.57,0.31,0.05,0,3.579,0.438,0.619,-0.394,-0.002,-0.009,0.000,0.000,0.000,0.000,0.3210,-1,0
14741,-1.1485,-1.9601,0.3204,0.1181,0.0710,-0.0098,-0.60,0.23,0.03,0,3.584,0.660,1.727,0.715,-0.002,-0.009,0.000,0.000,0.000,0.000,0.3180,-1,-3
14792,-1.1439,-1.9574,0.3200,0.1136,0.0736,-0.0063,-0.58,0.12,0.05,0,3.579,3.038,-1.935,-0.037,-0.002,-0.012,0.000,0.000,0.000,0.000,0.3240,-1,-1
14843,-1.1379,-1.9544,0.3209,0.1134,0.0767,0.0026,-0.49,0.11,0.06,0,3.584,-4.615,2.077,0.098,-0.002,-0.015,0.000,0.000,0.000,0.000,0.3200,-1,-4
14894,-1.1331,-1.9512,0.3211,0.1105,0.0793,0.0058,-0.62,0.06,0.08,0,3.579,-0.231,-0.832,-0.041,-0.000,-0.010,0.000,0.000,0.000,0.000,0.3170,-2,-1
14945,-1.1272,-1.9474,0.3192,0.1107,0.0840,-0.0035,-0.65,0.03,0.08,0,3.584,1.420,-0.603,0.066,-0.001,-0.014,0.000,0.000,0.000,0.000,0.3200,-1,-2
14996,-1.1216,-1.9425,0.3190,0.1107,0.0912,-0.0029,-0.60,0.05,0.10,0,3.579,-1.148,-2.465,0.408,0.001,-0.013,0.000,0.000,0.000,0.000,0.3200,0,-2
15047,-1.1169,-1.9387,0.3197,0.1080,0.0940,0.0020,-0.57,0.15,0.10,0,3.584,0.932,0.806,0.389,0.001,-0.011,0.000,0.000,0.000,0.000,0.3180,0,-1
15098,-1.1106,-1.9345,0.3198,0.1089,0.0973,0.0032,-0.60,0.18,0.12,0,3.579,2.545,0.182,0.506,0.000,-0.009,0.000,0.000,0.000,0.000,0.3200,0,-2
15149,-1.1064,-1.9298,0.3194,0.1045,0.1017,0.0026,-0.51,0.15,0.16,0,3.584,-1.976,-0.109,1.513,0.003,-0.012,0.000,0.000,0.000,0.000,0.3160,-3,-2
15200,-1.0999,-1.9254,0.3196,0.1061,0.1040,0.0032,-0.56,0.20,0.22,0,3.574,-1.503,-1.188,1.904,-0.005,-0.013,0.000,0.000,0.000,0.000,0.3170,-2,-2
15251,-1.0962,-1.9212,0.3175,0.1005,0.1060,-0.0052,-0.56,0.24,0.33,0,3.579,2.544,-0.187,1.968,-0.001,-0.015,0.000,0.000,0.000,0.000,0.3160,-4,-2
15302,-1.0913,-1.9165,0.3173,0.0980,0.1085,-0.0038,-0.46,0.28,0.44,0,3.574,-1.166,0.794,2.316,-0.005,-0.011,0.000,0.000,0.000,0.000,0.3160,-1,-1
15353,-1.0874,-1.9116,0.3162,0.0930,0.1107,-0.0064,-0.48,0.29,0.55,0,3.579,-0.323,0.426,1.581,0.000,-0.009,0.000,0.000,0.000,0.000,0.3160,-1,-1
15404,-1.0815,-1.9062,0.3159,0.0939,0.1147,-0.0039,-0.49,0.26,0.65,0,3.574,0.838,-1.202,1.755,-0.004,-0.009,0.000,0.000,0.000,0.000,0.3150,-2,-3
15455,-1.0785,-1.9025,0.3155,0.0874,0.1136,-0.0030,-0.44,0.31,0.74,0,3.584,-1.753,-1.335,2.194,0.000,-0.014,0.000,0.000,0.000,0.000,0.3210,-1,-2
15506,-1.0721,-1.8938,0.3154,0.0896,0.1248,-0.0009,-0.50,0.38,0.85,0,3.579,1.898,-2.070,1.257,-0.001,-0.012,0.000,0.000,0.000,0.000,0.3170,-5,-3
15557,-1.0673,-1.8899,0.3179,0.0873,0.1232,0.0113,-0.50,0.43,0.93,0,3.584,1.897,-0.696,0.432,0.001,-0.016,0.000,0.000,0.000,0.000,0.3130,-1,0
15608,-1.0608,-1.8814,0.3185,0.0888,0.1325,0.0112,-0.46,0.42,0.97,0,3.574,2.002,-3.090,-0.014,0.002,-0.008,0.000,0.000,0.000,0.000,0.3130,-2,-2
15659,-1.0565,-1.8730,0.3147,0.0850,0.1410,-0.0087,-0.43,0.51,0.99,0,3.574,1.569,-1.966,-0.672,-0.004,-0.009,0.000,0.000,0.000,0.000,0.3160,-7,-4
15710,-1.0534,-1.8696,0.3144,0.0774,0.1347,-0.0080,-0.38,0.61,0.98,0,3.574,0.676,0.284,-0.966,0.000,-0.012,0.000,0.000,0.000,0.000,0.3130,0,-1
15761,-1.0484,-1.8603,0.3141,0.0747,0.1435,-0.0078,-0.30,0.64,0.92,0,3.579,1.934,0.220,-1.858,-0.004,-0.014,0.000,0.000,0.000,0.000,0.3120,0,0
15812,-1.0445,-1.8516,0.3137,0.0699,0.1498,-0.0045,-0.20,0.61,0.83,0,3.574,1.528,-0.562,-2.141,0.001,-0.009,0.000,0.000,0.000,0.000,0.3140,-4,-2
15863,-1.0413,-1.8441,0.3132,0.0645,0.1514,-0.0037,-0.11,0.57,0.74,0,3.574,0.839,2.366,-3.121,0.001,-0.015,0.000,0.000,0.000,0.000,0.3080,-2,0
15914,-1.0371,-1.8348,0.3130,0.0622,0.1560,-0.0014,-0.01,0.51,0.59,0,3.568,1.363,-3.248,-3.417,-0.001,-0.010,0.000,0.000,0.000,0.000,0.3100,-1,0
15965,-1.0340,-1.8290,0.3101,0.0581,0.1515,-0.0109,0.02,0.60,0.43,0,3.574,-0.954,-1.517,-3.116,-0.000,-0.014,0.000,0.000,0.000,0.000,0.3100,-2,-2
16016,-1.0317,-1.8202,0.3097,0.0518,0.1549,-0.0070,-0.07,0.65,0.29,0,3.568,0.334,0.081,-2.829,0.002,-0.006,0.000,0.000,0.000,0.000,0.3110,0,0
16067,-1.0292,-1.8155,0.3102,0.0461,0.1482,0.0017,-0.10,0.64,0.15,0,3.579,-1.766,-1.349,-1.121,0.003,-0.007,0.000,0.000,0.000,0.000,0.3100,-2,0
16119,-1.0252,-1.8015,0.3103,0.0448,0.1652,0.0054,-0.23,0.65,0.07,0,3.568,4.863,1.028,-1.633,0.005,-0.009,0.000,0.000,0.000,0.000,0.3120,0,0
16169,-1.0232,-1.7946,0.3112,0.0390,0.1636,0.0126,-0.14,0.63,0.01,0,3.574,2.009,-2.034,-1.415,0.000,-0.012,0.000,0.000,0.000,0.000,0.3140,0,1
16220,-1.0186,-1.7826,0.3117,0.0421,0.1775,0.0159,0.08,0.72,-0.08,0,3.574,0.565,3.021,-1.931,0.002,-0.012,0.000,0.000,0.000,0.000,0.3070,-4,0
16271,-1.0191,-1.7774,0.3110,0.0304,0.1690,0.0082,0.21,0.68,-0.21,0,3.574,-1.956,1.603,-4.011,0.003,-0.008,0.000,0.000,0.000,0.000,0.3150,0,0
16322,-1.0169,-1.7688,0.3114,0.0268,0.1676,0.0082,0.17,0.60,-0.40,0,3.574,-1.012,-0.072,-4.449,-0.003,-0.010,0.000,0.000,0.000,0.000,0.3130,-5,-2
16373,-1.0153,-1.7601,0.3134,0.0223,0.1668,0.0149,0.06,0.62,-0.60,0,3.574,-0.700,1.117,-3.694,0.002,-0.012,0.000,0.000,0.000,0.000,0.3140,-1,1
16425,-1.0123,-1.7496,0.3142,0.0216,0.1709,0.0153,0.11,0.57,-0.82,0,3.568,1.830,-1.727,-2.816,0.001,-0.007,0.000,0.000,0.000,0.000,0.3130,-1,0
16475,-1.0127,-1.7449,0.3141,0.0140,0.1620,0.0110,0.21,0.60,-0.98,0,3.574,-4.140,-0.490,-3.819,0.005,-0.010,0.000,0.000,0.000,0.000,0.3120,0,0
16527,-1.0117,-1.7388,0.3146,0.0099,0.1562,0.0095,0.08,0.62,-1.15,0,3.568,-0.992,-0.681,-2.403,0.004,-0.006,0.000,0.000,0.000,0.000,0.3100,0,1
16577,-1.0138,-1.7367,0.3122,-0.0009,0.1431,-0.0053,0.01,0.70,-1.28,0,3.568,-2.707,4.334,-3.706,0.006,-0.005,0.000,0.000,0.000,0.000,0.3110,0,0
16628,-1.0107,-1.7263,0.3119,0.0006,0.1501,-0.0058,-0.19,0.49,-1.45,0,3.563,-1.549,-0.560,-3.408,0.004,-0.010,0.000,0.000,0.000,0.000,0.3110,0,2
16679,-1.0132,-1.7214,0.3111,-0.0089,0.1464,-0.0074,-0.28,0.49,-1.61,0,3.568,1.186,-1.037,-3.384,0.003,-0.009,0.000,0.000,0.000,0.000,0.3110,-4,-2
16730,-1.0143,-1.7085,0.3108,-0.0141,0.1615,-0.0053,-0.40,0.53,-1.77,0,3.563,0.389,1.399,-4.145,0.006,-0.006,0.000,0.000,0.000,0.000,0.3080,0,0
16782,-1.0150,-1.7030,0.3097,-0.0185,0.1590,-0.0066,-0.34,0.47,-1.97,0,3.568,8.083,-1.079,-4.222,0.004,-0.008,0.000,0.000,0.000,0.000,0.3120,-1,1
16832,-1.0123,-1.6925,0.3094,-0.0144,0.1669,-0.0024,0.08,0.48,-2.18,0,3.568,5.620,-1.544,-3.595,0.005,-0.007,0.000,0.000,0.000,0.000,0.3120,-1,0
16883,-1.0113,-1.6829,0.3113,-0.0145,0.1699,0.0102,0.34,0.57,-2.36,0,3.574,-1.242,0.042,-3.923,0.005,-0.007,0.000,0.000,0.000,0.000,0.3110,-10,-2
16934,-1.0131,-1.6792,0.3119,-0.0214,0.1577,0.0134,0.28,0.55,-2.55,0,3.568,2.772,-0.905,-3.051,0.006,-0.010,0.000,0.000,0.000,0.000,0.3130,-1,1
16985,-1.0123,-1.6664,0.3124,-0.0223,0.1650,0.0152,0.49,0.62,-2.72,0,3.574,2.477,-1.255,-3.940,0.003,-0.009,0.000,0.000,0.000,0.000,0.3120,-1,0
17037,-1.0116,-1.6581,0.3132,-0.0236,0.1618,0.0156,0.72,0.65,-2.92,0,3.568,-1.527,0.257,-2.390,0.006,-0.009,0.000,0.000,0.000,0.000,0.3110,0,1
17088,-1.0080,-1.6489,0.3123,-0.0186,0.1587,0.0051,0.69,0.60,-3.06,0,3.568,1.672,-1.980,-2.923,0.003,-0.008,0.000,0.000,0.000,0.000,0.3120,-10,-3
17139,-1.0122,-1.6486,0.3126,-0.0308,0.1372,0.0044,0.61,0.70,-3.18,0,3.568,-4.659,0.392,-0.967,0.006,-0.007,0.000,0.000,0.000,0.000,0.3100,0,0
17190,-1.0099,-1.6334,0.3114,-0.0291,0.1492,-0.0031,0.59,0.73,-3.24,0,3.568,1.325,-2.049,0.150,0.001,-0.007,0.000,0.000,0.000,0.000,0.3090,-10,-2
17241,-1.0133,-1.6317,0.3113,-0.0396,0.1323,-0.0022,0.63,0.83,-3.25,0,3.563,-1.843,-1.693,0.903,0.000,-0.005,0.000,0.000,0.000,0.000,0.3110,-1,0
17292,-1.0120,-1.6176,0.3104,-0.0400,0.1426,-0.0033,0.62,0.87,-3.23,0,3.568,-0.163,-0.674,2.366,0.000,-0.008,0.000,0.000,0.000,0.000,0.3110,0,1
17343,-1.0150,-1.6185,0.3104,-0.0497,0.1209,-0.0001,0.71,0.92,-3.12,0,3.563,-3.280,0.324,1.377,0.005,-0.006,0.000,0.000,0.000,0.000,0.3100,0,2
17394,-1.0181,-1.6186,0.3104,-0.0585,0.1028,0.0013,0.59,0.91,-3.04,0,3.563,-6.214,0.932,1.201,0.007,-0.007,0.000,0.000,0.000,0.000,0.3110,0,0
17446,-1.0221,-1.6132,0.3106,-0.0683,0.0992,0.0035,0.22,0.92,-2.96,0,3.563,-4.207,2.904,1.456,0.006,-0.008,0.000,0.000,0.000,0.000,0.3090,0,1
17497,-1.0251,-1.6119,0.3102,-0.0747,0.0901,0.0014,0.06,0.73,-2.92,0,3.568,-3.564,3.624,-0.431,0.004,-0.005,0.000,0.000,0.000,0.000,0.3090,-4,0
17547,-1.0314,-1.6109,0.3103,-0.0865,0.0825,0.0025,-0.15,0.50,-2.90,0,3.563,-3.162,-2.345,0.415,0.008,-0.009,0.000,0.000,0.000,0.000,0.3100,0,0
17598,-1.0336,-1.6052,0.3099,-0.0862,0.0870,0.0011,-0.31,0.52,-2.89,0,3.568,0.240,-0.814,0.333,0.008,-0.008,0.000,0.000,0.000,0.000,0.3110,0,3
17649,-1.0384,-1.6034,0.3100,-0.0913,0.0841,0.0034,-0.26,0.57,-2.87,0,3.563,1.502,2.368,0.180,0.008,-0.010,0.000,0.000,0.000,0.000,0.3090,-1,0
17700,-1.0438,-1.6007,0.3100,-0.0976,0.0837,0.0029,-0.32,0.46,-2.85,0,3.568,-1.879,0.624,0.947,0.006,-0.010,0.000,0.000,0.000,0.000,0.3090,0,3
17751,-1.0487,-1.5981,0.3102,-0.1013,0.0831,0.0047,-0.40,0.43,-2.81,0,3.563,1.272,1.194,2.130,0.005,-0.010,0.000,0.000,0.000,0.000,0.3090,0,1
17802,-1.0532,-1.5948,0.3095,-0.1032,0.0849,0.0029,-0.37,0.37,-2.72,0,3.563,-2.738,3.560,1.882,0.006,-0.011,0.000,0.000,0.000,0.000,0.3060,0,1
17853,-1.0582,-1.5951,0.3097,-0.1058,0.0779,0.0041,-0.31,0.29,-2.63,0,3.558,-2.364,-2.785,2.227,0.006,-0.007,0.000,0.000,0.000,0.000,0.3080,0,0
17904,-1.0600,-1.5841,0.3080,-0.0999,0.0974,-0.0044,-0.49,0.30,-2.53,0,3.563,1.496,-2.186,2.475,0.003,-0.015,0.000,0.000,0.000,0.000,0.3110,-1,1
17955,-1.0657,-1.5821,0.3078,-0.1039,0.0948,-0.0038,-0.33,0.42,-2.42,0,3.558,9.076,-0.947,2.953,0.001,-0.007,0.000,0.000,0.000,0.000,0.3060,-5,0
18006,-1.0687,-1.5777,0.3079,-0.1019,0.0971,-0.0021,-0.09,0.44,-2.26,0,3.563,2.526,1.033,3.476,0.009,-0.016,0.000,0.000,0.000,0.000,0.3050,0,2
18057,-1.0713,-1.5757,0.3079,-0.0998,0.0908,0.0004,0.15,0.42,-2.09,0,3.558,4.634,-3.796,3.622,0.003,-0.012,0.000,0.000,0.000,0.000,0.3080,0,0
18108,-1.0728,-1.5666,0.3071,-0.0950,0.1007,0.0000,0.08,0.54,-1.86,0,3.563,-0.766,-5.524,5.399,0.005,-0.011,0.000,0.000,0.000,0.000,0.3090,0,2
18159,-1.0779,-1.5660,0.3072,-0.1004,0.0896,0.0034,0.26,0.71,-1.64,0,3.563,1.357,-1.797,5.154,0.004,-0.011,0.000,0.000,0.000,0.000,0.3060,0,1
18210,-1.0794,-1.5567,0.3074,-0.0983,0.0982,0.0039,0.37,0.83,-1.41,0,3.563,0.663,1.460,3.548,0.006,-0.005,0.000,0.000,0.000,0.000,0.3080,-4,0
18261,-1.0854,-1.5565,0.3076,-0.1078,0.0846,0.0054,0.39,0.87,-1.22,0,3.558,3.773,0.129,5.163,0.006,-0.007,0.000,0.000,0.000,0.000,0.3100,0,3
18313,-1.0912,-1.5531,0.3089,-0.1160,0.0790,0.0102,0.62,0.91,-0.97,0,3.563,-1.685,3.601,3.847,0.004,-0.010,0.000,0.000,0.000,0.000,0.3080,0,2
18363,-1.0954,-1.5415,0.3093,-0.1192,0.0929,0.0087,0.57,0.71,-0.78,0,3.558,0.248,4.295,3.569,0.010,-0.011,0.000,0.000,0.000,0.000,0.3050,-4,2
18415,-1.1013,-1.5416,0.3074,-0.1250,0.0771,-0.0051,0.60,0.54,-0.61,0,3.563,3.430,-0.135,2.721,0.007,-0.008,0.000,0.000,0.000,0.000,0.3010,0,2
18466,-1.1081,-1.5392,0.3071,-0.1307,0.0680,-0.0048,0.81,0.59,-0.47,0,3.552,-3.093,-0.019,3.353,0.009,-0.009,0.000,0.000,0.000,0.000,0.3050,-1,2
18516,-1.1134,-1.5369,0.3042,-0.1324,0.0593,-0.0140,0.79,0.60,-0.38,0,3.558,-0.326,-0.829,2.360,0.004,-0.012,0.000,0.000,0.000,0.000,0.2980,-4,2
18567,-1.1203,-1.5353,0.3037,-0.1382,0.0498,-0.0085,0.69,0.60,-0.26,0,3.547,-2.316,1.004,1.587,0.008,-0.009,0.000,0.000,0.000,0.000,0.3000,0,3
18619,-1.1271,-1.5320,0.3002,-0.1429,0.0458,-0.0161,0.61,0.56,-0.17,0,3.558,-0.686,2.087,1.964,0.004,-0.007,0.000,0.000,0.000,0.000,0.3040,-1,0
18669,-1.1334,-1.5291,0.2996,-0.1451,0.0427,-0.0086,0.52,0.44,-0.06,0,3.558,-0.579,1.674,3.823,0.008,-0.009,0.000,0.000,0.000,0.000,0.3050,-1,3
18720,-1.1389,-1.5250,0.3031,-0.1442,0.0438,0.0165,0.51,0.37,0.07,0,3.563,0.192,-1.391,2.784,0.009,-0.013,0.000,0.000,0.000,0.000,0.3070,0,2
18771,-1.1481,-1.5243,0.3041,-0.1524,0.0359,0.0228,0.51,0.42,0.19,0,3.558,2.710,2.547,1.637,0.004,-0.012,0.000,0.000,0.000,0.000,0.3090,0,6
18822,-1.1542,-1.5212,0.3077,-0.1520,0.0349,0.0371,0.54,0.29,0.31,0,3.563,1.791,2.696,1.893,0.006,-0.010,0.000,0.000,0.000,0.000,0.3060,0,2
18874,-1.1624,-1.5191,0.3096,-0.1552,0.0314,0.0389,0.61,0.17,0.40,0,3.563,1.118,1.038,1.252,0.009,-0.014,0.000,0.000,0.000,0.000,0.3080,0,2
18925,-1.1694,-1.5157,0.3090,-0.1539,0.0313,0.0249,0.65,0.11,0.44,0,3.563,-1.844,3.444,-0.076,0.005,-0.011,0.000,0.000,0.000,0.000,0.3080,-4,1
18975,-1.1768,-1.5168,0.3101,-0.1540,0.0192,0.0212,0.66,0.01,0.42,0,3.558,3.246,-0.135,-1.419,0.002,-0.008,0.000,0.000,0.000,0.000,0.3080,0,2
19026,-1.1825,-1.5140,0.3092,-0.1494,0.0182,0.0101,0.72,0.02,0.39,0,3.563,0.670,-0.095,-0.767,0.006,-0.012,0.000,0.000,0.000,0.000,0.3080,-1,2
19077,-1.1885,-1.5128,0.3096,-0.1456,0.0131,0.0082,0.81,0.03,0.33,0,3.558,1.298,-1.036,-0.669,0.003,-0.008,0.000,0.000,0.000,0.000,0.3080,-5,1
19128,-1.1950,-1.5123,0.3087,-0.1438,0.0061,0.0010,0.80,0.04,0.27,0,3.558,3.174,-1.948,-1.691,0.008,-0.012,0.000,0.000,0.000,0.000,0.3090,-4,0
19179,-1.2032,-1.5128,0.3087,-0.1471,-0.0034,0.0019,0.87,0.10,0.23,0,3.552,0.343,0.774,-2.887,0.005,-0.011,0.000,0.000,0.000,0.000,0.3130,0,3
19230,-1.2077,-1.5074,0.3107,-0.1408,0.0036,0.0126,0.86,0.08,0.10,0,3.558,-1.257,-1.383,-2.796,0.006,-0.012,0.000,0.000,0.000,0.000,0.3100,0,1
19281,-1.2176,-1.5115,0.3114,-0.1488,-0.0145,0.0149,0.81,0.12,-0.02,0,3.558,-1.886,-0.018,-3.788,0.005,-0.012,0.000,0.000,0.000,0.000,0.3100,0,0
19332,-1.2252,-1.5144,0.3109,-0.1507,-0.0270,0.0094,0.80,0.16,-0.17,0,3.563,-3.809,2.756,-3.941,0.008,-0.011,0.000,0.000,0.000,0.000,0.3080,0,3
19384,-1.2334,-1.5171,0.3113,-0.1530,-0.0369,0.0100,0.60,0.02,-0.36,0,3.552,-1.872,1.275,-3.481,0.005,-0.010,0.000,0.000,0.000,0.000,0.3100,0,2
19434,-1.2406,-1.5191,0.3100,-0.1518,-0.0423,0.0029,0.41,-0.06,-0.52,0,3.558,-0.511,0.780,-4.638,0.007,-0.009,0.000,0.000,0.000,0.000,0.3090,-4,0
19485,-1.2488,-1.5196,0.3102,-0.1533,-0.0416,0.0052,0.37,0.01,-0.72,0,3.552,1.255,1.748,-4.044,0.006,-0.011,0.000,0.000,0.000,0.000,0.3080,20,4
19536,-1.2520,-1.5056,0.3091,-0.1420,-0.0028,0.0002,0.25,-0.11,-0.96,0,3.558,2.329,-0.861,-3.788,0.006,-0.012,0.000,0.000,0.000,0.000,0.3090,0,0
19587,-1.2589,-1.5176,0.3092,-0.1406,-0.0336,0.0027,0.60,0.03,-1.16,0,3.552,-2.605,0.074,-2.757,0.007,-0.011,0.000,0.000,0.000,0.000,0.3060,22,4
19638,-1.2675,-1.5205,0.3079,-0.1441,-0.0406,-0.0027,0.71,0.01,-1.31,0,3.558,-3.861,2.663,-3.286,0.005,-0.009,0.000,0.000,0.000,0.000,0.3070,0,0
19690,-1.2754,-1.5372,0.3078,-0.1458,-0.0810,-0.0003,0.50,-0.05,-1.47,0,3.552,-7.268,-1.196,-2.111,0.006,-0.010,0.000,0.000,0.000,0.000,0.3080,-2,0
19740,-1.2815,-1.5359,0.3077,-0.1423,-0.0710,0.0020,0.12,-0.10,-1.60,0,3.558,-1.608,-1.586,-1.034,0.008,-0.012,0.000,0.000,0.000,0.000,0.3080,0,4
19792,-1.2893,-1.5404,0.3079,-0.1432,-0.0743,0.0052,0.01,0.01,-1.67,0,3.552,-0.887,3.605,-2.004,0.007,-0.011,0.000,0.000,0.000,0.000,0.3080,8,5
19842,-1.2948,-1.5384,0.3082,-0.1383,-0.0595,0.0079,-0.08,-0.11,-1.73,0,3.558,3.447,-0.620,0.038,0.010,-0.015,0.000,0.000,0.000,0.000,0.3080,-2,1
19893,-1.3025,-1.5436,0.3087,-0.1391,-0.0636,0.0103,-0.09,-0.24,-1.77,0,3.552,2.768,-3.097,-1.269,0.009,-0.013,0.000,0.000,0.000,0.000,0.3080,-1,0
19944,-1.3084,-1.5544,0.3085,-0.1347,-0.0829,0.0083,0.16,-0.14,-1.77,0,3.558,-4.162,0.631,-0.464,0.008,-0.016,0.000,0.000,0.000,0.000,0.3100,0,0
19995,-1.3142,-1.5588,0.3090,-0.1318,-0.0852,0.0091,0.08,-0.11,-1.79,0,3.552,-6.076,-1.872,-0.261,0.007,-0.015,0.000,0.000,0.000,0.000,0.3060,-3,0
20046,-1.3203,-1.5584,0.3084,-0.1296,-0.0740,0.0034,-0.16,-0.01,-1.82,0,3.558,-2.430,-1.477,-0.432,0.012,-0.013,0.000,0.000,0.000,0.000,0.3080,0,0
20097,-1.3270,-1.5614,0.3086,-0.1305,-0.0708,0.0034,-0.13,0.15,-1.89,0,3.552,1.449,-0.418,-1.062,0.007,-0.013,0.000,0.000,0.000,0.000,0.3120,0,2
20148,-1.3321,-1.5607,0.3100,-0.1281,-0.0594,0.0102,-0.10,0.13,-1.94,0,3.558,7.262,2.318,-2.719,0.008,-0.016,0.000,0.000,0.000,0.000,0.3060,-9,0
20199,-1.3403,-1.5671,0.3105,-0.1334,-0.0674,0.0108,0.03,0.02,-2.02,0,3.552,5.491,4.327,-1.992,0.009,-0.016,0.000,0.000,0.000,0.000,0.3100,-21,0
20250,-1.3486,-1.5810,0.3091,-0.1378,-0.0952,0.0031,0.30,-0.11,-2.11,0,3.552,-4.781,2.338,-1.381,0.009,-0.007,0.000,0.000,0.000,0.000,0.3070,0,2
20301,-1.3514,-1.5685,0.3094,-0.1274,-0.0594,0.0031,0.24,-0.26,-2.17,0,3.547,7.520,-1.587,-2.113,0.010,-0.013,0.000,0.000,0.000,0.000,0.3120,-3,0
20353,-1.3572,-1.5685,0.3098,-0.1241,-0.0548,0.0068,0.38,-0.25,-2.24,0,3.558,8.776,-2.610,-1.226,0.006,-0.012,0.000,0.000,0.000,0.000,0.3090,0,1
20404,-1.3627,-1.5715,0.3102,-0.1212,-0.0598,0.0078,0.80,-0.16,-2.29,0,3.552,-3.204,4.160,-1.376,0.005,-0.013,0.000,0.000,0.000,0.000,0.3060,-3,0
20454,-1.3694,-1.5840,0.3082,-0.1220,-0.0906,-0.0049,0.96,-0.25,-2.37,0,3.547,-0.727,2.715,-1.762,0.007,-0.013,0.000,0.000,0.000,0.000,0.3070,0,0
20505,-1.3755,-1.5874,0.3080,-0.1204,-0.0966,-0.0047,0.96,-0.29,-2.47,0,3.547,-3.290,3.134,-1.627,0.007,-0.008,0.000,0.000,0.000,0.000,0.3030,1,2
20557,-1.3830,-1.5896,0.3054,-0.1220,-0.0981,-0.0149,0.73,-0.32,-2.55,0,3.552,-4.224,-1.496,-1.849,0.003,-0.010,0.000,0.000,0.000,0.000,0.3050,0,0
20608,-1.3903,-1.5952,0.3047,-0.1225,-0.1053,-0.0117,0.46,-0.39,-2.65,0,3.542,-6.324,4.139,-1.977,0.006,-0.010,0.000,0.000,0.000,0.000,0.3040,0,0
20658,-1.3978,-1.6006,0.3042,-0.1230,-0.1101,-0.0082,0.42,-0.51,-2.75,0,3.547,-4.375,-0.435,-2.556,0.007,-0.013,0.000,0.000,0.000,0.000,0.3040,0,0
20710,-1.4038,-1.6058,0.3039,-0.1182,-0.1124,-0.0033,0.26,-0.61,-2.90,0,3.542,-4.188,3.478,-1.702,0.006,-0.011,0.000,0.000,0.000,0.000,0.3050,0,1
20761,-1.4116,-1.6148,0.3044,-0.1176,-0.1230,0.0038,0.19,-0.71,-3.04,0,3.547,-3.908,-0.109,-1.672,0.006,-0.009,0.000,0.000,0.000,0.000,0.3030,0,1
20812,-1.4155,-1.6175,0.3047,-0.1075,-0.1171,0.0089,0.09,-0.71,-3.18,0,3.547,0.849,-0.146,-3.224,0.008,-0.013,0.000,0.000,0.000,0.000,0.3050,0,0
20863,-1.4195,-1.6260,0.3045,-0.1022,-0.1268,0.0093,0.14,-0.71,-3.29,0,3.552,-2.932,-1.887,-1.814,0.006,-0.011,0.000,0.000,0.000,0.000,0.3070,1,0
20913,-1.4267,-1.6374,0.3050,-0.1014,-0.1400,0.0120,-0.00,-0.63,-3.34,0,3.547,-1.312,-2.727,-1.383,0.004,-0.011,0.000,0.000,0.000,0.000,0.3070,0,1
20964,-1.4287,-1.6413,0.3068,-0.0896,-0.1338,0.0192,-0.11,-0.56,-3.41,0,3.552,-3.729,-2.863,0.375,0.005,-0.010,0.000,0.000,0.000,0.000,0.3050,4,2
21015,-1.4351,-1.6527,0.3078,-0.0895,-0.1443,0.0204,-0.08,-0.44,-3.39,0,3.547,-2.554,1.298,-0.253,0.007,-0.014,0.000,0.000,0.000,0.000,0.3060,1,1
21066,-1.4405,-1.6616,0.3067,-0.0877,-0.1473,0.0113,-0.16,-0.48,-3.42,0,3.552,-3.912,1.861,0.382,0.008,-0.011,0.000,0.000,0.000,0.000,0.3070,0,0
21117,-1.4454,-1.6714,0.3073,-0.0850,-0.1523,0.0114,-0.22,-0.51,-3.40,0,3.547,-1.882,-0.525,0.260,0.006,-0.008,0.000,0.000,0.000,0.000,0.3060,0,0
21168,-1.4482,-1.6753,0.3070,-0.0774,-0.1426,0.0076,-0.36,-0.50,-3.37,0,3.552,3.712,-1.985,0.071,0.006,-0.009,0.000,0.000,0.000,0.000,0.3080,10,3
21220,-1.4497,-1.6801,0.3074,-0.0678,-0.1345,0.0089,-0.34,-0.47,-3.30,0,3.542,0.369,0.329,1.328,0.005,-0.009,0.000,0.000,0.000,0.000,0.3060,1,0
21270,-1.4549,-1.6929,0.3073,-0.0676,-0.1441,0.0061,-0.29,-0.47,-3.28,0,3.547,-0.409,-0.560,0.629,0.005,-0.015,0.000,0.000,0.000,0.000,0.3060,0,0
21321,-1.4559,-1.6974,0.3076,-0.0585,-0.1362,0.0066,-0.35,-0.46,-3.27,0,3.542,1.146,-2.060,1.512,0.007,-0.012,0.000,0.000,0.000,0.000,0.3060,5,1
21372,-1.4566,-1.7017,0.3067,-0.0500,-0.1285,0.0020,-0.27,-0.35,-3.20,0,3.547,4.646,2.891,1.979,0.007,-0.015,0.000,0.000,0.000,0.000,0.3090,1,0
21423,-1.4593,-1.7115,0.3068,-0.0473,-0.1332,0.0038,-0.09,-0.37,-3.13,0,3.547,3.374,1.112,1.129,0.008,-0.016,0.000,0.000,0.000,0.000,0.3090,0,0
21475,-1.4623,-1.7174,0.3085,-0.0459,-0.1310,0.0119,0.03,-0.38,-3.05,0,3.552,-2.728,0.080,1.690,-0.000,-0.011,0.000,0.000,0.000,0.000,0.3080,0,0
21525,-1.4630,-1.7215,0.3091,-0.0396,-0.1264,0.0126,-0.01,-0.38,-2.97,0,3.542,0.648,1.254,0.921,0.004,-0.016,0.000,0.000,0.000,0.000,0.3080,0,0
21576,-1.4630,-1.7251,0.3087,-0.0325,-0.1213,0.0078,0.02,-0.42,-2.91,0,3.552,5.236,-1.910,1.304,0.003,-0.011,0.000,0.000,0.000,0.000,0.3060,5,1
21627,-1.4625,-1.7304,0.3091,-0.0248,-0.1202,0.0074,0.25,-0.42,-2.84,0,3.542,2.512,-1.892,1.534,0.004,-0.011,0.000,0.000,0.000,0.000,0.3060,1,0
21678,-1.4670,-1.7412,0.3071,-0.0277,-0.1313,-0.0048,0.32,-0.33,-2.76,0,3.547,-0.473,0.709,2.272,0.005,-0.009,0.000,0.000,0.000,0.000,0.3060,0,0
21729,-1.4657,-1.7424,0.3068,-0.0199,-0.1238,-0.0054,0.27,-0.42,-2.65,0,3.542,3.641,1.448,2.674,0.006,-0.011,0.000,0.000,0.000,0.000,0.3080,1,0
21780,-1.4648,-1.7478,0.3069,-0.0128,-0.1247,-0.0025,0.42,-0.48,-2.52,0,3.552,3.701,-3.074,1.247,0.002,-0.011,0.000,0.000,0.000,0.000,0.3100,0,0
21831,-1.4659,-1.7570,0.3068,-0.0100,-0.1342,-0.0020,0.59,-0.39,-2.44,0,3.547,-0.217,-0.342,1.297,0.004,-0.015,0.000,0.000,0.000,0.000,0.3060,0,-1
21883,-1.4664,-1.7665,0.3074,-0.0069,-0.1441,0.0003,0.48,-0.44,-2.38,0,3.552,-1.959,0.848,1.135,0.005,-0.007,0.000,0.000,0.000,0.000,0.3050,1,0
21933,-1.4660,-1.7769,0.3074,-0.0023,-0.1548,-0.0005,0.41,-0.53,-2.31,0,3.542,-0.614,-1.159,1.811,0.003,-0.012,0.000,0.000,0.000,0.000,0.3070,1,0
21985,-1.4652,-1.7748,0.3065,0.0039,-0.1399,-0.0045,0.31,-0.50,-2.19,0,3.547,-0.243,-0.276,3.548,0.005,-0.007,0.000,0.000,0.000,0.000,0.3030,1,-1
22035,-1.4685,-1.7868,0.3062,0.0016,-0.1516,-0.0049,0.27,-0.49,-2.03,0,3.542,0.796,0.255,3.015,0.004,-0.013,0.000,0.000,0.000,0.000,0.3070,9,2
22086,-1.4650,-1.7884,0.3054,0.0122,-0.1425,-0.0057,0.27,-0.57,-1.88,0,3.547,-7.795,3.170,4.399,0.004,-0.013,0.000,0.000,0.000,0.000,0.3060,1,0
22137,-1.4661,-1.7967,0.3052,0.0139,-0.1455,-0.0044,-0.02,-0.66,-1.70,0,3.537,1.839,-3.002,3.705,0.004,-0.010,0.000,0.000,0.000,0.000,0.3070,0,-1
22189,-1.4690,-1.8055,0.3061,0.0125,-0.1483,0.0028,-0.13,-0.66,-1.51,0,3.547,0.366,-0.241,3.502,0.002,-0.010,0.000,0.000,0.000,0.000,0.3010,0,0
22239,-1.4633,-1.8061,0.3063,0.0278,-0.1343,0.0045,-0.12,-0.67,-1.36,0,3.537,1.519,0.043,2.693,0.004,-0.010,0.000,0.000,0.000,0.000,0.3000,10,2
22290,-1.4593,-1.8059,0.3021,0.0384,-0.1201,-0.0157,-0.05,-0.65,-1.21,0,3.542,2.681,-0.951,2.983,-0.004,-0.005,0.000,0.000,0.000,0.000,0.2990,0,-1
22341,-1.4611,-1.8177,0.3014,0.0369,-0.1301,-0.0140,-0.04,-0.57,-1.06,0,3.537,1.346,-1.091,3.436,0.003,-0.010,0.000,0.000,0.000,0.000,0.2990,1,-1
22392,-1.4567,-1.8171,0.2993,0.0469,-0.1157,-0.0179,-0.03,-0.59,-0.90,0,3.542,5.014,-1.701,3.331,0.002,-0.009,0.000,0.000,0.000,0.000,0.2960,3,0
22444,-1.4561,-1.8267,0.2985,0.0479,-0.1240,-0.0146,0.19,-0.52,-0.70,0,3.537,1.501,-3.437,3.616,0.007,-0.008,0.000,0.000,0.000,0.000,0.2970,0,-1
22496,-1.4525,-1.8293,0.2967,0.0549,-0.1180,-0.0156,0.14,-0.45,-0.51,0,3.537,-1.612,-3.036,3.397,0.003,-0.007,0.000,0.000,0.000,0.000,0.2970,4,0
22548,-1.4507,-1.8352,0.2961,0.0564,-0.1199,-0.0111,-0.00,-0.26,-0.30,0,3.537,5.278,1.863,4.733,0.003,-0.009,0.000,0.000,0.000,0.000,0.2970,0,-1
22598,-1.4470,-1.8377,0.2965,0.0606,-0.1119,-0.0011,0.01,-0.25,-0.05,0,3.542,6.716,4.966,5.716,0.005,-0.012,0.000,0.000,0.000,0.000,0.2960,4,2
22649,-1.4429,-1.8387,0.2966,0.0653,-0.1019,0.0041,0.28,-0.44,0.24,0,3.537,1.007,-0.049,5.463,0.005,-0.009,0.000,0.000,0.000,0.000,0.2920,1,-1
22700,-1.4437,-1.8485,0.2946,0.0600,-0.1143,-0.0048,0.34,-0.46,0.51,0,3.542,0.508,-1.733,3.199,0.002,-0.009,0.000,0.000,0.000,0.000,0.2950,2,-1
22751,-1.4397,-1.8478,0.2945,0.0660,-0.1023,-0.0032,0.20,-0.42,0.72,0,3.537,-3.110,2.782,3.584,0.004,-0.005,0.000,0.000,0.000,0.000,0.2910,4,1
22803,-1.4371,-1.8553,0.2931,0.0679,-0.1094,-0.0083,0.13,-0.49,0.91,0,3.542,1.511,-1.552,2.016,0.002,-0.012,0.000,0.000,0.000,0.000,0.2910,9,1
22853,-1.4346,-1.8585,0.2928,0.0700,-0.1048,-0.0053,0.20,-0.44,1.04,0,3.531,-3.560,-1.484,1.503,0.001,-0.006,0.000,0.000,0.000,0.000,0.2920,0,-2
22904,-1.4338,-1.8667,0.2918,0.0676,-0.1120,-0.0042,0.02,-0.42,1.14,0,3.537,-5.153,2.279,1.235,0.005,-0.007,0.000,0.000,0.000,0.000,0.2970,1,0
22955,-1.4324,-1.8744,0.2917,0.0661,-0.1169,0.0009,-0.20,-0.44,1.20,0,3.537,-3.498,3.021,0.991,0.004,0.003,0.000,0.000,0.000,0.000,0.2940,2,1
23006,-1.4306,-1.8821,0.2944,0.0657,-0.1205,0.0153,-0.27,-0.62,1.23,0,3.542,2.270,3.730,0.018,0.001,-0.005,0.000,0.000,0.000,0.000,0.2930,8,3
23057,-1.4266,-1.8848,0.2952,0.0724,-0.1097,0.0175,-0.33,-0.81,1.25,0,3.531,-3.208,0.870,0.057,0.004,-0.006,0.000,0.000,0.000,0.000,0.2970,0,-2
23108,-1.4263,-1.8925,0.2958,0.0707,-0.1118,0.0183,-0.55,-0.90,1.25,0,3.542,-2.784,-0.274,-0.522,0.003,-0.006,0.000,0.000,0.000,0.000,0.2950,0,-1
23159,-1.4242,-1.9003,0.2967,0.0737,-0.1139,0.0185,-0.58,-0.83,1.24,0,3.537,-1.970,-0.168,-1.059,0.000,-0.003,0.000,0.000,0.000,0.000,0.2950,4,-1
23210,-1.4193,-1.9009,0.2960,0.0837,-0.0955,0.0100,-0.70,-0.85,1.18,0,3.542,-2.067,0.197,-0.927,0.004,-0.007,0.000,0.000,0.000,0.000,0.2930,1,-1
23261,-1.4162,-1.9095,0.2965,0.0875,-0.0998,0.0093,-0.65,-0.91,1.11,0,3.531,-1.330,-0.501,-2.095,0.006,-0.004,0.000,0.000,0.000,0.000,0.2950,1,-4
23312,-1.4105,-1.9110,0.2951,0.0983,-0.0851,0.0019,-0.69,-0.86,1.03,0,3.537,-4.360,-3.480,-2.876,0.000,-0.004,0.000,0.000,0.000,0.000,0.2940,0,-2
23363,-1.4053,-1.9142,0.2952,0.1053,-0.0768,0.0038,-0.78,-0.61,0.90,0,3.526,-0.681,-4.203,-4.340,0.000,-0.008,0.000,0.000,0.000,0.000,0.2960,1,-2
23414,-1.3998,-1.9160,0.2953,0.1102,-0.0651,0.0069,-0.89,-0.36,0.71,0,3.537,2.055,-2.388,-3.530,-0.001,-0.006,0.000,0.000,0.000,0.000,0.2950,0,-3
23465,-1.3941,-1.9179,0.2958,0.1135,-0.0542,0.0116,-0.76,-0.19,0.50,0,3.531,4.177,-2.675,-5.563,0.002,-0.007,0.000,0.000,0.000,0.000,0.2930,-3,-3
23517,-1.3878,-1.9195,0.2948,0.1161,-0.0450,0.0082,-0.55,-0.06,0.22,0,3.537,3.129,0.786,-8.266,0.003,-0.008,0.000,0.000,0.000,0.000,0.2920,-3,-3
23567,-1.3806,-1.9194,0.2953,0.1206,-0.0345,0.0121,-0.45,-0.11,-0.15,0,3.526,7.461,-1.307,-8.920,0.004,-0.005,0.000,0.000,0.000,0.000,0.2910,0,-2
23618,-1.3745,-1.9172,0.2929,0.1216,-0.0208,0.0027,-0.10,-0.09,-0.59,0,3.537,4.676,-0.452,-9.784,-0.003,-0.008,0.000,0.000,0.000,0.000,0.2930,-2,0
23669,-1.3681,-1.9178,0.2932,0.1232,-0.0188,0.0093,0.14,-0.05,-1.08,0,3.526,2.318,1.356,-11.400,-0.000,-0.001,0.000,0.000,0.000,0.000,0.2940,0,-3
23720,-1.3619,-1.9168,0.2938,0.1238,-0.0151,0.0164,0.23,-0.10,-1.61,0,3.537,7.106,2.805,-11.967,-0.001,-0.004,0.000,0.000,0.000,0.000,0.2970,-3,-2
23771,-1.3572,-1.9206,0.2948,0.1207,-0.0262,0.0229,0.56,-0.18,-2.20,0,3.531,-2.600,-1.453,-10.967,0.000,-0.011,0.000,0.000,0.000,0.000,0.3000,0,-2
23822,-1.3519,-1.9188,0.2985,0.1199,-0.0226,0.0400,0.50,-0.20,-2.75,0,3.542,3.536,3.194,-9.977,0.003,-0.002,0.000,0.000,0.000,0.000,0.2960,-3,-3
23873,-1.3471,-1.9209,0.3007,0.1181,-0.0299,0.0443,0.65,-0.29,-3.26,0,3.531,-1.244,5.432,-8.801,0.004,-0.011,0.000,0.000,0.000,0.000,0.2990,0,-3
23924,-1.3413,-1.9189,0.3000,0.1198,-0.0261,0.0320,0.64,-0.54,-3.73,0,3.537,0.366,0.032,-7.100,0.001,-0.005,0.000,0.000,0.000,0.000,0.3040,3,-2
23975,-1.3365,-1.9213,0.3016,0.1205,-0.0341,0.0338,0.58,-0.57,-4.12,0,3.531,0.298,0.279,-5.516,-0.001,-0.006,0.000,0.000,0.000,0.000,0.3020,1,-1
24026,-1.3299,-1.9241,0.3037,0.1258,-0.0420,0.0353,0.60,-0.53,-4.44,0,3.542,-0.131,3.232,-4.688,0.001,-0.010,0.000,0.000,0.000,0.000,0.3030,1,-1
24077,-1.3247,-1.9253,0.3055,0.1272,-0.0447,0.0347,0.56,-0.72,-4.67,0,3.537,-1.026,0.308,-2.382,-0.002,-0.009,0.000,0.000,0.000,0.000,0.3060,2,-1
24128,-1.3188,-1.9279,0.3060,0.1316,-0.0502,0.0287,0.44,-0.76,-4.79,0,3.542,-6.209,-2.609,1.145,-0.001,-0.005,0.000,0.000,0.000,0.000,0.3060,0,0
24179,-1.3118,-1.9299,0.3074,0.1384,-0.0526,0.0274,0.21,-0.67,-4.79,0,3.531,0.832,0.504,0.850,-0.000,-0.008,0.000,0.000,0.000,0.000,0.3110,0,-3
24230,-1.3056,-1.9324,0.3093,0.1418,-0.0535,0.0294,-0.03,-0.63,-4.71,0,3.542,0.831,0.053,1.143,-0.004,-0.005,0.000,0.000,0.000,0.000,0.3150,0,-3
24281,-1.2990,-1.9350,0.3108,0.1451,-0.0534,0.0273,-0.15,-0.53,-4.60,0,3.537,-2.492,-1.743,2.669,0.001,-0.010,0.000,0.000,0.000,0.000,0.3140,1,0
24332,-1.2916,-1.9360,0.3144,0.1495,-0.0481,0.0333,-0.31,-0.40,-4.46,0,3.542,-1.783,-4.004,2.423,-0.001,-0.011,0.000,0.000,0.000,0.000,0.3170,0,-3
24383,-1.2856,-1.9398,0.3159,0.1491,-0.0493,0.0285,-0.43,-0.23,-4.33,0,3.537,-0.814,-1.778,1.610,-0.004,-0.008,0.000,0.000,0.000,0.000,0.3170,2,-2
24434,-1.2782,-1.9409,0.3175,0.1508,-0.0424,0.0227,-0.57,-0.18,-4.21,0,3.542,-4.400,-1.634,3.644,-0.002,-0.009,0.000,0.000,0.000,0.000,0.3150,0,-5
24485,-1.2714,-1.9438,0.3185,0.1504,-0.0395,0.0162,-0.70,-0.09,-4.08,0,3.537,0.205,-2.511,1.503,-0.000,-0.011,0.000,0.000,0.000,0.000,0.3100,-1,-1
24536,-1.2617,-1.9467,0.3142,0.1566,-0.0362,-0.0137,-0.75,0.02,-3.95,0,3.537,-4.879,-1.235,2.133,-0.003,-0.009,0.000,0.000,0.000,0.000,0.3090,0,-2
24587,-1.2550,-1.9465,0.3134,0.1539,-0.0253,-0.0183,-0.89,0.13,-3.83,0,3.526,2.695,-1.990,1.198,-0.005,-0.008,0.000,0.000,0.000,0.000,0.3060,0,-1
24638,-1.2474,-1.9478,0.3082,0.1530,-0.0182,-0.0380,-0.85,0.21,-3.75,0,3.531,4.572,2.790,0.154,-0.005,-0.006,0.000,0.000,0.000,0.000,0.3040,-2,-1
24689,-1.2389,-1.9488,0.3064,0.1542,-0.0117,-0.0345,-0.80,0.17,-3.71,0,3.526,1.577,0.526,0.930,-0.004,-0.007,0.000,0.000,0.000,0.000,0.3060,0,-6
24740,-1.2336,-1.9476,0.3044,0.1476,-0.0009,-0.0299,-0.79,0.12,-3.61,0,3.531,-2.529,-0.980,1.894,-0.007,-0.013,0.000,0.000,0.000,0.000,0.3090,0,-3
24791,-1.2234,-1.9470,0.3031,0.1533,0.0071,-0.0228,-0.73,0.14,-3.53,0,3.526,-2.727,0.035,0.946,-0.005,-0.009,0.000,0.000,0.000,0.000,0.3060,0,0
24842,-1.2142,-1.9454,0.3056,0.1559,0.0162,-0.0017,-0.74,0.17,-3.47,0,3.537,6.325,-1.880,-0.514,-0.003,-0.011,0.000,0.000,0.000,0.000,0.3050,0,-3
24894,-1.2079,-1.9439,0.3056,0.1513,0.0239,0.0042,-0.64,0.25,-3.46,0,3.526,7.952,-2.612,-1.049,-0.001,-0.006,0.000,0.000,0.000,0.000,0.3030,-2,-2
24944,-1.2020,-1.9433,0.3046,0.1451,0.0271,0.0015,-0.34,0.28,-3.48,0,3.537,-5.167,2.466,-1.431,-0.003,-0.007,0.000,0.000,0.000,0.000,0.3050,-1,0
24996,-1.1948,-1.9427,0.3047,0.1429,0.0280,0.0031,-0.35,0.27,-3.55,0,3.531,4.785,0.471,-2.933,0.000,-0.009,0.000,0.000,0.000,0.000,0.3010,0,-5
25046,-1.1918,-1.9410,0.3034,0.1313,0.0323,-0.0021,-0.40,0.26,-3.64,0,3.531,0.623,3.985,-2.549,-0.005,-0.010,0.000,0.000,0.000,0.000,0.3010,-1,0
25097,-1.1849,-1.9400,0.3033,0.1303,0.0343,-0.0004,-0.30,0.14,-3.76,0,3.526,3.802,3.470,-3.376,-0.001,-0.007,0.000,0.000,0.000,0.000,0.3010,-2,-3
25148,-1.1811,-1.9396,0.3016,0.1233,0.0334,-0.0056,-0.22,0.02,-3.91,0,3.531,-3.548,3.193,-2.314,0.000,-0.009,0.000,0.000,0.000,0.000,0.3030,0,-1
25199,-1.1748,-1.9375,0.3014,0.1236,0.0363,-0.0019,-0.36,-0.10,-4.04,0,3.526,2.236,0.769,-2.226,0.002,-0.008,0.000,0.000,0.000,0.000,0.3000,0,-1
25250,-1.1696,-1.9368,0.3014,0.1227,0.0365,0.0018,-0.34,-0.17,-4.13,0,3.531,-2.965,0.778,-2.589,-0.003,-0.015,0.000,0.000,0.000,0.000,0.3010,-1,-1
25301,-1.1641,-1.9371,0.3016,0.1227,0.0341,0.0058,-0.27,-0.15,-4.27,0,3.526,4.337,0.984,-4.777,-0.003,-0.015,0.000,0.000,0.000,0.000,0.3040,0,0
25352,-1.1567,-1.9351,0.3027,0.1274,0.0369,0.0132,-0.28,-0.26,-4.43,0,3.531,-1.239,-0.994,-3.245,-0.001,-0.010,0.000,0.000,0.000,0.000,0.3040,0,-2
25404,-1.1508,-1.9341,0.3034,0.1283,0.0370,0.0163,-0.35,-0.26,-4.60,0,3.526,-1.484,-0.880,-2.306,-0.002,-0.009,0.000,0.000,0.000,0.000,0.3030,0,-2
25454,-1.1448,-1.9331,0.3040,0.1294,0.0379,0.0158,-0.38,-0.18,-4.73,0,3.531,-1.240,1.926,0.530,-0.006,-0.012,0.000,0.000,0.000,0.000,0.3030,0,0
25505,-1.1373,-1.9333,0.3046,0.1366,0.0359,0.0158,-0.34,-0.29,-4.77,0,3.526,-4.051,-3.926,3.114,-0.004,-0.013,0.000,0.000,0.000,0.000,0.3020,-1,-2
25556,-1.1309,-1.9321,0.3035,0.1379,0.0373,0.0054,-0.50,-0.09,-4.66,0,3.531,1.281,-0.438,4.352,-0.002,-0.014,0.000,0.000,0.000,0.000,0.3020,0,0
25607,-1.1249,-1.9311,0.3038,0.1369,0.0388,0.0056,-0.38,-0.01,-4.46,0,3.526,-8.775,-4.462,7.812,0.001,-0.009,0.000,0.000,0.000,0.000,0.2990,1,-2
25658,-1.1175,-1.9312,0.3015,0.1385,0.0371,-0.0076,-0.58,0.09,-4.09,0,3.531,-4.880,-4.317,8.811,-0.002,-0.009,0.000,0.000,0.000,0.000,0.3010,0,-4
25709,-1.1136,-1.9305,0.3011,0.1307,0.0393,-0.0066,-0.83,0.34,-3.65,0,3.521,-2.080,-0.215,10.364,-0.005,-0.012,0.000,0.000,0.000,0.000,0.3030,0,0
25760,-1.1053,-1.9312,0.3017,0.1328,0.0398,-0.0005,-0.90,0.39,-3.14,0,3.531,-3.357,-2.076,10.838,-0.002,-0.017,0.000,0.000,0.000,0.000,0.2990,0,-3
25812,-1.1005,-1.9307,0.3017,0.1256,0.0435,0.0011,-0.89,0.54,-2.60,0,3.526,-5.472,0.652,9.275,-0.001,-0.017,0.000,0.000,0.000,0.000,0.2990,0,0
25863,-1.0958,-1.9300,0.2998,0.1174,0.0476,-0.0075,-1.15,0.57,-2.13,0,3.531,-1.084,3.252,8.441,0.000,-0.013,0.000,0.000,0.000,0.000,0.2990,0,0
25913,-1.0901,-1.9293,0.2995,0.1127,0.0530,-0.0066,-1.32,0.44,-1.71,0,3.521,0.455,0.869,8.254,0.002,-0.012,0.000,0.000,0.000,0.000,0.2980,-2,-2
25964,-1.0842,-1.9272,0.2986,0.1099,0.0624,-0.0088,-1.28,0.38,-1.32,0,3.526,-7.202,-5.736,6.452,-0.001,-0.012,0.000,0.000,0.000,0.000,0.2970,0,-1
26015,-1.0813,-1.9251,0.2982,0.1012,0.0703,-0.0079,-1.47,0.64,-1.01,0,3.521,-4.005,-2.265,3.024,0.001,-0.009,0.000,0.000,0.000,0.000,0.2970,0,-1
26066,-1.0775,-1.9229,0.2971,0.0933,0.0791,-0.0087,-1.68,0.81,-0.82,0,3.526,3.895,2.960,1.435,-0.005,-0.012,0.000,0.000,0.000,0.000,0.2960,0,-1
26117,-1.0758,-1.9202,0.2968,0.0802,0.0898,-0.0055,-1.57,0.71,-0.76,0,3.521,3.712,6.452,-0.856,0.002,-0.015,0.000,0.000,0.000,0.000,0.2970,-2,0
26168,-1.0739,-1.9165,0.2965,0.0697,0.1013,-0.0027,-1.45,0.43,-0.76,0,3.526,5.073,1.899,-0.761,-0.000,-0.015,0.000,0.000,0.000,0.000,0.2970,-3,-1
26219,-1.0734,-1.9112,0.2965,0.0597,0.1137,0.0005,-1.24,0.30,-0.78,0,3.521,5.447,5.914,-0.082,0.002,-0.016,0.000,0.000,0.000,0.000,0.2980,-2,0
26270,-1.0706,-1.9035,0.2973,0.0568,0.1286,0.0074,-1.12,0.12,-0.77,0,3.526,10.296,2.987,-1.368,-0.001,-0.018,0.000,0.000,0.000,0.000,0.3000,-2,0
26321,-1.0696,-1.8981,0.2978,0.0516,0.1353,0.0100,-0.73,-0.06,-0.82,0,3.521,0.104,0.996,-1.236,0.001,-0.014,0.000,0.000,0.000,0.000,0.2960,-3,0
26372,-1.0676,-1.8904,0.2980,0.0509,0.1435,0.0073,-0.67,-0.16,-0.89,0,3.526,4.218,-0.462,-1.816,-0.003,-0.013,0.000,0.000,0.000,0.000,0.2990,-1,0
26423,-1.0663,-1.8842,0.2984,0.0494,0.1465,0.0076,-0.48,-0.12,-0.99,0,3.521,3.802,0.072,-2.312,-0.004,-0.021,0.000,0.000,0.000,0.000,0.2990,-4,-1
26474,-1.0655,-1.8785,0.2991,0.0468,0.1470,0.0100,-0.24,-0.06,-1.11,0,3.526,6.270,0.239,-3.191,0.002,-0.016,0.000,0.000,0.000,0.000,0.2980,-2,0
26525,-1.0630,-1.8727,0.2996,0.0476,0.1454,0.0108,-0.05,-0.02,-1.28,0,3.521,-0.178,2.899,-2.262,0.002,-0.015,0.000,0.000,0.000,0.000,0.2970,0,-1
26576,-1.0624,-1.8674,0.2984,0.0440,0.1414,0.0036,-0.08,-0.17,-1.40,0,3.521,0.050,0.092,-2.010,0.001,-0.017,0.000,0.000,0.000,0.000,0.2980,-4,-2
26627,-1.0597,-1.8598,0.2986,0.0464,0.1434,0.0056,-0.13,-0.17,-1.52,0,3.521,1.647,-2.971,-2.767,0.003,-0.016,0.000,0.000,0.000,0.000,0.2970,-1,0
26678,-1.0555,-1.8505,0.2980,0.0522,0.1496,0.0045,-0.12,-0.08,-1.64,0,3.526,0.234,-2.844,-2.450,0.001,-0.019,0.000,0.000,0.000,0.000,0.2950,-3,0
26729,-1.0546,-1.8474,0.2983,0.0490,0.1403,0.0084,-0.14,-0.01,-1.76,0,3.516,-0.300,-0.629,-3.002,-0.001,-0.015,0.000,0.000,0.000,0.000,0.2980,-3,-1
26780,-1.0526,-1.8421,0.2975,0.0481,0.1367,0.0078,-0.18,0.08,-1.90,0,3.526,-4.257,-3.081,-0.977,0.002,-0.019,0.000,0.000,0.000,0.000,0.2980,0,0
26831,-1.0503,-1.8347,0.2980,0.0471,0.1396,0.0128,-0.31,0.26,-1.98,0,3.521,-0.050,-2.566,-0.475,0.001,-0.013,0.000,0.000,0.000,0.000,0.2990,-4,-2
26882,-1.0484,-1.8295,0.2989,0.0438,0.1376,0.0172,-0.32,0.35,-2.01,0,3.526,-0.323,-3.296,0.553,-0.002,-0.017,0.000,0.000,0.000,0.000,0.2950,-1,0
26933,-1.0443,-1.8212,0.2998,0.0459,0.1436,0.0197,-0.32,0.48,-1.98,0,3.516,1.428,-5.200,1.147,-0.003,-0.013,0.000,0.000,0.000,0.000,0.2960,-3,-2
26984,-1.0428,-1.8164,0.2973,0.0399,0.1406,0.0072,-0.30,0.67,-1.93,0,3.526,0.657,-2.568,0.713,-0.001,-0.013,0.000,0.000,0.000,0.000,0.2990,-1,-1
27035,-1.0387,-1.8069,0.2978,0.0397,0.1494,0.0108,-0.37,0.81,-1.88,0,3.521,-0.599,1.429,1.686,-0.001,-0.012,0.000,0.000,0.000,0.000,0.2990,-1,0
27086,-1.0374,-1.8026,0.2990,0.0317,0.1450,0.0171,-0.35,0.85,-1.83,0,3.526,-3.276,2.925,1.022,0.001,-0.014,0.000,0.000,0.000,0.000,0.2980,-1,0
27137,-1.0373,-1.7965,0.3000,0.0214,0.1456,0.0200,-0.41,0.75,-1.79,0,3.521,0.459,-0.143,0.382,0.004,-0.019,0.000,0.000,0.000,0.000,0.2970,0,1
27188,-1.0369,-1.7899,0.2988,0.0139,0.1478,0.0109,-0.30,0.78,-1.79,0,3.521,4.848,-1.039,-0.546,0.002,-0.014,0.000,0.000,0.000,0.000,0.3040,-1,0
27239,-1.0392,-1.7865,0.2994,0.0007,0.1410,0.0125,-0.19,0.80,-1.78,0,3.521,-0.514,4.345,1.284,0.003,-0.014,0.000,0.000,0.000,0.000,0.3040,0,2
27290,-1.0380,-1.7809,0.3031,-0.0030,0.1393,0.0285,-0.10,0.60,-1.75,0,3.531,-0.422,1.239,0.634,0.004,-0.021,0.000,0.000,0.000,0.000,0.3020,-4,1
27341,-1.0413,-1.7782,0.3046,-0.0149,0.1306,0.0286,-0.14,0.51,-1.69,0,3.521,-4.216,2.748,1.744,0.002,-0.013,0.000,0.000,0.000,0.000,0.3080,-4,0
27392,-1.0430,-1.7742,0.3060,-0.0211,0.1263,0.0275,-0.21,0.37,-1.63,0,3.531,2.565,2.307,0.109,0.001,-0.017,0.000,0.000,0.000,0.000,0.3070,0,1
27444,-1.0440,-1.7656,0.3074,-0.0240,0.1330,0.0263,-0.19,0.21,-1.61,0,3.526,-0.840,2.231,-0.286,0.003,-0.015,0.000,0.000,0.000,0.000,0.3060,0,2
27494,-1.0467,-1.7651,0.3074,-0.0289,0.1211,0.0181,-0.17,0.16,-1.64,0,3.526,-5.187,1.627,0.334,0.006,-0.014,0.000,0.000,0.000,0.000,0.3040,-3,-1
27545,-1.0495,-1.7609,0.3083,-0.0330,0.1189,0.0156,-0.34,0.08,-1.66,0,3.516,-2.650,-0.485,0.207,0.000,-0.013,0.000,0.000,0.000,0.000,0.3020,-1,2
27596,-1.0490,-1.7558,0.3048,-0.0288,0.1193,-0.0056,-0.47,0.12,-1.65,0,3.521,-1.077,-3.001,-0.768,0.002,-0.013,0.000,0.000,0.000,0.000,0.3050,0,0
27647,-1.0523,-1.7514,0.3045,-0.0337,0.1195,-0.0059,-0.61,0.24,-1.63,0,3.516,-3.229,-0.048,-0.711,0.001,-0.015,0.000,0.000,0.000,0.000,0.3060,-4,0
27698,-1.0530,-1.7413,0.3051,-0.0335,0.1333,-0.0005,-0.65,0.29,-1.70,0,3.521,5.095,-2.417,-2.514,0.003,-0.013,0.000,0.000,0.000,0.000,0.3040,-10,-1
27750,-1.0563,-1.7378,0.3052,-0.0396,0.1308,0.0020,-0.50,0.34,-1.82,0,3.516,4.257,-2.658,-2.458,0.004,-0.020,0.000,0.000,0.000,0.000,0.3050,0,1
27800,-1.0571,-1.7260,0.3048,-0.0397,0.1462,0.0020,-0.38,0.41,-1.91,0,3.521,2.185,-2.702,-2.701,0.005,-0.017,0.000,0.000,0.000,0.000,0.3030,0,2
27851,-1.0580,-1.7155,0.3049,-0.0407,0.1561,0.0044,-0.18,0.52,-2.02,0,3.516,4.065,-1.618,-2.501,0.002,-0.012,0.000,0.000,0.000,0.000,0.3030,0,1
27902,-1.0602,-1.7078,0.3037,-0.0453,0.1580,-0.0004,0.01,0.63,-2.14,0,3.521,2.359,0.914,-3.175,0.001,-0.013,0.000,0.000,0.000,0.000,0.3030,-4,-1
27953,-1.0632,-1.6996,0.3037,-0.0518,0.1594,0.0006,0.08,0.60,-2.28,0,3.516,1.003,1.104,-3.171,0.002,-0.017,0.000,0.000,0.000,0.000,0.3060,0,2
28004,-1.0667,-1.6955,0.3045,-0.0589,0.1497,0.0064,0.23,0.55,-2.47,0,3.526,4.949,1.592,-3.802,0.004,-0.013,0.000,0.000,0.000,0.000,0.3050,0,2
28055,-1.0675,-1.6846,0.3049,-0.0588,0.1551,0.0077,0.41,0.51,-2.63,0,3.521,1.463,2.615,-3.416,0.003,-0.016,0.000,0.000,0.000,0.000,0.3000,-9,0
28106,-1.0714,-1.6828,0.3032,-0.0650,0.1390,-0.0028,0.40,0.39,-2.79,0,3.521,-1.813,1.101,-1.503,-0.000,-0.018,0.000,0.000,0.000,0.000,0.3040,0,1
28157,-1.0762,-1.6743,0.3030,-0.0721,0.1378,-0.0034,0.50,0.35,-2.90,0,3.516,-2.919,1.842,-0.318,0.003,-0.017,0.000,0.000,0.000,0.000,0.3080,-1,0
28208,-1.0773,-1.6658,0.3053,-0.0688,0.1382,0.0090,0.53,0.22,-2.99,0,3.526,-6.792,-3.909,-0.479,0.004,-0.014,0.000,0.000,0.000,0.000,0.3040,0,2
28259,-1.0815,-1.6636,0.3058,-0.0728,0.1236,0.0092,0.41,0.35,-3.05,0,3.516,-0.080,-4.951,-1.816,0.002,-0.016,0.000,0.000,0.000,0.000,0.3030,-1,1
28310,-1.0851,-1.6571,0.3043,-0.0759,0.1218,-0.0004,0.38,0.46,-3.13,0,3.521,-4.559,2.311,-0.885,0.002,-0.018,0.000,0.000,0.000,0.000,0.3030,0,2
28361,-1.0878,-1.6531,0.3043,-0.0773,0.1143,-0.0021,0.21,0.43,-3.20,0,3.516,0.917,1.278,-2.371,0.007,-0.013,0.000,0.000,0.000,0.000,0.3040,-3,2
28413,-1.0932,-1.6524,0.3037,-0.0844,0.1013,-0.0042,0.24,0.40,-3.33,0,3.521,-2.000,-1.660,-3.126,0.006,-0.012,0.000,0.000,0.000,0.000,0.3030,0,2
28463,-1.0977,-1.6489,0.3035,-0.0882,0.0958,-0.0034,0.22,0.44,-3.46,0,3.516,-3.588,3.101,-3.319,0.002,-0.017,0.000,0.000,0.000,0.000,0.3030,-3,1
28514,-1.1034,-1.6469,0.3030,-0.0947,0.0882,-0.0046,-0.06,0.41,-3.60,0,3.516,-1.998,0.106,-2.772,0.002,-0.017,0.000,0.000,0.000,0.000,0.2990,0,1
28565,-1.1078,-1.6433,0.3028,-0.0972,0.0869,-0.0033,-0.13,0.33,-3.73,0,3.510,-2.541,1.685,-1.491,0.004,-0.021,0.000,0.000,0.000,0.000,0.2980,-1,1
28616,-1.1126,-1.6389,0.2995,-0.0994,0.0884,-0.0159,-0.18,0.23,-3.85,0,3.516,-1.669,2.659,-0.631,0.002,-0.016,0.000,0.000,0.000,0.000,0.2980,0,3
28667,-1.1185,-1.6379,0.2987,-0.1035,0.0817,-0.0144,-0.16,0.22,-3.90,0,3.510,1.583,4.260,0.113,0.002,-0.014,0.000,0.000,0.000,0.000,0.2960,0,2
28718,-1.1238,-1.6357,0.2969,-0.1053,0.0784,-0.0177,-0.08,0.09,-3.89,0,3.516,-3.518,-2.735,2.778,0.004,-0.014,0.000,0.000,0.000,0.000,0.2960,0,3
28769,-1.1259,-1.6255,0.2961,-0.0974,0.0951,-0.0153,-0.26,0.04,-3.76,0,3.510,-0.087,-2.708,4.397,0.003,-0.013,0.000,0.000,0.000,0.000,0.2920,0,3
28820,-1.1327,-1.6237,0.2939,-0.1021,0.0901,-0.0196,-0.19,0.10,-3.57,0,3.516,5.358,-4.842,3.903,0.005,-0.013,0.000,0.000,0.000,0.000,0.2940,-1,2
28871,-1.1387,-1.6215,0.2930,-0.1052,0.0858,-0.0158,0.02,0.25,-3.37,0,3.510,-1.248,-2.061,4.317,-0.001,-0.012,0.000,0.000,0.000,0.000,0.2960,-1,1
28922,-1.1413,-1.6124,0.2941,-0.1005,0.0982,-0.0044,-0.06,0.35,-3.16,0,3.516,4.846,-2.851,3.656,0.004,-0.013,0.000,0.000,0.000,0.000,0.2920,-1,2
28973,-1.1474,-1.6117,0.2940,-0.1061,0.0884,-0.0005,-0.03,0.46,-2.96,0,3.510,3.384,-0.451,1.650,0.003,-0.014,0.000,0.000,0.000,0.000,0.2910,0,0
29024,-1.1512,-1.6031,0.2921,-0.1065,0.0981,-0.0072,0.19,0.55,-2.86,0,3.516,2.960,3.872,0.343,0.002,-0.015,0.000,0.000,0.000,0.000,0.2940,0,3
29075,-1.1576,-1.6000,0.2918,-0.1135,0.0925,-0.0064,0.33,0.44,-2.81,0,3.510,0.871,2.124,0.493,0.002,-0.011,0.000,0.000,0.000,0.000,0.2920,0,2
29126,-1.1655,-1.5986,0.2924,-0.1224,0.0817,-0.0012,0.35,0.40,-2.77,0,3.516,0.083,0.024,1.167,0.004,-0.012,0.000,0.000,0.000,0.000,0.2930,-1,4
29177,-1.1714,-1.5960,0.2924,-0.1254,0.0751,0.0009,0.42,0.44,-2.71,0,3.510,1.684,1.879,1.482,0.003,-0.017,0.000,0.000,0.000,0.000,0.2910,0,0
29228,-1.1789,-1.5925,0.2921,-0.1322,0.0712,-0.0000,0.50,0.40,-2.65,0,3.516,-1.061,-0.771,0.853,0.005,-0.013,0.000,0.000,0.000,0.000,0.2900,1,1
29279,-1.1832,-1.5822,0.2921,-0.1293,0.0851,0.0018,0.39,0.34,-2.61,0,3.510,2.830,-1.939,1.360,0.003,-0.014,0.000,0.000,0.000,0.000,0.2910,-5,2
29330,-1.1911,-1.5823,0.2910,-0.1362,0.0710,-0.0008,0.52,0.46,-2.53,0,3.516,0.618,1.869,0.473,0.004,-0.016,0.000,0.000,0.000,0.000,0.2900,-5,0
29381,-1.1994,-1.5797,0.2910,-0.1441,0.0638,-0.0003,0.63,0.41,-2.46,0,3.510,-0.783,-2.766,1.602,0.006,-0.015,0.000,0.000,0.000,0.000,0.2930,0,3
29432,-1.2078,-1.5755,0.2915,-0.1507,0.0611,0.0036,0.55,0.39,-2.40,0,3.516,-1.304,7.608,-0.223,0.001,-0.010,0.000,0.000,0.000,0.000,0.2890,-4,2
29483,-1.2157,-1.5736,0.2917,-0.1548,0.0535,0.0057,0.50,0.20,-2.38,0,3.505,3.730,4.604,0.473,0.003,-0.011,0.000,0.000,0.000,0.000,0.2830,0,3
29534,-1.2213,-1.5693,0.2874,-0.1510,0.0531,-0.0138,0.61,-0.00,-2.36,0,3.510,-0.956,-0.864,1.623,0.008,-0.012,0.000,0.000,0.000,0.000,0.2910,-2,4
29585,-1.2286,-1.5658,0.2868,-0.1500,0.0496,-0.0115,0.67,-0.03,-2.30,0,3.505,-1.294,-0.550,1.719,0.006,-0.011,0.000,0.000,0.000,0.000,0.2940,0,2
29636,-1.2359,-1.5615,0.2909,-0.1495,0.0491,0.0138,0.58,0.02,-2.22,0,3.516,2.054,-4.503,2.049,0.005,-0.013,0.000,0.000,0.000,0.000,0.2890,0,1
29687,-1.2438,-1.5586,0.2917,-0.1510,0.0456,0.0162,0.71,0.15,-2.14,0,3.510,1.396,6.688,1.475,0.004,-0.009,0.000,0.000,0.000,0.000,0.2890,-4,2
29738,-1.2510,-1.5589,0.2902,-0.1517,0.0335,0.0049,0.74,0.07,-2.07,0,3.510,-0.902,-0.588,1.974,0.003,-0.009,0.000,0.000,0.000,0.000,0.2880,1,2
29789,-1.2582,-1.5550,0.2904,-0.1517,0.0330,0.0044,0.70,0.01,-2.00,0,3.505,4.628,-0.902,2.459,0.003,-0.008,0.000,0.000,0.000,0.000,0.2880,0,4
29841,-1.2638,-1.5531,0.2888,-0.1469,0.0275,-0.0028,0.87,-0.04,-1.89,0,3.510,1.486,-2.994,1.074,0.005,-0.007,0.000,0.000,0.000,0.000,0.2850,-1,2
29891,-1.2710,-1.5511,0.2887,-0.1461,0.0222,-0.0013,0.89,-0.05,-1.86,0,3.505,-0.307,-4.336,1.324,0.006,-0.008,0.000,0.000,0.000,0.000,0.2880,0,1
29943,-1.2780,-1.5480,0.2872,-0.1456,0.0206,-0.0046,0.78,0.15,-1.80,0,3.510,6.049,-1.678,1.311,0.002,-0.007,0.000,0.000,0.000,0.000,0.2830,-5,0
29993,-1.2856,-1.5478,0.2871,-0.1483,0.0118,-0.0005,0.91,0.26,-1.76,0,3.505,-2.553,3.676,0.885,0.007,-0.009,0.000,0.000,0.000,0.000,0.2840,0,3
