time_ms,pos_x,pos_y,pos_z,vel_x,vel_y,vel_z,roll,pitch,yaw,thrust,vbat,gyro_x,gyro_y,gyro_z,acc_x,acc_y,acc_z,rate_roll,rate_pitch,rate_yaw,range_z,flow_dx,flow_dy,mekf_roll,mekf_pitch,mekf_yaw,mekf_x,mekf_y,mekf_z,our_ref_x,our_ref_y,our_ref_z,our_thrust,our_roll_cmd,our_pitch_cmd,our_yaw_rate_cmd,multi_front,multi_back,multi_left,multi_right,multi_up,ai_feat_count,vo_x,vo_y,vo_sigma,pg_x,pg_y,lc_count
0,3.7861,-2.2042,0.0127,0.0002,-0.0218,0.0033,-0.90,-0.09,-0.62,0,4.086,0.204,-0.081,-0.121,-0.002,-0.018,0.998,0.000,0.000,0.000,0.0120,2,3,0.00,0.00,0.00,0.0000,0.0000,0.0000,0.0000,0.0000,0.0000,0.0000,0.00,0.00,0.00,1.8690,0.2500,0.7940,1.4660,2.7010,223,0.0000,0.0000,0.0000,0.0000,0.0000,0
100,3.7867,-2.2058,0.0125,0.0025,-0.0276,0.0016,-0.76,-0.08,-0.62,0,4.080,0.074,0.071,-0.229,-0.002,-0.017,1.001,0.000,0.000,0.000,0.0110,-31,-4,0.00,0.00,0.00,0.0000,0.0000,0.0000,0.0000,0.0000,0.0000,0.0000,0.00,0.00,0.00,1.8690,0.2500,0.7910,1.4620,2.7010,223,0.0000,0.0000,0.0000,0.0000,0.0000,0
202,3.7870,-2.2000,0.0121,0.0032,0.0114,-0.0012,-1.37,-0.15,-0.61,0,4.086,-0.139,0.104,0.085,-0.003,-0.018,0.998,0.000,0.000,0.000,0.0120,1,-1,0.00,0.00,0.00,0.0000,0.0000,0.0000,0.0000,0.0000,0.0000,0.0000,0.00,0.00,0.00,1.8670,0.0000,0.7910,1.4620,2.7040,223,0.0000,0.0000,0.0000,0.0000,0.0000,0
303,3.7869,-2.1929,0.0119,0.0015,0.0435,-0.0025,-1.31,-0.10,-0.61,0,4.080,-0.176,-0.120,-0.163,-0.001,-0.019,1.000,0.000,0.000,0.000,0.0140,18,2,0.00,0.00,0.00,0.0000,0.0000,0.0000,0.0000,0.0000,0.0000,0.0000,0.00,0.00,0.00,1.8670,0.0000,0.7920,1.4590,2.7040,223,0.0000,0.0000,0.0000,0.0000,0.0000,0
404,3.7866,-2.1957,0.0130,-0.0013,0.0194,0.0037,-0.94,-0.05,-0.62,0,4.086,-0.016,0.138,0.357,-0.003,-0.019,0.998,0.000,0.000,0.000,0.0100,2,1,0.00,0.00,0.00,0.0000,0.0000,0.0000,0.0000,0.0000,0.0000,0.0000,0.00,0.00,0.00,1.8670,0.0000,0.7920,1.4590,2.7040,223,0.0000,0.0000,0.0000,0.0000,0.0000,0
505,3.7862,-2.1966,0.0119,-0.0032,0.0134,-0.0032,-1.05,-0.05,-0.61,0,4.075,0.039,-0.136,0.020,-0.000,-0.020,1.001,0.000,0.000,0.000,0.0130,9,-1,0.00,0.00,0.00,0.0000,0.0000,0.0000,0.0000,0.0000,0.0000,0.0000,0.00,0.00,0.00,1.8670,0.0000,0.7930,1.4550,2.7040,179,0.0000,0.0000,0.0000,0.0000,0.0000,0
606,3.7868,-2.1975,0.0123,0.0012,0.0044,-0.0007,-0.91,-0.10,-0.61,0,4.091,0.021,-0.053,-0.019,-0.002,-0.019,1.000,0.000,0.000,0.000,0.0110,3,4,0.00,0.00,0.00,0.0000,0.0000,0.0000,0.0000,0.0000,0.0000,0.0000,0.00,0.00,0.00,1.8590,0.0000,0.7930,1.4550,2.7020,179,0.0000,0.0000,0.0000,0.0000,0.0000,0
708,3.7873,-2.1986,0.0117,0.0040,-0.0013,-0.0034,-0.92,-0.08,-0.60,0,4.075,-0.100,0.169,0.383,-0.001,-0.018,1.001,0.000,0.000,0.000,0.0140,-5,4,0.00,0.00,0.00,0.0000,0.0000,0.0000,0.0000,0.0000,0.0000,0.0000,0.00,0.00,0.00,1.8590,0.0000,0.7930,1.4620,2.7020,179,0.0000,0.0000,0.0000,0.0000,0.0000,0
809,3.7862,-2.2044,0.0126,-0.0019,-0.0335,0.0011,-0.76,-0.04,-0.60,0,4.086,0.057,0.168,-0.065,-0.001,-0.018,0.999,0.000,0.000,0.000,0.0120,6,0,0.00,0.00,0.00,0.0000,0.0000,0.0000,0.0000,0.0000,0.0000,0.0000,0.00,0.00,0.00,1.8680,0.0000,0.7930,1.4620,2.7010,179,0.0000,0.0000,0.0000,0.0000,0.0000,0
910,3.7852,-2.2048,0.0124,-0.0061,-0.0301,-0.0004,-0.70,-0.05,-0.60,0,4.080,0.021,-0.058,-0.094,-0.001,-0.016,0.998,0.000,0.000,0.000,0.0100,-26,0,0.00,0.00,0.00,0.0000,0.0000,0.0000,0.0000,0.0000,0.0000,0.0000,0.00,0.00,0.00,1.8680,0.0000,0.7900,1.4650,2.7010,179,0.0000,0.0000,0.0000,0.0000,0.0000,0
1011,3.7852,-2.2054,0.0115,-0.0055,-0.0271,-0.0059,-1.00,-0.04,-0.58,0,4.091,-0.088,-0.079,0.156,-0.003,-0.018,0.999,0.000,0.000,0.000,0.0090,-15,8,0.00,0.00,0.00,0.0000,0.0000,0.0000,0.0000,0.0000,0.0000,0.0000,0.00,0.00,0.00,1.8650,0.2470,0.7900,1.4650,2.6990,179,0.0000,0.0000,0.0000,0.0000,0.0000,0
1113,3.7856,-2.1986,0.0103,-0.0032,0.0116,-0.0108,-1.20,0.00,-0.56,0,4.075,-0.013,0.128,0.405,-0.003,-0.019,0.999,0.000,0.000,0.000,0.0120,18,3,0.00,0.00,0.00,0.0000,0.0000,0.0000,0.0000,0.0000,0.0000,0.0000,0.00,0.00,0.00,1.8650,0.2470,0.7950,1.4540,2.6990,179,0.0000,0.0000,0.0000,0.0000,0.0000,0
1213,3.7858,-2.1908,0.0105,-0.0021,0.0487,-0.0075,-1.17,-0.06,-0.56,0,4.091,0.138,-0.265,-0.225,-0.000,-0.017,0.999,0.000,0.000,0.000,0.0120,-3,5,0.00,0.00,0.00,0.0000,0.0000,0.0000,0.0000,0.0000,0.0000,0.0000,0.00,0.00,0.00,1.8740,0.2550,0.7950,1.4540,2.7080,179,0.0000,0.0000,0.0000,0.0000,0.0000,0
1315,3.7823,-2.1940,0.0113,-0.0194,0.0237,-0.0021,-1.15,0.09,-0.56,0,4.080,-0.270,-0.251,-0.053,-0.001,-0.019,1.000,0.000,0.000,0.000,0.0130,-16,7,0.00,0.00,0.00,0.0000,0.0000,0.0000,0.0000,0.0000,0.0000,0.0000,0.00,0.00,0.00,1.8740,0.2550,0.7910,1.4560,2.7080,113,0.0000,0.0000,0.0000,0.0000,0.0000,0
1416,3.7789,-2.1972,0.0120,-0.0320,0.0021,0.0021,-1.09,0.19,-0.56,0,4.086,0.067,0.297,-0.312,-0.001,-0.020,0.999,0.000,0.000,0.000,0.0090,-2,3,0.00,0.00,0.00,0.0000,0.0000,0.0000,0.0000,0.0000,0.0000,0.0000,0.00,0.00,0.00,1.8630,0.2460,0.7910,1.4560,2.7130,113,0.0000,0.0000,0.0000,0.0000,0.0000,0
1517,3.7786,-2.1921,0.0108,-0.0275,0.0242,-0.0043,-1.12,0.10,-0.55,0,4.086,-0.079,-0.069,-0.009,-0.000,-0.016,0.997,0.000,0.000,0.000,0.0110,-16,-7,0.00,0.00,0.00,0.0000,0.0000,0.0000,0.0000,0.0000,0.0000,0.0000,0.00,0.00,0.00,1.8630,0.2460,0.7940,1.4600,2.7130,113,0.0000,0.0000,0.0000,0.0000,0.0000,0
1569,3.7770,-2.1955,0.0109,-0.0283,0.0014,-0.0033,-1.07,0.00,-0.56,0,4.086,0.063,0.130,0.197,-0.001,-0.016,1.000,0.000,0.000,0.000,0.0110,4,0,0.00,0.00,0.00,0.0000,0.0000,0.0000,0.0000,0.0000,0.0000,0.0000,0.00,0.00,0.00,1.8730,0.0000,0.7940,1.4600,2.7030,113,0.0000,0.0000,0.0000,0.0000,0.0000,0
1621,3.7794,-2.1976,0.0110,-0.0101,-0.0138,-0.0023,-0.76,-0.07,-0.58,0,4.080,0.075,-0.032,-0.186,-0.004,-0.019,1.002,0.000,0.000,0.000,0.0100,0,0,0.00,0.00,0.00,0.0000,0.0000,0.0000,0.0000,0.0000,0.0000,0.0000,0.00,0.00,0.00,1.8730,0.0000,0.7950,1.4620,2.7030,113,0.0000,0.0000,0.0000,0.0000,0.0000,0
1671,3.7806,-2.1981,0.0105,-0.0015,-0.0152,-0.0041,-0.80,-0.14,-0.58,0,4.086,0.124,-0.092,0.135,-0.002,-0.017,0.998,0.000,0.000,0.000,0.0130,-4,-5,0.00,0.00,0.00,0.0000,0.0000,0.0000,0.0000,0.0000,0.0000,0.0000,0.00,0.00,0.00,1.8660,0.2420,0.7950,1.4620,2.7050,113,0.0000,0.0000,0.0000,0.0000,0.0000,0
1723,3.7792,-2.1990,0.0115,-0.0085,-0.0176,0.0019,-0.83,-0.14,-0.57,0,4.080,-0.099,-0.108,-0.258,-0.003,-0.018,0.999,0.000,0.000,0.000,0.0120,9,0,0.00,0.00,0.00,0.0000,0.0000,0.0000,0.0000,0.0000,0.0000,0.0000,0.00,0.00,0.00,1.8660,0.2420,0.7910,1.4670,2.7050,113,0.0000,0.0000,0.0000,0.0000,0.0000,0
1774,3.7791,-2.2007,0.0118,-0.0083,-0.0245,0.0026,-0.66,-0.09,-0.57,0,4.086,0.334,-0.063,-0.418,-0.002,-0.017,0.999,0.000,0.000,0.000,0.0100,-13,0,0.00,0.00,0.00,0.0000,0.0000,0.0000,0.0000,0.0000,0.0000,0.0000,0.00,0.00,0.00,1.8690,0.2570,0.7910,1.4670,2.6930,113,0.0000,0.0000,0.0000,0.0000,0.0000,0
1825,3.7801,-2.2083,0.0110,-0.0006,-0.0578,-0.0025,-0.66,-0.15,-0.58,0,4.086,0.011,0.209,-0.341,-0.002,-0.019,1.000,0.000,0.000,0.000,0.0120,10,5,0.00,0.00,0.00,0.0000,0.0000,0.0000,0.0000,0.0000,0.0000,0.0000,0.00,0.00,0.00,1.8690,0.2570,0.7920,1.4680,2.6930,113,0.0000,0.0000,0.0000,0.0000,0.0000,0
1877,3.7802,-2.1997,0.0117,0.0006,-0.0074,0.0015,-0.82,-0.11,-0.57,0,4.086,-0.176,0.031,0.280,-0.003,-0.016,1.000,0.000,0.000,0.000,0.0110,2,-3,0.00,0.00,0.00,0.0000,0.0000,0.0000,0.0000,0.0000,0.0000,0.0000,0.00,0.00,0.00,1.8640,0.0000,0.7920,1.4680,2.6980,113,0.0000,0.0000,0.0000,0.0000,0.0000,0
1929,3.7791,-2.2010,0.0115,-0.0052,-0.0116,-0.0003,-0.88,-0.14,-0.57,0,4.080,-0.138,0.168,-0.309,-0.000,-0.019,1.000,0.000,0.000,0.000,0.0120,10,-26,0.00,0.00,0.00,0.0000,0.0000,0.0000,0.0000,0.0000,0.0000,0.0000,0.00,0.00,0.00,1.8640,0.0000,0.7930,1.4470,2.6980,57,0.0000,0.0000,0.0000,0.0000,0.0000,0
1981,3.7800,-2.2029,0.0117,0.0012,-0.0192,0.0008,-0.76,-0.39,-0.60,0,4.086,0.072,0.108,0.025,-0.005,-0.018,0.999,0.000,0.000,0.000,0.0120,0,4,0.00,0.00,0.00,0.0000,0.0000,0.0000,0.0000,0.0000,0.0000,0.0000,0.00,0.00,0.00,1.8650,0.2560,0.7930,1.4470,2.6950,57,0.0000,0.0000,0.0000,0.0000,0.0000,0
2032,3.7853,-2.2100,0.0119,0.0254,-0.0468,0.0008,-0.67,-0.29,-0.57,0,4.080,0.144,-0.127,-0.285,-0.003,-0.018,0.998,0.000,0.000,0.000,0.0100,-11,-1,0.00,0.00,0.00,0.0000,0.0000,0.0000,0.0000,0.0000,0.0000,0.0000,0.00,0.00,0.00,1.8650,0.2560,0.7940,1.4580,2.6950,57,0.0000,0.0000,0.0000,0.0000,0.0000,0
2083,3.7854,-2.2122,0.0112,0.0225,-0.0490,-0.0030,-0.77,-0.30,-0.58,0,4.086,-0.089,-0.248,0.114,-0.002,-0.018,0.999,0.000,0.000,0.000,0.0150,-16,-5,0.00,0.00,0.00,0.0000,0.0000,0.0000,0.0000,0.0000,0.0000,0.0000,0.00,0.00,0.00,1.8640,0.2480,0.7940,1.4580,2.7090,57,0.0000,0.0000,0.0000,0.0000,0.0000,0
2134,3.7859,-2.2045,0.0130,0.0228,0.0004,0.0069,-1.20,-0.32,-0.63,0,4.080,0.112,0.027,0.502,-0.003,-0.017,1.000,0.000,0.000,0.000,0.0110,3,6,0.00,0.00,0.00,0.0000,0.0000,0.0000,0.0000,0.0000,0.0000,0.0000,0.00,0.00,0.00,1.8640,0.2480,0.7920,1.4580,2.7090,57,0.0000,0.0000,0.0000,0.0000,0.0000,0
2186,3.7879,-2.2012,0.0123,0.0292,0.0159,0.0016,-1.13,-0.25,-0.61,0,4.086,0.003,0.037,0.171,-0.001,-0.016,1.000,0.000,0.000,0.000,0.0120,8,0,0.00,0.00,0.00,0.0000,0.0000,0.0000,0.0000,0.0000,0.0000,0.0000,0.00,0.00,0.00,1.8720,0.2540,0.7920,1.4580,2.7050,57,0.0000,0.0000,0.0000,0.0000,0.0000,0
2237,3.7873,-2.2001,0.0123,0.0209,0.0191,0.0004,-1.11,-0.23,-0.60,0,4.080,0.245,0.163,-0.135,0.001,-0.020,1.001,0.000,0.000,0.000,0.0130,-5,1,0.00,0.00,0.00,0.0000,0.0000,0.0000,0.0000,0.0000,0.0000,0.0000,0.00,0.00,0.00,1.8720,0.2540,0.7880,1.4540,2.7050,57,0.0000,0.0000,0.0000,0.0000,0.0000,0
2288,3.7866,-2.2019,0.0127,0.0126,0.0063,0.0024,-1.11,-0.14,-0.59,0,4.091,-0.182,0.118,-0.165,-0.003,-0.017,0.999,0.000,0.000,0.000,0.0120,10,3,0.00,0.00,0.00,0.0000,0.0000,0.0000,0.0000,0.0000,0.0000,0.0000,0.00,0.00,0.00,1.8650,0.0000,0.7880,1.4540,2.6950,57,0.0000,0.0000,0.0000,0.0000,0.0000,0
2339,3.7883,-2.1986,0.0124,0.0192,0.0229,0.0006,-1.09,-0.17,-0.59,0,4.080,-0.067,-0.052,-0.070,-0.001,-0.018,1.001,0.000,0.000,0.000,0.0120,-1,3,0.00,0.00,0.00,0.0000,0.0000,0.0000,0.0000,0.0000,0.0000,0.0000,0.00,0.00,0.00,1.8650,0.0000,0.7920,1.4580,2.6950,57,0.0000,0.0000,0.0000,0.0000,0.0000,0
2391,3.7886,-2.2020,0.0123,0.0158,0.0018,-0.0004,-1.03,-0.14,-0.58,0,4.086,0.143,-0.012,0.296,-0.003,-0.019,1.002,0.000,0.000,0.000,0.0110,8,2,0.00,0.00,0.00,0.0000,0.0000,0.0000,0.0000,0.0000,0.0000,0.0000,0.00,0.00,0.00,1.8640,0.0000,0.7920,1.4580,2.6980,57,0.0000,0.0000,0.0000,0.0000,0.0000,0
2443,3.7879,-2.1997,0.0118,0.0093,0.0129,-0.0032,-1.02,-0.10,-0.58,0,4.080,-0.012,0.064,0.073,-0.003,-0.017,1.002,0.000,0.000,0.000,0.0120,0,0,0.00,0.00,0.00,0.0000,0.0000,0.0000,0.0000,0.0000,0.0000,0.0000,0.00,0.00,0.00,1.8640,0.0000,0.7950,1.4630,2.6980,57,0.0000,0.0000,0.0000,0.0000,0.0000,0
2494,3.7881,-2.2011,0.0118,0.0087,0.0039,-0.0024,-1.02,-0.13,-0.58,0,4.086,-0.126,0.321,0.024,-0.003,-0.017,1.000,0.000,0.000,0.000,0.0120,0,-4,0.00,0.00,0.00,0.0000,0.0000,0.0000,0.0000,0.0000,0.0000,0.0000,0.00,0.00,0.00,1.8690,0.0000,0.7950,1.4630,2.7010,57,0.0000,0.0000,0.0000,0.0000,0.0000,0
2545,3.7865,-2.2006,0.0118,-0.0018,0.0057,-0.0019,-1.03,-0.09,-0.58,0,4.080,0.062,-0.207,-0.043,-0.002,-0.017,1.001,0.000,0.000,0.000,0.0130,4,0,0.00,0.00,0.00,0.0000,0.0000,0.0000,0.0000,0.0000,0.0000,0.0000,0.00,0.00,0.00,1.8690,0.0000,0.7910,1.4640,2.7010,57,0.0000,0.0000,0.0000,0.0000,0.0000,0
2597,3.7902,-2.2011,0.0123,0.0162,0.0023,0.0011,-0.97,-0.19,-0.57,0,4.086,0.147,0.233,-0.110,-0.004,-0.016,0.998,0.000,0.000,0.000,0.0100,-4,1,0.00,0.00,0.00,0.0000,0.0000,0.0000,0.0000,0.0000,0.0000,0.0000,0.00,0.00,0.00,1.8690,0.2610,0.7910,1.4640,2.7000,57,0.0000,0.0000,0.0000,0.0000,0.0000,0
2648,3.7901,-2.2040,0.0114,0.0122,-0.0132,-0.0041,-0.92,-0.15,-0.57,0,4.080,0.150,-0.221,0.057,-0.003,-0.018,0.997,0.000,0.000,0.000,0.0110,2,3,0.00,0.00,0.00,0.0000,0.0000,0.0000,0.0000,0.0000,0.0000,0.0000,0.00,0.00,0.00,1.8690,0.2610,0.7920,1.4590,2.7000,57,0.0000,0.0000,0.0000,0.0000,0.0000,0
2699,3.7916,-2.2007,0.0112,0.0184,0.0031,-0.0052,-0.98,-0.16,-0.56,0,4.086,-0.063,0.076,-0.223,-0.002,-0.017,0.999,0.000,0.000,0.000,0.0110,-2,0,0.00,0.00,0.00,0.0000,0.0000,0.0000,0.0000,0.0000,0.0000,0.0000,0.00,0.00,0.00,1.8650,0.0000,0.7920,1.4590,2.7070,57,0.0000,0.0000,0.0000,0.0000,0.0000,0
2759,3.7905,-2.1998,0.0110,0.0094,0.0081,-0.0051,-1.05,-0.13,-0.56,0,4.080,0.026,0.310,-0.064,-0.002,-0.019,1.001,0.000,0.000,0.000,0.0120,-13,0,0.00,0.00,0.00,0.0000,0.0000,0.0000,0.0000,0.0000,0.0000,0.0000,0.00,0.00,0.00,1.8650,0.0000,0.7940,1.4600,2.7070,57,0.0000,0.0000,0.0000,0.0000,0.0000,0
2811,3.7906,-2.2030,0.0113,0.0084,-0.0112,-0.0022,-1.01,-0.11,-0.56,0,4.080,-0.015,0.004,-0.220,-0.001,-0.017,0.999,0.000,0.000,0.000,0.0110,-17,3,0.00,0.00,0.00,0.0000,0.0000,0.0000,0.0000,0.0000,0.0000,0.0000,0.00,0.00,0.00,1.8660,0.2490,0.7940,1.4600,2.7010,57,0.0000,0.0000,0.0000,0.0000,0.0000,0
2863,3.7915,-2.2015,0.0111,0.0109,-0.0029,-0.0036,-1.11,-0.10,-0.55,0,4.080,-0.213,-0.132,0.036,0.000,-0.017,0.999,0.000,0.000,0.000,0.0130,-9,14,0.00,0.00,0.00,0.0000,0.0000,0.0000,0.0000,0.0000,0.0000,0.0000,0.00,0.00,0.00,1.8660,0.2490,0.7910,1.4590,2.7010,57,0.0000,0.0000,0.0000,0.0000,0.0000,0
2914,3.7903,-2.1987,0.0119,0.0031,0.0096,0.0010,-1.13,0.06,-0.55,0,4.086,-0.087,0.140,0.120,-0.002,-0.017,1.002,0.000,0.000,0.000,0.0130,0,-19,0.00,0.00,0.00,0.0000,0.0000,0.0000,0.0000,0.0000,0.0000,0.0000,0.00,0.00,0.00,1.8640,0.2450,0.7910,1.4590,2.6980,57,0.0000,0.0000,0.0000,0.0000,0.0000,0
2965,3.7868,-2.1966,0.0125,-0.0133,0.0174,0.0036,-1.10,-0.13,-0.54,0,4.080,-0.052,-0.182,0.109,-0.002,-0.018,0.999,0.000,0.000,0.000,0.0120,-9,-6,0.00,0.00,0.00,0.0000,0.0000,0.0000,0.0000,0.0000,0.0000,0.0000,0.00,0.00,0.00,1.8640,0.2450,0.7910,1.4580,2.6980,57,0.0000,0.0000,0.0000,0.0000,0.0000,0
3016,3.7897,-2.1913,0.0124,0.0004,0.0407,0.0019,-1.35,-0.11,-0.52,0,4.086,-0.107,0.030,-0.290,-0.001,-0.019,1.001,0.000,0.000,0.000,0.0120,-8,-1,0.00,0.00,0.00,0.0000,0.0000,0.0000,0.0000,0.0000,0.0000,0.0000,0.00,0.00,0.00,1.8670,0.0000,0.7910,1.4580,2.7020,57,0.0000,0.0000,0.0000,0.0000,0.0000,0
3068,3.7896,-2.1898,0.0124,-0.0002,0.0381,0.0017,-1.30,-0.06,-0.52,0,4.086,-0.030,0.039,0.053,-0.002,-0.017,1.000,0.000,0.000,0.000,0.0120,-15,6,0.00,0.00,0.00,0.0000,0.0000,0.0000,0.0000,0.0000,0.0000,0.0000,0.00,0.00,0.00,1.8670,0.0000,0.7920,1.4550,2.7020,57,0.0000,0.0000,0.0000,0.0000,0.0000,0
3119,3.7902,-2.1903,0.0123,0.0026,0.0285,0.0016,-1.27,-0.02,-0.53,0,4.080,0.067,0.067,-0.074,-0.002,-0.021,0.997,0.000,0.000,0.000,0.0100,0,8,0.00,0.00,0.00,0.0000,0.0000,0.0000,0.0000,0.0000,0.0000,0.0000,0.00,0.00,0.00,1.8750,0.2450,0.7920,1.4550,2.7030,57,0.0000,0.0000,0.0000,0.0000,0.0000,0
3170,3.7908,-2.1899,0.0115,0.0057,0.0214,-0.0035,-1.07,-0.04,-0.54,0,4.075,0.156,-0.030,0.108,0.001,-0.019,0.998,0.000,0.000,0.000,0.0110,2,-2,0.00,0.00,0.00,0.0000,0.0000,0.0000,0.0000,0.0000,0.0000,0.0000,0.00,0.00,0.00,1.8750,0.2450,0.7930,1.4690,2.7030,57,0.0000,0.0000,0.0000,0.0000,0.0000,0
3221,3.7891,-2.1878,0.0112,-0.0031,0.0283,-0.0044,-1.09,-0.06,-0.53,0,4.080,-0.134,-0.173,0.447,-0.002,-0.016,0.999,0.000,0.000,0.000,0.0130,10,-2,0.00,0.00,0.00,0.0000,0.0000,0.0000,0.0000,0.0000,0.0000,0.0000,0.00,0.00,0.00,1.8690,0.0000,0.7930,1.4690,2.6970,29,0.0000,0.0000,0.0000,0.0000,0.0000,0
3272,3.7892,-2.1868,0.0119,-0.0033,0.0290,-0.0004,-1.01,-0.06,-0.54,0,4.080,-0.069,0.035,-0.044,-0.002,-0.017,1.001,0.000,0.000,0.000,0.0120,0,-5,0.00,0.00,0.00,0.0000,0.0000,0.0000,0.0000,0.0000,0.0000,0.0000,0.00,0.00,0.00,1.8690,0.0000,0.7910,1.4600,2.6970,29,0.0000,0.0000,0.0000,0.0000,0.0000,0
3323,3.7889,-2.1890,0.0120,-0.0046,0.0125,0.0004,-0.97,-0.09,-0.53,0,4.080,-0.022,-0.379,-0.237,-0.004,-0.016,0.996,0.000,0.000,0.000,0.0110,4,0,0.00,0.00,0.00,0.0000,0.0000,0.0000,0.0000,0.0000,0.0000,0.0000,0.00,0.00,0.00,1.8620,0.2440,0.7910,1.4600,2.7040,53,0.0000,0.0000,0.0000,0.0000,0.0000,0
3374,3.7897,-2.1890,0.0116,-0.0002,0.0097,-0.0019,-0.91,-0.07,-0.53,0,4.080,-0.005,0.194,-0.108,-0.001,-0.018,1.001,0.000,0.000,0.000,0.0110,4,2,0.00,0.00,0.00,0.0000,0.0000,0.0000,0.0000,0.0000,0.0000,0.0000,0.00,0.00,0.00,1.8620,0.2440,0.7920,1.4570,2.7040,53,0.0000,0.0000,0.0000,0.0000,0.0000,0
3425,3.7897,-2.1892,0.0113,-0.0004,0.0058,-0.0035,-0.88,-0.05,-0.53,0,4.086,0.099,-0.161,-0.066,-0.000,-0.017,1.001,0.000,0.000,0.000,0.0140,-4,-6,0.00,0.00,0.00,0.0000,0.0000,0.0000,0.0000,0.0000,0.0000,0.0000,0.00,0.00,0.00,1.8620,0.2490,0.7920,1.4570,2.7100,53,0.0000,0.0000,0.0000,0.0000,0.0000,0
3476,3.7888,-2.1910,0.0124,-0.0048,-0.0053,0.0030,-0.87,-0.09,-0.54,0,4.080,-0.213,-0.119,-0.106,0.001,-0.018,1.000,0.000,0.000,0.000,0.0130,5,5,0.00,0.00,0.00,0.0000,0.0000,0.0000,0.0000,0.0000,0.0000,0.0000,0.00,0.00,0.00,1.8620,0.2490,0.7900,1.4600,2.7100,53,0.0000,0.0000,0.0000,0.0000,0.0000,0
3528,3.7907,-2.1869,0.0128,0.0059,0.0175,0.0041,-0.96,-0.07,-0.53,0,4.080,0.098,-0.045,0.080,-0.001,-0.017,0.999,0.000,0.000,0.000,0.0120,0,6,0.00,0.00,0.00,0.0000,0.0000,0.0000,0.0000,0.0000,0.0000,0.0000,0.00,0.00,0.00,1.8600,0.0000,0.7900,1.4600,2.7020,53,0.0000,0.0000,0.0000,0.0000,0.0000,0
3580,3.7904,-2.1901,0.0126,0.0043,-0.0025,0.0023,-0.86,-0.05,-0.52,0,4.080,-0.113,0.103,0.240,-0.003,-0.016,1.000,0.000,0.000,0.000,0.0120,0,3,0.00,0.00,0.00,0.0000,0.0000,0.0000,0.0000,0.0000,0.0000,0.0000,0.00,0.00,0.00,1.8600,0.0000,0.7920,1.4520,2.7020,53,0.0000,0.0000,0.0000,0.0000,0.0000,0
3631,3.7902,-2.1898,0.0125,0.0025,-0.0017,0.0005,-0.87,-0.07,-0.52,0,4.086,0.031,0.100,0.118,-0.002,-0.017,0.999,0.000,0.000,0.000,0.0130,-3,5,0.00,0.00,0.00,0.0000,0.0000,0.0000,0.0000,0.0000,0.0000,0.0000,0.00,0.00,0.00,1.8710,0.2380,0.7920,1.4520,2.7050,53,0.0000,0.0000,0.0000,0.0000,0.0000,0
3682,3.7898,-2.1900,0.0127,0.0008,-0.0036,0.0009,-0.89,-0.04,-0.51,0,4.080,0.026,0.163,0.242,-0.001,-0.017,1.001,0.000,0.000,0.000,0.0130,4,5,0.00,0.00,0.00,0.0000,0.0000,0.0000,0.0000,0.0000,0.0000,0.0000,0.00,0.00,0.00,1.8710,0.2380,0.7950,1.4640,2.7050,53,0.0000,0.0000,0.0000,0.0000,0.0000,0
3733,3.7906,-2.1890,0.0129,0.0058,0.0014,0.0015,-0.87,-0.08,-0.51,0,4.080,0.141,-0.247,0.050,-0.002,-0.017,1.000,0.000,0.000,0.000,0.0140,8,1,0.00,0.00,0.00,0.0000,0.0000,0.0000,0.0000,0.0000,0.0000,0.0000,0.00,0.00,0.00,1.8660,0.0000,0.7950,1.4640,2.6930,53,0.0000,0.0000,0.0000,0.0000,0.0000,0
3785,3.7897,-2.1879,0.0134,-0.0004,0.0062,0.0038,-0.87,-0.07,-0.51,0,4.080,0.087,-0.016,-0.057,-0.001,-0.016,1.000,0.000,0.000,0.000,0.0120,10,-4,0.00,0.00,0.00,0.0000,0.0000,0.0000,0.0000,0.0000,0.0000,0.0000,0.00,0.00,0.00,1.8660,0.0000,0.7890,1.4580,2.6930,53,0.0000,0.0000,0.0000,0.0000,0.0000,0
3836,3.7898,-2.1901,0.0130,0.0006,-0.0066,0.0002,-0.76,-0.14,-0.51,0,4.086,0.215,-0.194,-0.143,-0.001,-0.017,0.998,0.000,0.000,0.000,0.0120,8,1,0.00,0.00,0.00,0.0000,0.0000,0.0000,0.0000,0.0000,0.0000,0.0000,0.00,0.00,0.00,1.8640,0.0000,0.7890,1.4580,2.6970,53,0.0000,0.0000,0.0000,0.0000,0.0000,0
3886,0.0000,0.0000,0.0120,0.0010,0.0081,-0.0001,0.05,0.01,-0.00,0,4.080,-0.050,-0.000,0.030,0.000,-0.017,1.001,0.000,0.000,0.000,0.0150,0,4,0.00,0.00,0.00,0.0000,0.0000,0.0000,0.0000,0.0000,0.0000,0.0000,0.00,0.00,0.00,1.8640,0.0000,0.7910,1.4620,2.6970,53,0.0000,0.0000,0.0000,0.0000,0.0000,0
3937,0.0000,0.0011,0.0137,0.0009,0.0193,0.0016,-0.51,0.11,0.00,0,4.086,-0.018,0.136,-0.149,-0.004,-0.016,0.998,0.000,0.000,0.000,0.0100,0,5,0.00,0.00,0.00,0.0000,0.0000,0.0000,0.0000,0.0000,0.0000,0.0000,0.00,0.00,0.00,1.8660,0.2400,0.7910,1.4620,2.7070,53,0.0000,0.0000,0.0000,0.0000,0.0000,0
3988,-0.0007,0.0032,0.0124,-0.0101,0.0347,-0.0025,-1.05,0.44,0.01,0,4.086,0.017,-0.095,0.369,0.001,-0.020,0.997,0.000,0.000,0.000,0.0140,0,0,0.00,0.00,0.00,0.0000,0.0000,0.0000,0.0000,0.0000,0.0000,0.0000,0.00,0.00,0.00,1.8660,0.2400,0.7920,1.4570,2.7070,53,0.0000,0.0000,0.0000,0.0000,0.0000,0
4040,-0.0010,0.0026,0.0131,-0.0093,0.0107,0.0009,-0.51,0.11,0.01,0,4.086,-0.145,0.203,0.058,-0.001,-0.017,0.999,0.000,0.000,0.000,0.0090,-15,4,0.00,0.00,0.00,0.0000,0.0000,0.0000,0.0000,0.0000,0.0000,0.0000,0.00,0.00,0.00,1.8570,0.2500,0.7920,1.4570,2.7030,68,0.0000,0.0000,0.0000,0.0000,0.0000,0
4092,-0.0002,-0.0002,0.0116,0.0028,-0.0267,-0.0082,-0.51,-0.02,0.00,0,4.080,0.210,0.021,-0.236,-0.002,-0.018,1.000,0.000,0.000,0.000,0.0110,17,3,0.00,0.00,0.00,0.0000,0.0000,0.0000,0.0000,0.0000,0.0000,0.0000,0.00,0.00,0.00,1.8570,0.2500,0.7940,1.4600,2.7030,68,0.0000,0.0000,0.0000,0.0000,0.0000,0
4144,-0.0005,0.0042,0.0113,0.0004,0.0126,-0.0081,0.01,-0.02,-0.00,0,4.086,-0.115,0.099,0.011,-0.003,-0.018,1.000,0.000,0.000,0.000,0.0120,-5,0,0.00,0.00,0.00,0.0000,0.0000,0.0000,0.0000,0.0000,0.0000,0.0000,0.00,0.00,0.00,1.8670,0.2440,0.7940,1.4600,2.7010,68,0.0000,0.0000,0.0000,0.0000,0.0000,0
4195,-0.0021,-0.0010,0.0114,-0.0119,-0.0335,-0.0054,-0.18,0.06,-0.00,0,4.080,0.041,-0.103,-0.030,-0.004,-0.017,0.999,0.000,0.000,0.000,0.0100,9,0,0.00,0.00,0.00,0.0000,0.0000,0.0000,0.0000,0.0000,0.0000,0.0000,0.00,0.00,0.00,1.8670,0.2440,0.7940,1.4550,2.7010,68,0.0000,0.0000,0.0000,0.0000,0.0000,0
4246,-0.0009,0.0079,0.0107,0.0002,0.0376,-0.0085,-0.95,-0.15,-0.00,0,4.086,-0.111,0.079,0.068,-0.000,-0.017,0.999,0.000,0.000,0.000,0.0130,-1,3,0.00,0.00,0.00,0.0000,0.0000,0.0000,0.0000,0.0000,0.0000,0.0000,0.00,0.00,0.00,1.8650,0.2540,0.7940,1.4550,2.7070,68,0.0000,0.0000,0.0000,0.0000,0.0000,0
4298,0.0008,0.0073,0.0116,0.0125,0.0245,-0.0024,-1.04,-0.25,-0.00,0,4.086,-0.076,0.002,-0.106,-0.004,-0.018,0.998,0.000,0.000,0.000,0.0120,0,4,0.00,0.00,0.00,0.0000,0.0000,0.0000,0.0000,0.0000,0.0000,0.0000,0.00,0.00,0.00,1.8650,0.2540,0.7950,1.4550,2.7070,68,0.0000,0.0000,0.0000,0.0000,0.0000,0
4349,0.0008,0.0074,0.0117,0.0101,0.0176,-0.0017,-0.94,-0.19,-0.00,0,4.086,0.081,-0.000,-0.429,-0.002,-0.019,0.999,0.000,0.000,0.000,0.0120,-5,1,0.00,0.00,0.00,0.0000,0.0000,0.0000,0.0000,0.0000,0.0000,0.0000,0.00,0.00,0.00,1.8640,0.0000,0.7950,1.4550,2.6940,68,0.0000,0.0000,0.0000,0.0000,0.0000,0
4400,0.0000,0.0062,0.0118,0.0043,0.0047,-0.0012,-0.89,-0.17,-0.00,0,4.080,-0.209,-0.119,-0.080,-0.000,-0.017,0.997,0.000,0.000,0.000,0.0110,-15,4,0.00,0.00,0.00,0.0000,0.0000,0.0000,0.0000,0.0000,0.0000,0.0000,0.00,0.00,0.00,1.8640,0.0000,0.7930,1.4590,2.6940,68,0.0000,0.0000,0.0000,0.0000,0.0000,0
4452,0.0025,0.0099,0.0114,0.0186,0.0229,-0.0040,-1.29,-0.27,-0.01,0,4.086,-0.168,0.113,-0.021,0.001,-0.020,0.998,0.000,0.000,0.000,0.0140,-2,-3,0.00,0.00,0.00,0.0000,0.0000,0.0000,0.0000,0.0000,0.0000,0.0000,0.00,0.00,0.00,1.8650,0.0000,0.7930,1.4590,2.7080,68,0.0000,0.0000,0.0000,0.0000,0.0000,0
4503,-0.0003,0.0148,0.0125,0.0005,0.0431,0.0019,-1.26,-0.17,-0.01,0,4.080,-0.129,0.266,0.097,-0.002,-0.019,0.998,0.000,0.000,0.000,0.0120,-8,2,0.00,0.00,0.00,0.0000,0.0000,0.0000,0.0000,0.0000,0.0000,0.0000,0.00,0.00,0.00,1.8650,0.0000,0.7920,1.4650,2.7080,68,0.0000,0.0000,0.0000,0.0000,0.0000,0
4554,0.0006,0.0137,0.0124,0.0058,0.0274,0.0010,-1.16,-0.14,-0.01,0,4.086,-0.053,-0.127,0.072,-0.002,-0.018,0.999,0.000,0.000,0.000,0.0120,0,3,0.00,0.00,0.00,0.0000,0.0000,0.0000,0.0000,0.0000,0.0000,0.0000,0.00,0.00,0.00,1.8660,0.0000,0.7920,1.4650,2.6950,68,0.0000,0.0000,0.0000,0.0000,0.0000,0
4606,0.0003,0.0133,0.0123,0.0035,0.0171,-0.0001,-0.94,-0.09,-0.01,0,4.080,-0.021,0.157,-0.255,-0.003,-0.018,0.999,0.000,0.000,0.000,0.0120,-6,1,0.00,0.00,0.00,0.0000,0.0000,0.0000,0.0000,0.0000,0.0000,0.0000,0.00,0.00,0.00,1.8660,0.0000,0.7940,1.4470,2.6950,68,0.0000,0.0000,0.0000,0.0000,0.0000,0
4657,0.0011,0.0185,0.0121,0.0068,0.0405,-0.0019,-1.24,-0.15,-0.01,0,4.080,-0.208,0.236,-0.057,-0.002,-0.018,0.999,0.000,0.000,0.000,0.0120,7,-5,0.00,0.00,0.00,0.0000,0.0000,0.0000,0.0000,0.0000,0.0000,0.0000,0.00,0.00,0.00,1.8630,0.2490,0.7940,1.4470,2.7050,68,0.0000,0.0000,0.0000,0.0000,0.0000,0
4708,0.0006,0.0194,0.0122,0.0026,0.0363,-0.0010,-1.02,-0.19,-0.01,0,4.075,0.004,0.121,0.181,-0.001,-0.017,1.001,0.000,0.000,0.000,0.0140,4,2,0.00,0.00,0.00,0.0000,0.0000,0.0000,0.0000,0.0000,0.0000,0.0000,0.00,0.00,0.00,1.8630,0.2490,0.7910,1.4640,2.7050,68,0.0000,0.0000,0.0000,0.0000,0.0000,0
4759,0.0019,0.0153,0.0131,0.0087,0.0087,0.0041,-0.82,-0.15,-0.00,0,4.086,0.103,-0.142,-0.146,-0.001,-0.020,1.000,0.000,0.000,0.000,0.0100,-25,1,0.00,0.00,0.00,0.0000,0.0000,0.0000,0.0000,0.0000,0.0000,0.0000,0.00,0.00,0.00,1.8700,0.2520,0.7910,1.4640,2.7000,68,0.0000,0.0000,0.0000,0.0000,0.0000,0
4811,-0.0043,0.0119,0.0119,-0.0260,-0.0121,-0.0028,-0.99,0.14,-0.01,0,4.080,0.114,0.282,0.025,-0.002,-0.017,0.998,0.000,0.000,0.000,0.0150,-5,-4,0.00,0.00,0.00,0.0000,0.0000,0.0000,0.0000,0.0000,0.0000,0.0000,0.00,0.00,0.00,1.8700,0.2520,0.7900,1.4640,2.7000,68,0.0000,0.0000,0.0000,0.0000,0.0000,0
4862,-0.0056,0.0177,0.0133,-0.0276,0.0150,0.0049,-0.98,0.09,-0.01,0,4.086,0.110,-0.264,-0.177,-0.003,-0.017,1.000,0.000,0.000,0.000,0.0120,-16,9,0.00,0.00,0.00,0.0000,0.0000,0.0000,0.0000,0.0000,0.0000,0.0000,0.00,0.00,0.00,1.8610,0.0000,0.7900,1.4640,2.7040,68,0.0000,0.0000,0.0000,0.0000,0.0000,0
4913,-0.0033,0.0213,0.0130,-0.0118,0.0293,0.0014,-1.22,0.08,-0.01,0,4.080,-0.215,-0.156,-0.037,-0.001,-0.018,1.000,0.000,0.000,0.000,0.0120,-7,0,0.00,0.00,0.00,0.0000,0.0000,0.0000,0.0000,0.0000,0.0000,0.0000,0.00,0.00,0.00,1.8610,0.0000,0.7920,1.4610,2.7040,68,0.0000,0.0000,0.0000,0.0000,0.0000,0
4965,-0.0044,0.0236,0.0127,-0.0141,0.0312,-0.0001,-1.12,-0.01,-0.01,0,4.086,0.077,0.142,-0.126,-0.003,-0.017,1.001,0.000,0.000,0.000,0.0100,0,-1,0.00,0.00,0.00,0.0000,0.0000,0.0000,0.0000,0.0000,0.0000,0.0000,0.00,0.00,0.00,1.8610,0.0000,0.7920,1.4610,2.7050,75,0.0000,0.0000,0.0000,0.0000,0.0000,0
5017,-0.0047,0.0246,0.0116,-0.0129,0.0286,-0.0058,-1.02,-0.04,-0.01,0,4.080,0.044,-0.041,-0.349,-0.001,-0.018,0.998,0.000,0.000,0.000,0.0110,-9,0,0.00,0.00,0.00,0.0000,0.0000,0.0000,0.0000,0.0000,0.0000,0.0000,0.00,0.00,0.00,1.8610,0.0000,0.7930,1.4590,2.7050,75,0.0000,0.0000,0.0000,0.0000,0.0000,0
5068,-0.0050,0.0236,0.0113,-0.0118,0.0159,-0.0062,-1.00,-0.05,-0.01,0,4.086,-0.207,0.085,-0.146,-0.002,-0.015,1.000,0.000,0.000,0.000,0.0110,-9,2,0.00,0.00,0.00,0.0000,0.0000,0.0000,0.0000,0.0000,0.0000,0.0000,0.00,0.00,0.00,1.8660,0.2520,0.7930,1.4590,2.7070,75,0.0000,0.0000,0.0000,0.0000,0.0000,0
5119,-0.0047,0.0238,0.0110,-0.0071,0.0115,-0.0062,-0.97,-0.06,-0.01,0,3.605,0.065,0.547,1.760,-0.004,-0.019,1.002,0.000,0.000,0.000,0.0130,10,1,0.00,0.00,0.00,0.0000,0.0000,0.0000,0.0000,0.0000,0.0000,0.0000,0.00,0.00,0.00,1.8660,0.2520,0.7930,1.4610,2.7070,75,0.0000,0.0000,0.0000,0.0000,0.0000,0
5170,-0.0054,0.0280,0.0117,-0.0086,0.0352,-0.0016,-0.92,-0.05,-0.01,0,3.690,-0.350,-0.523,0.031,-0.008,-0.019,1.003,0.000,0.000,0.000,0.0110,-1,6,0.00,0.00,0.00,0.0000,0.0000,0.0000,0.0000,0.0000,0.0000,0.0000,0.00,0.00,0.00,1.8630,0.0000,0.7930,1.4610,2.7020,75,0.0000,0.0000,0.0000,0.0000,0.0000,0
5222,-0.0050,0.0287,0.0114,-0.0040,0.0381,-0.0025,-0.99,-0.00,-0.01,0,3.711,0.623,0.003,-0.110,0.003,-0.002,1.002,0.000,0.000,0.000,0.0120,-4,0,0.00,0.00,0.00,0.0000,0.0000,0.0000,0.0000,0.0000,0.0000,0.0000,0.00,0.00,0.00,1.8630,0.0000,0.7930,0.0000,2.7020,75,0.0000,0.0000,0.0000,0.0000,0.0000,0
5273,-0.0057,0.0289,0.0117,-0.0057,0.0384,-0.0009,-0.97,-0.03,-0.03,0,3.748,-0.484,-0.880,3.298,-0.014,-0.009,0.991,0.000,0.000,0.000,0.0110,-2,0,0.00,0.00,0.00,0.0000,0.0000,0.0000,0.0000,0.0000,0.0000,0.0000,0.00,0.00,0.00,1.8670,0.2560,0.7930,0.0000,2.7000,75,0.0000,0.0000,0.0000,0.0000,0.0000,0
5325,-0.0062,0.0314,0.0114,-0.0066,0.0487,-0.0035,-0.98,-0.00,0.07,0,3.743,0.072,-0.032,-2.097,-0.010,-0.018,1.008,0.000,0.000,0.000,0.0110,0,8,0.00,0.00,0.00,0.0000,0.0000,0.0000,0.0000,0.0000,0.0000,0.0000,0.00,0.00,0.00,1.8670,0.2560,0.7890,1.4550,2.7000,75,0.0000,0.0000,0.0000,0.0000,0.0000,0
5376,-0.0036,0.0386,0.0108,0.0086,0.0815,-0.0084,-1.16,-0.03,0.10,0,3.753,-0.262,0.337,-8.137,0.012,-0.007,0.991,0.000,0.000,0.000,0.0130,-20,0,0.00,0.00,0.00,0.0000,0.0000,0.0000,0.0000,0.0000,0.0000,0.0000,0.00,0.00,0.00,1.8690,0.2520,0.7890,1.4550,2.7010,75,0.0000,0.0000,0.0000,0.0000,0.0000,0
5428,-0.0047,0.0453,0.0113,0.0025,0.1041,-0.0052,-1.41,-0.04,-0.31,0,3.743,-1.405,2.664,8.820,0.001,-0.014,0.989,0.000,0.000,0.000,0.0100,-11,2,0.00,0.00,0.00,0.0000,0.0000,0.0000,0.0000,0.0000,0.0000,0.0000,0.00,0.00,0.00,1.8690,0.2520,0.7950,1.4610,2.7010,75,0.0000,0.0000,0.0000,0.0000,0.0000,0
5480,-0.0033,0.0624,0.0092,0.0092,0.1720,-0.0175,-1.73,-0.07,-0.05,0,3.748,-1.426,-3.292,5.723,-0.014,-0.003,1.000,0.000,0.000,0.000,0.0100,-16,-3,0.00,0.00,0.00,0.0000,0.0000,0.0000,0.0000,0.0000,0.0000,0.0000,0.00,0.00,0.00,1.8620,0.0000,0.7950,1.4610,2.7060,75,0.0000,0.0000,0.0000,0.0000,0.0000,0
5531,-0.0042,0.0768,0.0080,0.0035,0.2141,-0.0204,-1.97,-0.08,0.08,0,3.732,0.352,0.458,-9.673,-0.011,-0.019,0.978,0.000,0.000,0.000,0.0140,-34,-5,0.00,0.00,0.00,0.0000,0.0000,0.0000,0.0000,0.0000,0.0000,0.0000,0.00,0.00,0.00,1.8620,0.0000,0.7900,1.4670,2.7060,75,0.0000,0.0000,0.0000,0.0000,0.0000,0
5582,0.0004,0.0895,0.0098,0.0256,0.2372,-0.0079,-2.14,-0.26,-0.11,0,3.743,-4.298,-1.624,3.237,-0.003,-0.030,0.989,0.000,0.000,0.000,0.0130,-20,-5,0.00,0.00,0.00,0.0000,0.0000,0.0000,0.0000,0.0000,0.0000,0.0000,0.00,0.00,0.00,1.8640,0.2470,0.7900,1.4670,2.6940,75,0.0000,0.0000,0.0000,0.0000,0.0000,0
5633,0.0034,0.1050,0.0105,0.0358,0.2672,-0.0024,-2.07,-0.29,0.15,0,3.727,5.503,-5.890,-7.470,0.012,-0.025,1.050,0.000,0.000,0.000,0.0130,-21,8,0.00,0.00,0.00,0.0000,0.0000,0.0000,0.0000,0.0000,0.0000,0.0000,0.00,0.00,0.00,1.8640,0.2470,0.7900,1.4690,2.6940,75,0.0000,0.0000,0.0000,0.0000,0.0000,0
5685,0.0063,0.1172,0.0119,0.0435,0.2761,0.0099,-1.93,-0.20,-0.06,0,3.737,22.724,-4.559,-10.614,-0.009,-0.032,0.996,0.000,0.000,0.000,0.0120,-9,0,0.00,0.00,0.00,0.0000,0.0000,0.0000,0.0000,0.0000,0.0000,0.0000,0.00,0.00,0.00,1.8670,0.2560,0.7900,1.4690,2.6950,73,0.0000,0.0000,0.0000,0.0000,0.0000,0
5736,0.0066,0.1311,0.0127,0.0369,0.2880,0.0164,-1.02,-0.20,-0.53,0,3.721,21.986,5.009,4.374,-0.004,-0.009,1.023,0.000,0.000,0.000,0.0120,-4,-17,0.00,0.00,0.00,0.0000,0.0000,0.0000,0.0000,0.0000,0.0000,0.0000,0.00,0.00,0.00,1.8670,0.2560,0.7920,1.4610,2.6950,73,0.0000,0.0000,0.0000,0.0000,0.0000,0
5787,0.0107,0.1414,0.0137,0.0509,0.2740,0.0217,-0.11,-0.44,-0.40,0,3.732,32.432,-1.785,-5.434,0.009,-0.008,1.015,0.000,0.000,0.000,0.0120,0,-4,0.00,0.00,0.00,0.0000,0.0000,0.0000,0.0000,0.0000,0.0000,0.0000,0.00,0.00,0.00,1.8590,0.0000,0.7920,1.4610,2.6920,73,0.0000,0.0000,0.0000,0.0000,0.0000,0
5839,0.0182,0.1432,0.0154,0.0779,0.2127,0.0331,1.56,-0.47,-0.57,0,3.721,34.455,-6.561,-8.253,-0.010,0.003,1.005,0.000,0.000,0.000,0.0190,10,-2,0.00,0.00,0.00,0.0000,0.0000,0.0000,0.0000,0.0000,0.0000,0.0000,0.00,0.00,0.00,1.8590,0.0000,0.7960,1.3870,2.6920,73,0.0000,0.0000,0.0000,0.0000,0.0000,0
5890,0.0241,0.1372,0.0191,0.0921,0.1147,0.0541,3.96,-0.43,-1.00,0,3.721,17.515,-2.181,-7.549,0.005,0.016,0.967,0.000,0.000,0.000,0.0060,31,-10,0.00,0.00,0.00,0.0000,0.0000,0.0000,0.0000,0.0000,0.0000,0.0000,0.00,0.00,0.00,1.8540,0.2770,0.7960,1.3870,2.7060,73,0.0000,0.0000,0.0000,0.0000,0.0000,0
5941,0.0268,0.1192,0.0136,0.0873,-0.0315,0.0051,6.26,-0.46,-1.35,0,3.679,-5.994,-5.567,-14.169,-0.001,0.021,0.963,0.000,0.000,0.000,0.0000,38,-5,0.00,0.00,0.00,0.0000,0.0000,0.0000,0.0000,0.0000,0.0000,0.0000,0.00,0.00,0.00,1.8540,0.2770,0.8070,0.0000,2.7060,73,0.0000,0.0000,0.0000,0.0000,0.0000,0
5992,0.0314,0.0796,-0.0022,0.0925,-0.2608,-0.0991,7.50,-0.43,-2.10,0,3.653,-73.342,-36.238,-16.497,0.011,0.021,0.982,0.000,0.000,0.000,0.0030,132,-21,0.00,0.00,0.00,0.0000,0.0000,0.0000,0.0000,0.0000,0.0000,0.0000,0.00,0.00,0.00,1.8370,0.0000,0.8070,0.0000,2.6940,73,0.0000,0.0000,0.0000,0.0000,0.0000,0
6044,0.0327,0.0213,-0.0252,0.0793,-0.5286,-0.2189,6.01,0.98,-3.08,0,3.605,-65.775,-17.154,-17.098,-0.025,0.111,1.351,0.000,0.000,0.000,0.0120,80,36,0.00,0.00,0.00,0.0000,0.0000,0.0000,0.0000,0.0000,0.0000,0.0000,0.00,0.00,0.00,1.8370,0.0000,0.8110,0.0000,2.6940,73,0.0000,0.0000,0.0000,0.0000,0.0000,0
6095,0.0361,-0.0185,-0.0209,0.0623,-0.6299,-0.1041,3.58,2.06,-3.85,0,3.642,-111.184,26.116,-17.448,0.006,-0.026,1.080,0.000,0.000,0.000,0.0050,42,5,0.00,0.00,0.00,0.0000,0.0000,0.0000,0.0000,0.0000,0.0000,0.0000,0.00,0.00,0.00,1.8410,0.2660,0.8110,0.0000,2.7020,73,0.0000,0.0000,0.0000,0.0000,0.0000,0
6146,0.0199,-0.0715,-0.0243,-0.0414,-0.7590,-0.0626,-0.53,0.69,-4.39,0,3.663,-180.519,-37.381,-0.460,0.011,-0.017,1.096,0.000,0.000,0.000,0.0000,48,10,0.00,0.00,0.00,0.0000,0.0000,0.0000,0.0000,0.0000,0.0000,0.0000,0.00,0.00,0.00,1.8410,0.2660,0.7880,1.4920,2.7020,73,0.0000,0.0000,0.0000,0.0000,0.0000,0
6197,0.0098,-0.1029,-0.0074,-0.0898,-0.6931,0.0906,-9.17,2.45,-4.18,0,3.684,-28.708,-14.217,-2.203,0.002,0.003,0.997,0.000,0.000,0.000,0.0010,-21,10,0.00,0.00,0.00,0.0000,0.0000,0.0000,0.0000,0.0000,0.0000,0.0000,0.00,0.00,0.00,1.8280,0.0000,0.7880,1.4920,2.8010,73,0.0000,0.0000,0.0000,0.0000,0.0000,0
6249,-0.0002,-0.1146,0.0062,-0.1327,-0.4624,0.1574,-14.28,3.48,-3.80,0,3.674,111.275,22.408,7.658,0.003,-0.019,0.949,0.000,0.000,0.000,0.0070,-97,21,0.00,0.00,0.00,0.0000,0.0000,0.0000,0.0000,0.0000,0.0000,0.0000,0.00,0.00,0.00,1.8280,0.0000,0.0980,1.6230,2.8010,73,0.0000,0.0000,0.0000,0.0000,0.0000,0
6300,-0.0101,-0.0709,0.0098,-0.1667,-0.0175,0.1323,-12.69,2.83,-3.14,0,3.658,97.023,42.956,16.458,0.009,-0.044,0.952,0.000,0.000,0.000,0.0100,0,18,0.00,0.00,0.00,0.0000,0.0000,0.0000,0.0000,0.0000,0.0000,0.0000,0.00,0.00,0.00,1.8450,0.3350,0.0980,1.6230,2.7570,73,0.0000,0.0000,0.0000,0.0000,0.0000,0
6352,-0.0279,-0.0220,0.0022,-0.2364,0.2831,0.0469,-7.66,1.44,-2.97,0,3.637,112.054,34.874,26.065,0.008,-0.044,1.013,0.000,0.000,0.000,0.0110,-16,34,0.00,0.00,0.00,0.0000,0.0000,0.0000,0.0000,0.0000,0.0000,0.0000,0.00,0.00,0.00,1.8450,0.3350,0.0000,1.6360,2.7570,62,0.0000,0.0000,0.0000,0.0000,0.0000,0
6403,-0.0515,-0.0225,0.0085,-0.3016,0.2701,0.0517,-1.83,0.25,-2.45,0,3.642,48.263,68.687,20.460,-0.003,-0.037,1.057,0.000,0.000,0.000,0.0110,-2,16,0.00,0.00,0.00,0.0000,0.0000,0.0000,0.0000,0.0000,0.0000,0.0000,0.00,0.00,0.00,1.8370,0.0000,0.0000,1.6360,2.6800,62,0.0000,0.0000,0.0000,0.0000,0.0000,0
6454,-0.0737,-0.0196,0.0111,-0.3348,0.2304,0.0631,1.74,-2.57,-1.46,0,3.632,18.801,46.703,17.281,0.008,-0.032,1.055,0.000,0.000,0.000,0.0150,-3,14,0.00,0.00,0.00,0.0000,0.0000,0.0000,0.0000,0.0000,0.0000,0.0000,0.00,0.00,0.00,1.8370,0.0000,0.7530,1.5280,2.6800,62,0.0000,0.0000,0.0000,0.0000,0.0000,0
6505,-0.0877,-0.0186,0.0165,-0.2953,0.1642,0.0939,3.15,-5.23,-0.43,0,3.642,20.618,17.221,12.782,0.003,-0.029,1.060,0.000,0.000,0.000,0.0210,-63,-14,0.00,0.00,0.00,0.0000,0.0000,0.0000,0.0000,0.0000,0.0000,0.0000,0.00,0.00,0.00,1.7870,0.0000,0.7530,1.5280,2.6990,62,0.0000,0.0000,0.0000,0.0000,0.0000,0
6557,-0.0906,-0.0151,0.0235,-0.1881,0.1133,0.1297,4.07,-7.00,0.28,0,3.632,1.442,-23.466,9.247,0.002,-0.025,1.063,0.000,0.000,0.000,0.0270,-20,-15,0.00,0.00,0.00,0.0000,0.0000,0.0000,0.0000,0.0000,0.0000,0.0000,0.00,0.00,0.00,1.7870,0.0000,0.7270,1.4870,2.6990,62,0.0000,0.0000,0.0000,0.0000,0.0000,0
6609,-0.0756,0.0151,0.0286,-0.0080,0.1930,0.1441,3.68,-6.93,0.48,0,3.637,8.445,-53.261,2.044,-0.003,-0.022,1.051,0.000,0.000,0.000,0.0350,-29,-35,0.00,0.00,0.00,0.0000,0.0000,0.0000,0.0000,0.0000,0.0000,0.0000,0.00,0.00,0.00,1.7980,0.1800,0.7270,1.4870,2.6800,62,0.0000,0.0000,0.0000,0.0000,0.0000,0
6661,-0.0533,0.0336,0.0321,0.1569,0.2068,0.1486,3.49,-5.22,0.11,0,3.616,23.605,-35.473,-0.095,-0.009,-0.025,1.029,0.000,0.000,0.000,0.0430,-12,-18,0.00,0.00,0.00,0.0000,0.0000,0.0000,0.0000,0.0000,0.0000,0.0000,0.00,0.00,0.00,1.7980,0.1800,0.7010,1.4910,2.6800,62,0.0000,0.0000,0.0000,0.0000,0.0000,0
6712,-0.0257,0.0532,0.0359,0.2935,0.2215,0.1410,4.33,-3.73,-0.31,0,3.616,20.292,-87.588,3.862,-0.011,-0.022,1.029,0.000,0.000,0.000,0.0530,-6,-21,0.00,0.00,0.00,0.0000,0.0000,0.0000,0.0000,0.0000,0.0000,0.0000,0.00,0.00,0.00,1.8480,0.2500,0.7010,1.4910,2.6640,62,0.0000,0.0000,0.0000,0.0000,0.0000,0
6763,-0.0014,0.0663,0.0453,0.3659,0.1938,0.1614,5.20,-0.22,-0.60,0,3.621,-3.192,-79.921,6.785,-0.019,-0.019,1.015,0.000,0.000,0.000,0.0660,-8,-33,0.00,0.00,0.00,0.0000,0.0000,0.0000,0.0000,0.0000,0.0000,0.0000,0.00,0.00,0.00,1.8480,0.2500,0.6890,1.4850,2.6640,62,0.0000,0.0000,0.0000,0.0000,0.0000,0
6815,0.0193,0.0742,0.0596,0.3695,0.1438,0.2004,5.04,3.86,-0.76,0,3.637,-7.610,-36.408,7.650,-0.016,-0.017,1.020,0.000,0.000,0.000,0.0790,-2,-7,0.00,0.00,0.00,0.0000,0.0000,0.0000,0.0000,0.0000,0.0000,0.0000,0.00,0.00,0.00,1.8870,0.0000,0.6890,1.4850,2.6550,62,0.0000,0.0000,0.0000,0.0000,0.0000,0
6866,0.0360,0.0789,0.0754,0.3223,0.0933,0.2364,4.60,6.36,-0.39,0,3.642,1.712,-26.294,5.976,-0.010,-0.014,1.000,0.000,0.000,0.000,0.0930,-2,0,0.00,0.00,0.00,0.0000,0.0000,0.0000,0.0000,0.0000,0.0000,0.0000,0.00,0.00,0.00,1.8870,0.0000,0.6880,1.5020,2.6550,62,0.0000,0.0000,0.0000,0.0000,0.0000,0
6917,0.0331,0.0817,0.0929,0.1757,0.0514,0.2680,4.54,8.46,0.17,0,3.653,-22.274,27.473,4.521,-0.005,-0.011,0.976,0.000,0.000,0.000,0.1070,-3,0,0.00,0.00,0.00,0.0000,0.0000,0.0000,0.0000,0.0000,0.3000,0.2751,7.78,10.03,-5.25,1.8890,0.1700,0.6880,1.5020,2.6460,62,0.0000,0.0000,0.0000,0.0000,0.0000,0
6968,0.0331,0.0797,0.1075,0.0722,-0.0024,0.2609,3.64,7.72,0.55,0,3.648,-23.479,47.595,2.628,0.001,-0.004,0.973,0.000,0.000,0.000,0.1090,1,5,4.54,-8.46,0.17,0.0331,0.0817,0.1070,0.0000,0.0000,0.3000,0.2731,5.30,5.51,-16.49,1.8890,0.1700,0.6980,1.5220,2.6460,62,0.0000,0.0000,0.0000,0.0000,0.0000,0
7020,0.0331,0.0765,0.1162,0.0046,-0.0441,0.2246,2.61,5.49,0.77,0,3.642,-15.683,29.933,1.092,0.004,-0.011,0.972,0.000,0.000,0.000,0.1090,7,8,3.34,-10.40,0.48,0.0195,0.0814,0.1102,0.0000,0.0000,0.3000,0.2754,3.17,2.44,-23.21,1.8680,0.1990,0.6980,1.5220,2.6150,79,0.0000,0.0000,0.0000,0.0000,0.0000,0
7071,0.0327,0.0722,0.1200,-0.0333,-0.0740,0.1733,1.93,3.81,0.85,0,3.626,-26.699,24.068,1.798,-0.000,-0.009,0.982,0.000,0.000,0.000,0.1180,8,6,5.06,-7.58,1.04,0.0101,0.0734,0.1063,0.0000,0.0000,0.3000,0.2802,1.52,0.70,-25.59,1.8680,0.1990,0.7020,1.5410,2.6150,79,0.0000,0.0000,0.0000,0.0000,0.0000,0
7123,0.0314,0.0673,0.1246,-0.0572,-0.0929,0.1427,0.76,2.52,0.89,0,3.621,-20.461,28.137,0.351,0.005,-0.009,0.997,0.000,0.000,0.000,0.1220,-1,1,4.21,-6.41,1.31,0.0052,0.0635,0.1106,0.0000,0.0000,0.3000,0.2827,0.36,-0.44,-26.81,1.8530,0.0000,0.7020,1.5410,2.5890,79,0.0000,0.0000,0.0000,0.0000,0.0000,0
7175,0.0292,0.0612,0.1281,-0.0715,-0.1037,0.1214,-0.39,1.11,0.91,0,3.611,-13.135,22.137,0.151,0.005,-0.007,1.013,0.000,0.000,0.000,0.1260,8,4,-2.09,-8.46,0.84,0.0067,0.0589,0.1298,0.0000,0.0000,0.3000,0.2843,-0.51,-1.21,-27.38,1.8530,0.0000,0.7100,1.5360,2.5890,79,0.0000,0.0000,0.0000,0.0000,0.0000,0
7226,0.0253,0.0556,0.1311,-0.0805,-0.1034,0.1099,-0.93,0.01,0.85,0,3.616,-11.722,13.103,0.262,0.004,-0.010,1.023,0.000,0.000,0.000,0.1330,0,1,-0.60,-7.31,0.93,0.0050,0.0491,0.1419,0.0000,0.0000,0.3000,0.2850,-0.87,-1.85,-25.52,1.8440,0.0000,0.7100,1.5360,2.5780,79,0.0000,0.0000,0.0000,0.0000,0.0000,0
7277,0.0223,0.0493,0.1357,-0.0760,-0.1006,0.1131,-1.51,-0.72,0.85,0,3.605,-6.873,6.199,-0.180,0.002,-0.008,1.028,0.000,0.000,0.000,0.1360,0,-1,-3.04,-7.27,0.65,0.0045,0.0484,0.1458,0.0000,0.0000,0.3000,0.2838,-1.16,-1.85,-25.60,1.8440,0.0000,0.7190,1.5410,2.5780,79,0.0000,0.0000,0.0000,0.0000,0.0000,0
7329,0.0196,0.0444,0.1397,-0.0662,-0.0881,0.1166,-1.82,-1.07,0.83,0,3.616,-0.083,3.215,1.217,0.008,-0.006,1.034,0.000,0.000,0.000,0.1410,5,3,-3.92,-7.14,0.48,0.0060,0.0491,0.1472,0.0000,0.0000,0.3000,0.2827,-0.94,-1.61,-24.82,1.8470,0.0000,0.7190,1.5410,2.5730,79,0.0000,0.0000,0.0000,0.0000,0.0000,0
7380,0.0177,0.0471,0.1444,-0.0528,-0.0434,0.1241,-1.98,-1.22,0.88,0,3.611,5.653,3.181,0.049,0.003,-0.007,1.037,0.000,0.000,0.000,0.1490,1,0,-2.71,-5.71,-0.05,0.0036,0.0426,0.1575,0.0000,0.0000,0.3000,0.2810,1.21,-1.15,-26.47,1.8470,0.0000,0.7340,1.5290,2.5730,79,0.0000,0.0000,0.0000,0.0000,0.0000,0
7431,0.0156,0.0423,0.1508,-0.0408,-0.0391,0.1399,-1.61,-1.39,0.90,0,3.616,8.988,-0.088,0.802,0.003,-0.011,1.030,0.000,0.000,0.000,0.1570,4,2,-2.47,-5.32,-0.29,0.0037,0.0416,0.1617,0.0000,0.0000,0.3000,0.2781,1.09,-0.77,-27.00,1.8480,0.0000,0.7340,1.5290,2.5580,79,0.0000,0.0000,0.0000,0.0000,0.0000,0
7482,0.0138,0.0390,0.1583,-0.0294,-0.0323,0.1563,-1.11,-1.31,0.94,0,3.616,0.498,-2.282,0.207,0.000,-0.007,1.026,0.000,0.000,0.000,0.1670,2,-1,-1.42,-4.47,-0.74,0.0011,0.0361,0.1683,0.0000,0.0000,0.3000,0.2749,1.19,-0.39,-28.10,1.8480,0.0000,0.7550,1.5190,2.5580,79,0.0000,0.0000,0.0000,0.0000,0.0000,0
7534,0.0119,0.0355,0.1674,-0.0208,-0.0307,0.1741,-1.00,-1.21,0.96,0,3.621,3.130,-5.867,0.265,0.002,-0.012,1.016,0.000,0.000,0.000,0.1760,8,0,-1.31,-4.17,-0.82,0.0034,0.0330,0.1763,0.0000,0.0000,0.3000,0.2713,1.04,-0.13,-28.81,1.8480,0.0000,0.7550,1.5190,2.5360,79,0.0000,0.0000,0.0000,0.0000,0.0000,0
7585,0.0133,0.0332,0.1770,-0.0026,-0.0260,0.1862,-0.76,-1.01,0.99,0,3.621,5.212,-4.122,0.206,0.002,-0.005,1.007,0.000,0.000,0.000,0.1860,0,-2,-0.24,-3.48,-1.32,0.0033,0.0198,0.1843,0.0000,0.0000,0.3000,0.2682,1.11,0.80,-29.67,1.8480,0.0000,0.7810,1.5040,2.5360,79,0.0000,0.0000,0.0000,0.0000,0.0000,0
7636,0.0134,0.0282,0.1871,0.0057,-0.0331,0.1940,-0.51,-0.78,1.01,0,3.626,-0.119,-5.329,1.091,-0.001,-0.011,1.002,0.000,0.000,0.000,0.1960,0,2,-0.40,-3.21,-1.08,0.0083,0.0192,0.1951,0.0000,0.0000,0.3000,0.2654,0.44,1.20,-30.40,1.8490,0.1370,0.7810,1.5040,2.5250,79,0.0000,0.0000,0.0000,0.0000,0.0000,0
7687,0.0144,0.0277,0.1974,0.0139,-0.0248,0.1982,-0.54,-0.50,1.05,0,3.626,0.984,-5.435,-0.173,0.004,-0.011,0.993,0.000,0.000,0.000,0.2070,2,0,-0.67,-2.39,-0.91,0.0058,0.0190,0.2054,0.0000,0.0000,0.3000,0.2630,0.80,1.67,-31.39,1.8490,0.1370,0.8100,1.4950,2.5250,79,0.0000,0.0000,0.0000,0.0000,0.0000,0
7739,0.0048,0.0264,0.2081,-0.0186,-0.0206,0.2005,-0.51,-0.01,1.02,0,3.632,2.084,0.869,0.117,0.000,-0.011,0.986,0.000,0.000,0.000,0.2170,0,0,-0.56,-1.91,-0.98,0.0064,0.0150,0.2152,0.0000,0.0000,0.3000,0.2608,0.91,-0.54,-30.71,1.8400,0.1350,0.8100,1.4950,2.4950,79,0.0000,0.0000,0.0000,0.0000,0.0000,0
7790,0.0060,0.0244,0.2184,-0.0113,-0.0201,0.1973,-0.36,-0.10,1.04,0,3.626,1.816,4.602,0.299,0.004,-0.008,0.980,0.000,0.000,0.000,0.2270,2,-1,-0.45,-1.96,-0.98,0.0106,0.0115,0.2247,0.0000,0.0000,0.3000,0.2592,0.80,-0.10,-31.30,1.8400,0.1350,0.8560,1.4900,2.4950,79,0.0000,0.0000,0.0000,0.0000,0.0000,0
7841,0.0103,0.0206,0.2284,0.0063,-0.0270,0.1907,-0.19,-0.44,1.07,0,3.626,-0.559,-2.895,-0.842,0.001,-0.012,0.976,0.000,0.000,0.000,0.2290,2,-1,-0.49,-1.83,-0.83,0.0070,0.0112,0.2342,0.0000,0.0000,0.3000,0.2580,0.20,1.05,-32.24,1.8410,0.1280,0.8560,1.4900,2.4760,70,0.0000,0.0000,0.0000,0.0000,0.0000,0
7891,0.0122,0.0185,0.2346,0.0147,-0.0276,0.1638,-0.23,-0.36,1.06,0,3.621,-2.233,-7.328,0.132,0.003,-0.007,0.979,0.000,0.000,0.000,0.2360,0,0,-0.46,-1.65,-0.94,0.0094,0.0072,0.2404,0.0000,0.0000,0.3000,0.2597,0.02,1.58,-31.89,1.8410,0.1280,0.9160,1.4770,2.4760,70,0.0062,0.0103,0.0000,0.0062,0.0103,0
7942,0.0162,0.0164,0.2403,0.0273,-0.0279,0.1412,-0.30,-0.08,1.08,0,3.621,-0.137,-4.464,-0.923,-0.006,-0.019,0.976,0.000,0.000,0.000,0.2450,0,0,-0.58,-1.28,-0.93,0.0132,0.0042,0.2463,0.0000,0.0000,0.3000,0.2611,-0.14,2.45,-32.30,1.8300,0.0000,0.9160,1.4770,2.4560,70,0.0062,0.0103,0.0000,0.0062,0.0103,0
7993,0.0186,0.0144,0.2468,0.0307,-0.0272,0.1291,-0.32,0.12,1.06,0,3.621,-0.371,-3.551,-1.950,0.002,-0.014,0.990,0.000,0.000,0.000,0.2520,-2,-3,-0.58,-1.05,-0.98,0.0176,0.0009,0.2524,0.0000,0.0000,0.3000,0.2612,-0.25,2.79,-31.87,1.8300,0.0000,0.9840,1.4700,2.4560,70,0.0062,0.0103,0.0000,0.0062,0.0103,0
8045,0.0193,0.0119,0.2536,0.0269,-0.0279,0.1257,-0.35,0.30,1.00,0,3.621,-1.283,-4.237,-1.338,0.001,-0.008,0.991,0.000,0.000,0.000,0.2620,0,0,-1.14,-0.65,-0.23,0.0164,0.0144,0.2592,0.0000,0.0000,0.3000,0.2603,-0.47,2.66,-29.97,1.8280,0.1210,0.9840,1.4700,2.4480,70,0.0062,0.0103,0.0000,0.0062,0.0103,0
8096,0.0238,0.0069,0.2618,0.0328,-0.0352,0.1313,-0.36,0.44,0.97,0,3.621,-1.511,-2.069,-0.427,0.004,-0.009,0.991,0.000,0.000,0.000,0.2720,0,0,-1.20,-0.43,-0.30,0.0199,0.0154,0.2662,0.0000,0.0000,0.3000,0.2581,-1.18,3.29,-29.12,1.8280,0.1210,1.0280,1.4630,2.4480,70,0.0062,0.0103,0.0000,0.0062,0.0103,0
8148,0.0257,0.0042,0.2705,0.0296,-0.0353,0.1382,-0.37,0.54,0.97,0,3.632,-0.262,0.552,-0.428,0.002,-0.010,0.984,0.000,0.000,0.000,0.2780,1,0,-1.28,-0.33,-0.32,0.0239,0.0167,0.2741,0.0000,0.0000,0.3000,0.2557,-1.39,3.30,-29.12,1.8210,0.0000,1.0280,1.4630,2.4290,70,0.0062,0.0103,0.0000,0.0062,0.0103,0
8199,0.0287,0.0006,0.2774,0.0310,-0.0387,0.1399,-0.39,0.55,0.95,0,3.626,-0.640,-0.402,-1.094,0.004,-0.007,0.983,0.000,0.000,0.000,0.2840,0,0,-1.08,-0.07,-0.81,0.0170,0.0118,0.2819,0.0000,0.0000,0.3000,0.2542,-1.82,3.61,-28.41,1.8210,0.0000,0.0000,1.4640,2.4290,70,0.0062,0.0103,0.0000,0.0062,0.0103,0
8250,0.0308,-0.0029,0.2854,0.0265,-0.0383,0.1286,-0.38,0.58,0.90,0,3.626,-1.270,0.566,0.150,0.003,-0.011,0.977,0.000,0.000,0.000,0.2890,1,0,-1.11,-0.05,-0.86,0.0184,0.0120,0.2882,0.0000,0.0000,0.3000,0.2540,-2.06,3.55,-27.03,1.8140,0.0000,0.0000,1.4640,2.4180,70,0.0062,0.0103,0.0000,0.0062,0.0103,0
8300,0.0322,-0.0049,0.2915,0.0222,-0.0355,0.1175,-0.41,0.57,0.87,0,3.621,-0.492,2.409,-0.915,-0.001,-0.017,0.974,0.000,0.000,0.000,0.2930,1,0,-1.10,-0.02,-1.05,0.0175,0.0099,0.2935,0.0000,0.0000,0.3000,0.2540,-2.07,3.44,-26.01,1.8140,0.0000,0.0000,1.4550,2.4180,70,0.0062,0.0103,0.0000,0.0062,0.0103,0
8352,0.0334,-0.0075,0.2957,0.0182,-0.0344,0.0987,-0.43,0.46,0.82,0,3.626,-0.708,0.640,-0.293,0.005,-0.011,0.980,0.000,0.000,0.000,0.2990,1,0,-1.09,-0.13,-1.18,0.0179,0.0084,0.2980,0.0000,0.0000,0.3000,0.2552,-2.20,3.32,-24.63,1.8080,0.1090,0.0000,1.4550,2.4010,70,0.0062,0.0103,0.0000,0.0062,0.0103,0
8402,0.0338,-0.0097,0.2997,0.0144,-0.0336,0.0904,-0.45,0.40,0.79,0,3.621,-1.123,2.797,-0.032,0.003,-0.014,0.983,0.000,0.000,0.000,0.3050,0,0,-1.08,-0.15,-1.29,0.0181,0.0067,0.3023,0.0000,0.0000,0.3000,0.2554,-2.32,3.16,-23.82,1.8080,0.1090,0.0000,1.4460,2.4010,70,0.0062,0.0103,0.0000,0.0062,0.0103,0
8453,0.0344,-0.0132,0.3044,0.0110,-0.0343,0.0841,-0.46,0.28,0.77,0,3.621,2.162,2.287,-0.296,0.003,-0.008,0.985,0.000,0.000,0.000,0.3070,1,-1,-1.14,-0.29,-1.30,0.0191,0.0061,0.3068,0.0000,0.0000,0.3000,0.2552,-2.61,3.04,-23.21,1.8130,0.1050,0.0000,1.4460,2.4040,67,0.0062,0.0103,0.0000,0.0062,0.0103,0
8504,0.0341,-0.0146,0.3081,0.0068,-0.0301,0.0743,-0.38,0.16,0.75,0,3.616,1.228,0.383,-1.126,0.004,-0.013,0.982,0.000,0.000,0.000,0.3110,0,0,-0.98,-0.43,-1.44,0.0208,0.0033,0.3103,0.0000,0.0000,0.3000,0.2555,-2.50,2.82,-22.38,1.8130,0.1050,0.0000,1.4480,2.4040,67,0.0062,0.0103,0.0000,0.0062,0.0103,0
8555,0.0344,-0.0165,0.3114,0.0050,-0.0278,0.0643,-0.39,0.15,0.72,0,3.621,-2.504,0.784,-0.582,0.005,-0.013,0.987,0.000,0.000,0.000,0.3140,0,7,-0.92,-0.45,-1.49,0.0224,0.0025,0.3135,0.0000,0.0000,0.3000,0.2560,-2.53,2.74,-21.66,1.8040,0.0000,0.0000,1.4480,2.3950,67,0.0062,0.0103,0.0000,0.0062,0.0103,0
8607,0.0387,-0.0205,0.3145,0.0131,-0.0305,0.0585,-0.46,0.15,0.71,0,3.616,0.037,2.066,1.135,0.001,-0.013,0.996,0.000,0.000,0.000,0.3130,1,0,-1.07,-0.03,-1.54,-0.0008,0.0038,0.3169,0.0000,0.0000,0.3000,0.2560,-2.95,3.44,-21.25,1.8040,0.0000,0.0000,1.4390,2.3950,67,0.0062,0.0103,0.0000,0.0062,0.0103,0
8658,0.0349,-0.0234,0.3155,0.0030,-0.0300,0.0454,-0.38,0.03,0.70,0,3.616,3.516,-1.914,-0.233,-0.000,-0.018,0.989,0.000,0.000,0.000,0.3170,1,1,-1.04,-0.18,-1.55,-0.0025,0.0019,0.3186,0.0000,0.0000,0.3000,0.2573,-3.12,2.67,-21.15,1.7990,0.0000,0.0000,1.4390,2.3870,67,0.0062,0.0103,0.0000,0.0062,0.0103,0
8709,0.0352,-0.0249,0.3176,0.0031,-0.0267,0.0414,-0.31,-0.02,0.68,0,3.605,-2.084,0.231,-1.349,0.006,-0.010,1.000,0.000,0.000,0.000,0.3200,0,0,-0.83,-0.08,-1.63,-0.0059,-0.0003,0.3203,0.0000,0.0000,0.3000,0.2573,-3.06,2.70,-20.36,1.7990,0.0000,1.4270,1.4360,2.3870,67,0.0062,0.0103,0.0000,0.0062,0.0103,0
8760,0.0355,-0.0277,0.3198,0.0035,-0.0272,0.0407,-0.40,-0.02,0.64,0,3.616,1.151,-4.272,-0.660,0.004,-0.017,0.999,0.000,0.000,0.000,0.3220,0,0,-0.93,-0.09,-1.70,-0.0090,-0.0011,0.3225,0.0000,0.0000,0.3000,0.2569,-3.30,2.74,-19.31,1.8010,0.1050,1.4270,1.4360,2.3820,67,0.0062,0.0103,0.0000,0.0062,0.0103,0
8812,0.0361,-0.0292,0.3221,0.0045,-0.0243,0.0417,-0.43,0.10,0.60,0,3.611,-1.742,4.381,-1.534,0.001,-0.010,1.004,0.000,0.000,0.000,0.3220,-1,0,-0.87,0.13,-1.73,-0.0120,-0.0019,0.3245,0.0000,0.0000,0.3000,0.2564,-3.27,2.84,-18.00,1.8010,0.1050,0.0000,1.4370,2.3820,67,0.0062,0.0103,0.0000,0.0062,0.0103,0
8864,0.0364,-0.0305,0.3232,0.0039,-0.0211,0.0371,-0.38,0.03,0.52,0,3.611,2.454,-0.081,-2.535,0.006,-0.016,1.002,0.000,0.000,0.000,0.3280,0,0,-1.07,-0.24,-1.56,-0.0037,0.0040,0.3263,0.0000,0.0000,0.3000,0.2567,-3.21,2.83,-15.75,1.7970,0.0000,0.0000,1.4370,2.3730,67,0.0062,0.0103,0.0000,0.0062,0.0103,0
8915,0.0364,-0.0304,0.3265,0.0034,-0.0159,0.0443,-0.26,-0.00,0.44,0,3.611,-1.667,0.543,-2.217,0.003,-0.013,0.998,0.000,0.000,0.000,0.3290,0,0,-0.94,-0.24,-1.69,-0.0043,0.0047,0.3291,0.0000,0.0000,0.3000,0.2553,-2.97,2.83,-13.18,1.7970,0.0000,0.0000,1.4370,2.3730,67,0.0062,0.0103,0.0000,0.0062,0.0103,0
8966,0.0366,-0.0311,0.3288,0.0034,-0.0136,0.0456,-0.28,0.02,0.34,0,3.616,-1.169,-1.064,-1.179,0.002,-0.015,0.999,0.000,0.000,0.000,0.3280,0,0,-1.03,-0.26,-1.80,-0.0046,0.0054,0.3313,0.0000,0.0000,0.3000,0.2547,-2.92,2.84,-10.26,1.7940,0.1020,0.0000,1.4370,2.3660,67,0.0062,0.0103,0.0000,0.0062,0.0103,0
9018,0.0380,-0.0316,0.3300,0.0056,-0.0108,0.0396,-0.27,0.03,0.27,0,3.611,0.895,0.673,-1.849,0.006,-0.013,1.000,0.000,0.000,0.000,0.3340,0,0,-1.09,-0.21,-1.86,-0.0048,0.0062,0.3325,0.0000,0.0000,0.3000,0.2551,-2.81,3.05,-8.17,1.7940,0.1020,1.8540,1.4370,2.3660,67,0.0062,0.0103,0.0000,0.0062,0.0103,0
9069,0.0396,-0.0321,0.3328,0.0077,-0.0088,0.0442,-0.21,0.01,0.21,0,3.616,0.956,1.557,0.186,0.004,-0.015,0.999,0.000,0.000,0.000,0.3330,0,0,-1.04,-0.24,-1.96,-0.0048,0.0072,0.3351,0.0000,0.0000,0.3000,0.2541,-2.76,3.28,-6.20,1.7900,0.1050,1.8540,1.4370,2.3670,67,0.0062,0.0103,0.0000,0.0062,0.0103,0
9120,0.0398,-0.0325,0.3344,0.0073,-0.0071,0.0407,-0.06,0.02,0.16,0,3.611,0.794,-1.487,-0.221,0.007,-0.014,1.000,0.000,0.000,0.000,0.3380,0,-1,-0.99,-0.32,-1.95,-0.0045,0.0082,0.3365,0.0000,0.0000,0.3000,0.2542,-2.71,3.27,-4.79,1.7900,0.1050,0.0000,1.4420,2.3670,67,0.0062,0.0103,0.0000,0.0062,0.0103,0
9172,0.0401,-0.0328,0.3371,0.0071,-0.0065,0.0438,-0.03,0.08,0.16,0,3.616,-0.691,-0.076,0.525,-0.000,-0.012,0.995,0.000,0.000,0.000,0.3420,0,0,-0.89,-0.25,-2.10,-0.0042,0.0037,0.3392,0.0000,0.0000,0.3000,0.2533,-2.71,3.30,-4.75,1.7920,0.0960,0.0000,1.4420,2.3630,67,0.0062,0.0103,0.0000,0.0062,0.0103,0
9224,0.0421,-0.0324,0.3406,0.0092,-0.0051,0.0487,-0.03,0.08,0.18,0,3.616,-0.275,1.459,1.041,0.006,-0.016,0.993,0.000,0.000,0.000,0.3410,0,1,-0.92,-0.24,-2.07,-0.0035,0.0039,0.3421,0.0000,0.0000,0.3000,0.2521,-2.63,3.56,-5.25,1.7920,0.0960,0.0000,1.4440,2.3630,67,0.0062,0.0103,0.0000,0.0062,0.0103,0
9276,0.0445,-0.0327,0.3421,0.0118,-0.0050,0.0426,0.01,0.08,0.20,0,3.616,2.635,-2.411,0.119,0.006,-0.016,0.992,0.000,0.000,0.000,0.3470,0,0,-0.93,-0.28,-2.03,-0.0049,0.0040,0.3438,0.0000,0.0000,0.3000,0.2525,-2.64,3.86,-6.14,1.7890,0.0000,0.0000,1.4440,2.3570,66,0.0062,0.0103,0.0000,0.0062,0.0103,0
9327,0.0442,-0.0327,0.3455,0.0099,-0.0046,0.0458,0.06,0.14,0.27,0,3.611,-1.234,0.206,0.163,0.004,-0.014,0.989,0.000,0.000,0.000,0.3470,-1,0,-0.80,-0.15,-2.02,-0.0044,0.0042,0.3465,0.0000,0.0000,0.3000,0.2515,-2.63,3.77,-8.04,1.7890,0.0000,0.0000,1.4410,2.3570,66,0.0062,0.0103,0.0000,0.0062,0.0103,0
9378,0.0443,-0.0346,0.3474,0.0081,-0.0077,0.0397,0.05,0.15,0.30,0,3.616,-1.627,-2.201,1.372,0.006,-0.014,0.989,0.000,0.000,0.000,0.3510,0,0,-0.89,-0.15,-1.94,-0.0043,0.0062,0.3482,0.0000,0.0000,0.3000,0.2518,-2.92,3.68,-9.10,1.7890,0.0940,0.0000,1.4410,2.3540,66,0.0062,0.0103,0.0000,0.0062,0.0103,0
9429,0.0441,-0.0342,0.3501,0.0058,-0.0070,0.0384,0.02,0.22,0.34,0,3.611,0.897,1.939,0.647,0.005,-0.017,0.991,0.000,0.000,0.000,0.3490,-7,-3,-0.98,-0.04,-1.87,-0.0036,0.0070,0.3504,0.0000,0.0000,0.3000,0.2514,-2.86,3.56,-10.23,1.7890,0.0940,2.5150,1.4380,2.3540,66,0.0062,0.0103,0.0000,0.0062,0.0103,0
9481,0.0446,-0.0474,0.3507,0.0043,-0.0282,0.0274,0.00,0.15,0.38,0,3.616,0.336,-0.589,-0.171,0.005,-0.014,0.988,0.000,0.000,0.000,0.3520,1,0,-1.18,-0.23,-1.31,0.0048,0.0242,0.3508,0.0000,0.0000,0.3000,0.2525,-4.85,3.51,-11.48,1.7890,0.0000,2.5150,1.4380,2.3510,66,0.0062,0.0103,0.0000,0.0062,0.0103,0
9532,0.0474,-0.0512,0.3520,0.0068,-0.0336,0.0226,0.07,0.11,0.43,0,3.605,-2.492,1.602,-0.911,0.006,-0.016,0.993,0.000,0.000,0.000,0.3500,1,0,-1.11,-0.18,-1.44,0.0061,0.0255,0.3523,0.0000,0.0000,0.3000,0.2528,-5.39,3.83,-12.97,1.7890,0.0000,2.4880,1.4280,2.3510,66,0.0062,0.0103,0.0000,0.0062,0.0103,0
9583,0.0455,-0.0539,0.3517,0.0023,-0.0357,0.0121,-0.11,0.13,0.45,0,3.611,-6.963,-1.353,0.469,0.005,-0.015,0.998,0.000,0.000,0.000,0.3520,2,0,-1.18,-0.24,-1.60,0.0073,0.0256,0.3526,0.0000,0.0000,0.3000,0.2540,-5.66,3.46,-13.42,1.7910,0.0000,2.4880,1.4280,2.3510,66,0.0062,0.0103,0.0000,0.0062,0.0103,0
9635,0.0449,-0.0552,0.3522,0.0003,-0.0340,0.0088,-0.48,0.12,0.47,0,3.600,-1.296,-1.191,-0.316,0.004,-0.015,0.997,0.000,0.000,0.000,0.3530,0,1,-1.46,-0.16,-1.74,0.0081,0.0229,0.3533,0.0000,0.0000,0.3000,0.2542,-5.66,3.31,-14.03,1.7910,0.0000,0.0000,1.4290,2.3510,66,0.0062,0.0103,0.0000,0.0062,0.0103,0
9687,0.0455,-0.0605,0.3528,-0.0000,-0.0356,0.0089,-0.64,0.13,0.48,0,3.611,2.850,-1.156,0.810,0.003,-0.018,1.000,0.000,0.000,0.000,0.3530,1,0,-1.50,-0.05,-1.80,0.0065,0.0237,0.3538,0.0000,0.0000,0.3000,0.2541,-6.13,3.34,-14.51,1.7830,0.0970,0.0000,1.4290,2.3500,66,0.0062,0.0103,0.0000,0.0062,0.0103,0
9738,0.0455,-0.0606,0.3531,-0.0009,-0.0276,0.0074,-0.66,0.12,0.54,0,3.600,-2.801,1.333,1.365,0.002,-0.013,1.003,0.000,0.000,0.000,0.3530,0,0,-1.31,0.02,-1.86,0.0068,0.0215,0.3542,0.0000,0.0000,0.3000,0.2542,-5.75,3.30,-16.18,1.7830,0.0970,0.0000,1.4290,2.3500,66,0.0062,0.0103,0.0000,0.0062,0.0103,0
9789,0.0460,-0.0630,0.3533,-0.0009,-0.0234,0.0066,-0.75,0.06,0.58,0,3.605,0.722,1.729,-0.344,0.007,-0.014,1.000,0.000,0.000,0.000,0.3530,0,0,-1.45,-0.05,-1.79,0.0082,0.0230,0.3544,0.0000,0.0000,0.3000,0.2542,-5.72,3.34,-17.52,1.7860,0.0000,0.0000,1.4290,2.3450,66,0.0062,0.0103,0.0000,0.0062,0.0103,0
9841,0.0461,-0.0653,0.3534,-0.0012,-0.0190,0.0063,-0.70,0.02,0.62,0,3.600,3.122,-0.556,-0.462,0.004,-0.015,1.003,0.000,0.000,0.000,0.3550,-1,0,-1.42,-0.14,-1.81,0.0099,0.0248,0.3545,0.0000,0.0000,0.3000,0.2542,-5.67,3.33,-18.49,1.7860,0.0000,0.0000,1.4250,2.3450,66,0.0062,0.0103,0.0000,0.0062,0.0103,0
9891,0.0532,-0.0647,0.3543,0.0097,-0.0108,0.0101,-0.57,-0.02,0.60,0,3.605,-0.676,-2.105,0.222,0.006,-0.017,1.001,0.000,0.000,0.000,0.3550,-2,1,-1.22,-0.05,-1.93,0.0046,0.0235,0.3553,0.0000,0.0000,0.3000,0.2537,-5.25,4.38,-18.01,1.7870,0.0960,0.0000,1.4250,2.3500,58,0.0062,0.0103,0.0000,0.0062,0.0103,0
9942,0.0534,-0.0634,0.3549,0.0092,-0.0037,0.0114,-0.54,0.06,0.61,0,3.600,4.725,-5.055,-0.143,0.004,-0.018,1.004,0.000,0.000,0.000,0.3570,0,0,-1.28,0.08,-1.87,0.0034,0.0278,0.3558,0.0000,0.0000,0.3000,0.2534,-4.82,4.38,-18.20,1.7870,0.0960,0.0000,1.4290,2.3500,58,0.0062,0.0103,0.0000,0.0062,0.0103,0
9994,0.0535,-0.0589,0.3562,0.0082,0.0079,0.0167,-0.51,0.16,0.62,0,3.611,8.070,-0.295,-0.396,0.002,-0.021,0.997,0.000,0.000,0.000,0.3550,0,0,-1.04,0.33,-1.87,0.0039,0.0300,0.3569,0.0000,0.0000,0.3000,0.2526,-3.94,4.35,-18.51,1.7840,0.0950,0.0000,1.4290,2.3450,58,0.0062,0.0103,0.0000,0.0062,0.0103,0
10045,0.0531,-0.0567,0.3562,0.0056,0.0144,0.0120,-0.20,0.19,0.59,0,3.600,3.152,1.691,-0.610,0.007,-0.018,1.000,0.000,0.000,0.000,0.3570,-1,0,-0.62,0.35,-1.89,0.0042,0.0321,0.3570,0.0000,0.0000,0.3000,0.2531,-3.45,4.19,-17.78,1.7840,0.0950,2.4530,1.4270,2.3450,58,0.0062,0.0103,0.0000,0.0062,0.0103,0
10096,0.0547,-0.0542,0.3569,0.0059,0.0183,0.0120,0.02,0.17,0.57,0,3.605,0.145,-0.467,0.307,0.009,-0.011,1.006,0.000,0.000,0.000,0.3580,-1,0,-0.44,0.27,-1.98,0.0034,0.0315,0.3576,0.0000,0.0000,0.3000,0.2529,-3.08,4.32,-17.09,1.7850,0.0000,2.4530,1.4270,2.3490,58,0.0062,0.0103,0.0000,0.0062,0.0103,0
10147,0.0549,-0.0493,0.3577,0.0046,0.0241,0.0131,0.08,0.16,0.53,0,3.600,5.899,-0.013,-1.484,0.004,-0.019,0.997,0.000,0.000,0.000,0.3590,-2,3,-0.44,0.30,-1.94,0.0037,0.0339,0.3585,0.0000,0.0000,0.3000,0.2527,-2.44,4.28,-15.82,1.7850,0.0000,2.5220,1.4300,2.3490,58,0.0062,0.0103,0.0000,0.0062,0.0103,0
10199,0.0616,-0.0461,0.3587,0.0132,0.0263,0.0140,0.23,0.18,0.48,0,3.605,1.992,-0.561,-1.779,0.008,-0.016,0.999,0.000,0.000,0.000,0.3640,0,0,-0.17,0.35,-1.93,-0.0014,0.0383,0.3594,0.0000,0.0000,0.3000,0.2524,-2.10,5.19,-14.26,1.7860,0.0000,2.5220,1.4300,2.3430,58,0.0062,0.0103,0.0000,0.0062,0.0103,0
10251,0.0564,-0.0429,0.3613,0.0031,0.0267,0.0233,0.38,0.20,0.41,0,3.595,2.745,0.731,-1.854,0.006,-0.011,0.999,0.000,0.000,0.000,0.3630,0,0,-0.06,0.38,-2.02,-0.0022,0.0400,0.3616,0.0000,0.0000,0.3000,0.2509,-1.87,4.35,-12.43,1.7860,0.0000,2.5660,1.4270,2.3430,58,0.0062,0.0103,0.0000,0.0062,0.0103,0
10302,0.0572,-0.0408,0.3627,0.0027,0.0249,0.0236,0.48,0.10,0.34,0,3.605,3.343,-1.430,0.069,0.003,-0.015,0.993,0.000,0.000,0.000,0.3600,0,0,0.08,0.34,-2.12,-0.0031,0.0414,0.3629,0.0000,0.0000,0.3000,0.2506,-1.80,4.40,-10.35,1.7860,0.0950,2.5660,1.4270,2.3440,58,0.0062,0.0103,0.0000,0.0062,0.0103,0
10354,0.0575,-0.0391,0.3623,0.0021,0.0216,0.0133,0.60,0.08,0.29,0,3.600,-2.291,-1.004,-1.326,0.008,-0.016,0.992,0.000,0.000,0.000,0.3610,0,0,0.25,0.42,-2.12,-0.0041,0.0423,0.3627,0.0000,0.0000,0.3000,0.2518,-1.83,4.37,-8.77,1.7860,0.0950,2.6220,1.4260,2.3440,58,0.0062,0.0103,0.0000,0.0062,0.0103,0
10405,0.0572,-0.0367,0.3620,0.0009,0.0188,0.0039,0.53,0.10,0.23,0,3.605,0.039,0.286,-2.006,0.003,-0.018,0.996,0.000,0.000,0.000,0.3590,0,0,0.13,0.47,-2.19,-0.0051,0.0427,0.3626,0.0000,0.0000,0.3000,0.2528,-1.78,4.27,-6.83,1.7760,0.0930,2.6220,1.4260,2.3390,58,0.0062,0.0103,0.0000,0.0062,0.0103,0
10456,0.0621,-0.0366,0.3608,0.0075,0.0132,-0.0063,0.48,0.12,0.15,0,3.600,-0.345,-3.003,-1.788,0.004,-0.015,0.999,0.000,0.000,0.000,0.3630,0,0,0.13,0.45,-2.29,-0.0063,0.0426,0.3616,0.0000,0.0000,0.3000,0.2542,-2.04,4.92,-4.48,1.7760,0.0930,2.6500,1.4250,2.3390,58,0.0062,0.0103,0.0000,0.0062,0.0103,0
10507,0.0640,-0.0398,0.3616,0.0090,0.0032,-0.0021,0.45,0.12,0.09,0,3.605,-1.220,-0.038,-1.388,0.004,-0.013,0.997,0.000,0.000,0.000,0.3650,0,0,0.12,0.61,-2.38,-0.0075,0.0420,0.3621,0.0000,0.0000,0.3000,0.2536,-2.77,5.15,-2.59,1.7730,0.0000,2.6500,1.4250,2.3410,58,0.0062,0.0103,0.0000,0.0062,0.0103,0
10559,0.0642,-0.0428,0.3629,0.0075,-0.0053,0.0048,0.38,0.11,0.02,0,3.600,-5.636,2.337,-1.464,0.004,-0.014,1.000,0.000,0.000,0.000,0.3660,1,0,0.06,0.61,-2.45,-0.0090,0.0411,0.3630,0.0000,0.0000,0.3000,0.2525,-3.41,5.12,-0.61,1.7730,0.0000,2.6300,1.4340,2.3410,58,0.0062,0.0103,0.0000,0.0062,0.0103,0
10611,0.0650,-0.0450,0.3644,0.0073,-0.0111,0.0107,0.15,0.08,-0.02,0,3.611,-4.704,0.044,-1.788,0.007,-0.012,0.994,0.000,0.000,0.000,0.3630,1,0,-0.27,0.42,-2.50,0.0005,0.0457,0.3642,0.0000,0.0000,0.3000,0.2516,-3.87,5.18,0.51,1.7780,0.0000,2.6300,1.4340,2.3450,58,0.0062,0.0103,0.0000,0.0062,0.0103,0
10662,0.0641,-0.0480,0.3642,0.0045,-0.0157,0.0062,-0.06,0.16,-0.08,0,3.600,-0.277,1.586,-0.889,0.004,-0.012,0.997,0.000,0.000,0.000,0.3610,1,0,-0.51,0.42,-2.61,0.0003,0.0446,0.3640,0.0000,0.0000,0.3000,0.2522,-4.30,4.96,2.25,1.7780,0.0000,0.0000,1.4340,2.3450,58,0.0062,0.0103,0.0000,0.0062,0.0103,0
10713,0.0638,-0.0508,0.3630,0.0022,-0.0182,-0.0036,-0.14,0.19,-0.14,0,3.600,-1.303,0.781,-0.195,0.004,-0.013,0.995,0.000,0.000,0.000,0.3620,0,-1,-0.52,0.34,-2.67,0.0002,0.0432,0.3630,0.0000,0.0000,0.3000,0.2534,-4.61,4.81,4.05,1.7660,0.0000,0.0000,1.4340,2.3430,60,0.0062,0.0103,0.0000,0.0062,0.0103,0
10765,0.0658,-0.0551,0.3624,0.0039,-0.0223,-0.0075,-0.20,0.09,-0.16,0,3.595,-3.641,-1.156,0.950,0.007,-0.014,0.993,0.000,0.000,0.000,0.3650,1,0,-0.59,0.29,-2.68,0.0010,0.0423,0.3624,0.0000,0.0000,0.3000,0.2540,-5.11,5.03,4.76,1.7660,0.0000,2.4970,1.4240,2.3430,60,0.0062,0.0103,0.0000,0.0062,0.0103,0
10817,0.0689,-0.0553,0.3632,0.0078,-0.0190,-0.0041,-0.33,0.10,-0.17,0,3.600,-3.380,0.504,0.284,0.002,-0.018,0.998,0.000,0.000,0.000,0.3630,0,1,-0.77,0.35,-2.66,0.0010,0.0403,0.3628,0.0000,0.0000,0.3000,0.2534,-4.98,5.46,5.06,1.7740,0.0000,2.4970,1.4240,2.3410,60,0.0062,0.0103,0.0000,0.0062,0.0103,0
10869,0.0703,-0.0579,0.3630,0.0086,-0.0186,-0.0063,-0.47,0.11,-0.17,0,3.589,2.390,0.148,-0.806,0.006,-0.017,1.002,0.000,0.000,0.000,0.3600,0,0,-0.95,0.34,-2.62,-0.0006,0.0395,0.3624,0.0000,0.0000,0.3000,0.2537,-5.15,5.59,5.13,1.7740,0.0000,2.4720,1.4260,2.3410,60,0.0062,0.0103,0.0000,0.0062,0.0103,0
10921,0.0706,-0.0584,0.3614,0.0077,-0.0142,-0.0123,-0.41,0.08,-0.18,0,3.595,1.568,-2.863,-1.277,0.003,-0.020,0.997,0.000,0.000,0.000,0.3630,0,0,-0.83,0.33,-2.66,-0.0010,0.0381,0.3613,0.0000,0.0000,0.3000,0.2546,-4.95,5.54,5.49,1.7680,0.0940,2.4720,1.4260,2.3490,60,0.0062,0.0103,0.0000,0.0062,0.0103,0
10972,0.0723,-0.0587,0.3617,0.0093,-0.0102,-0.0083,-0.38,0.11,-0.21,0,3.595,-2.137,-0.582,0.095,0.005,-0.019,1.003,0.000,0.000,0.000,0.3580,0,0,-0.74,0.48,-2.72,-0.0015,0.0366,0.3613,0.0000,0.0000,0.3000,0.2542,-4.79,5.77,6.23,1.7680,0.0940,2.5110,1.4270,2.3490,60,0.0062,0.0103,0.0000,0.0062,0.0103,0
11023,0.0805,-0.0602,0.3598,0.0211,-0.0087,-0.0155,-0.40,0.14,-0.23,0,3.595,3.422,-3.604,-0.195,0.003,-0.011,1.002,0.000,0.000,0.000,0.3560,0,0,-0.85,0.51,-2.72,-0.0021,0.0350,0.3599,0.0000,0.0000,0.3000,0.2553,-4.81,6.89,6.96,1.7670,0.0960,2.5110,1.4270,2.3420,60,0.0062,0.0103,0.0000,0.0062,0.0103,0
11075,0.0802,-0.0609,0.3577,0.0175,-0.0058,-0.0211,-0.34,0.25,-0.27,0,3.595,1.640,-0.693,-0.411,0.002,-0.015,1.003,0.000,0.000,0.000,0.3570,0,0,-0.68,0.70,-2.73,-0.0028,0.0334,0.3581,0.0000,0.0000,0.3000,0.2563,-4.70,6.67,7.97,1.7670,0.0960,2.4130,1.4320,2.3420,60,0.0062,0.0103,0.0000,0.0062,0.0103,0
11126,0.0864,-0.0612,0.3567,0.0243,-0.0030,-0.0185,-0.27,0.25,-0.29,0,3.595,2.895,-0.938,0.326,0.005,-0.017,1.005,0.000,0.000,0.000,0.3550,0,0,-0.59,0.73,-2.75,-0.0038,0.0319,0.3572,0.0000,0.0000,0.3000,0.2562,-4.59,7.44,8.81,1.7650,0.0970,2.4130,1.4320,2.3450,60,0.0062,0.0103,0.0000,0.0062,0.0103,0
11178,0.0862,-0.0584,0.3554,0.0199,0.0037,-0.0183,-0.17,0.31,-0.30,0,3.589,-0.089,-1.727,-0.806,-0.001,-0.022,1.007,0.000,0.000,0.000,0.3570,0,0,-0.45,0.78,-2.73,-0.0050,0.0301,0.3560,0.0000,0.0000,0.3000,0.2564,-4.07,7.22,8.94,1.7650,0.0970,2.5070,1.4350,2.3450,60,0.0062,0.0103,0.0000,0.0062,0.0103,0
11230,0.0866,-0.0566,0.3556,0.0164,0.0078,-0.0099,-0.17,0.35,-0.32,0,3.595,3.877,-2.307,-1.403,0.006,-0.015,1.005,0.000,0.000,0.000,0.3560,-1,0,-0.45,0.87,-2.77,-0.0066,0.0279,0.3559,0.0000,0.0000,0.3000,0.2555,-3.75,7.10,9.51,1.7670,0.0000,2.5070,1.4350,2.3480,60,0.0062,0.0103,0.0000,0.0062,0.0103,0
11288,0.0868,-0.0551,0.3555,0.0121,0.0110,-0.0054,-0.08,0.44,-0.36,0,3.595,1.354,3.046,-1.146,0.006,-0.016,1.007,0.000,0.000,0.000,0.3560,0,-1,-0.36,0.93,-2.62,0.0043,0.0440,0.3560,0.0000,0.0000,0.3000,0.2550,-3.50,6.92,10.80,1.7670,0.0000,2.5490,1.4330,2.3480,60,0.0062,0.0103,0.0000,0.0062,0.0103,0
11341,0.0857,-0.0528,0.3556,0.0058,0.0141,0.0000,0.09,0.34,-0.42,0,3.595,4.814,2.258,-0.631,0.008,-0.017,1.003,0.000,0.000,0.000,0.3540,-2,0,-0.28,0.74,-2.69,0.0046,0.0440,0.3560,0.0000,0.0000,0.3000,0.2544,-3.19,6.56,12.51,1.7680,0.0000,2.5490,1.4330,2.3510,60,0.0062,0.0103,0.0000,0.0062,0.0103,0
11391,0.0836,-0.0549,0.3550,-0.0010,0.0087,-0.0006,0.24,0.21,-0.45,0,3.589,1.824,0.096,0.116,0.004,-0.018,1.000,0.000,0.000,0.000,0.3550,0,0,-0.04,0.62,-2.67,0.0045,0.0452,0.3554,0.0000,0.0000,0.3000,0.2546,-3.60,6.08,13.44,1.7680,0.0000,2.6040,1.4280,2.3510,60,0.0062,0.0103,0.0000,0.0062,0.0103,0
11443,0.0815,-0.0514,0.3550,-0.0060,0.0113,0.0001,0.25,0.11,-0.45,0,3.595,0.301,-0.179,0.349,0.005,-0.018,0.999,0.000,0.000,0.000,0.3570,-2,0,0.05,0.62,-2.67,0.0040,0.0450,0.3553,0.0000,0.0000,0.3000,0.2545,-3.22,5.69,13.55,1.7670,0.0000,2.6040,1.4280,2.3480,60,0.0062,0.0103,0.0000,0.0062,0.0103,0
11494,0.0796,-0.0535,0.3559,-0.0095,0.0049,0.0043,0.27,0.12,-0.47,0,3.595,-3.869,4.893,-0.625,0.004,-0.013,0.998,0.000,0.000,0.000,0.3570,0,0,0.01,0.62,-2.52,0.0044,0.0490,0.3558,0.0000,0.0000,0.3000,0.2539,-3.69,5.40,14.18,1.7670,0.0000,2.6270,1.4240,2.3480,60,0.0062,0.0103,0.0000,0.0062,0.0103,0
11546,0.0755,-0.0502,0.3565,-0.0165,0.0073,0.0058,0.25,0.02,-0.54,0,3.589,-1.666,2.347,-0.648,0.005,-0.011,0.998,0.000,0.000,0.000,0.3600,0,0,-0.19,0.37,-2.55,0.0038,0.0494,0.3562,0.0641,-0.0532,0.3000,0.2536,0.55,0.09,16.21,1.7660,0.0980,2.6270,1.4240,2.3480,72,0.0062,0.0103,0.0000,0.0062,0.0103,0
11547,0.0764,-0.0563,0.3582,-0.0134,-0.0052,0.0119,0.19,-0.19,-0.59,0,3.595,-0.082,0.140,-0.780,0.000,-0.013,0.996,0.000,0.000,0.000,0.3570,1,0,-0.28,0.25,-2.57,0.1280,-0.0979,0.3572,0.0641,-0.0532,0.3000,0.2526,-0.51,0.30,17.84,1.7660,0.0980,2.6230,1.4320,2.3480,72,0.1280,-0.0979,0.0290,0.0037,0.0494,0
11668,0.0743,-0.0579,0.3580,-0.0142,-0.0092,0.0070,0.18,-0.21,-0.63,0,3.589,-3.068,1.310,-1.049,0.005,-0.013,0.995,0.000,0.000,0.000,0.3560,0,1,-0.25,0.24,-2.63,0.1272,-0.0999,0.3576,0.0641,-0.0532,0.3000,0.2531,-0.82,0.11,18.94,1.7630,0.0940,2.6230,1.4320,2.3410,72,0.1280,-0.0979,0.0290,0.0037,0.0494,0
11788,0.0756,-0.0618,0.3573,-0.0092,-0.0160,-0.0005,0.03,-0.28,-0.68,0,3.595,-3.054,1.924,-1.847,0.002,-0.016,0.992,0.000,0.000,0.000,0.3560,0,2,-0.64,0.11,-2.69,0.1241,-0.1002,0.3566,0.0641,-0.0532,0.3000,0.2541,-1.43,0.45,20.55,1.7630,0.0940,0.0000,1.4400,2.3410,72,0.1280,-0.0979,0.0290,0.0037,0.0494,0
11910,0.0753,-0.0637,0.3567,-0.0063,-0.0181,-0.0060,-0.11,-0.34,-0.75,0,3.589,-3.660,-3.457,-2.274,0.008,-0.012,0.991,0.000,0.000,0.000,0.3560,1,0,-1.03,-0.08,-2.86,0.1174,-0.1001,0.3546,0.0641,-0.0532,0.3000,0.2548,-1.67,0.57,22.44,1.7610,0.0930,0.0000,1.4400,2.3410,72,0.1280,-0.0979,0.0290,0.0037,0.0494,0
12030,0.0728,-0.0646,0.3561,-0.0071,-0.0168,-0.0107,-0.32,-0.24,-0.84,0,3.589,-1.600,0.219,-2.121,0.002,-0.018,0.997,0.000,0.000,0.000,0.3620,1,0,-1.45,0.33,-3.17,0.1172,-0.1036,0.3524,0.0641,-0.0532,0.3000,0.2554,-1.67,0.35,25.32,1.7610,0.0930,2.5550,1.4270,2.3410,72,0.1280,-0.0979,0.0290,0.0037,0.0494,0
12151,0.0751,-0.0686,0.3583,-0.0005,-0.0196,0.0016,-0.40,-0.20,-0.95,0,3.589,0.614,-3.394,-2.402,0.003,-0.017,0.995,0.000,0.000,0.000,0.3540,1,0,-1.61,0.29,-3.45,0.1168,-0.1072,0.3544,0.0641,-0.0532,0.3000,0.2537,-2.11,0.84,28.37,1.7660,0.0000,2.5550,1.4270,2.3410,77,0.1280,-0.0979,0.0290,0.0037,0.0494,0
12273,0.0752,-0.0704,0.3564,0.0013,-0.0176,-0.0101,-0.43,-0.14,-1.06,0,3.589,-0.892,-1.056,-2.543,0.002,-0.015,0.998,0.000,0.000,0.000,0.3600,0,0,-1.50,0.69,-3.76,0.1167,-0.1109,0.3514,0.0641,-0.0532,0.3000,0.2553,-2.13,0.93,31.91,1.7660,0.0000,2.5180,1.4390,2.3410,77,0.1280,-0.0979,0.0290,0.0037,0.0494,0
12395,0.0748,-0.0738,0.3577,0.0014,-0.0183,-0.0020,-0.41,-0.07,-1.15,0,3.589,-0.309,-0.846,-0.606,-0.001,-0.016,0.996,0.000,0.000,0.000,0.3540,-1,0,-1.61,0.83,-4.06,0.1141,-0.1106,0.3526,0.0641,-0.0532,0.3000,0.2542,-2.42,0.91,34.59,1.7620,0.0000,2.5180,1.4390,2.3520,77,0.1280,-0.0979,0.0290,0.0037,0.0494,0
12515,0.0746,-0.0761,0.3560,0.0016,-0.0174,-0.0117,-0.43,-0.05,-1.22,0,3.589,-2.065,-2.128,-0.969,0.002,-0.013,1.001,0.000,0.000,0.000,0.3540,0,0,-1.64,0.85,-4.02,0.1209,-0.1096,0.3508,0.0641,-0.0532,0.3000,0.2555,-2.53,0.90,36.57,1.7620,0.0000,0.0000,1.4510,2.3520,77,0.1280,-0.0979,0.0290,0.0037,0.0494,0
12638,0.0738,-0.0770,0.3547,0.0005,-0.0141,-0.0155,-0.47,-0.00,-1.27,0,3.584,2.355,0.061,-1.476,0.005,-0.013,0.996,0.000,0.000,0.000,0.3530,0,0,-1.89,1.11,-4.13,0.1182,-0.1053,0.3497,0.0641,-0.0532,0.3000,0.2562,-2.43,0.79,38.04,1.7600,0.0000,0.0000,1.4510,2.3490,77,0.1280,-0.0979,0.0290,0.0037,0.0494,0
12760,0.0743,-0.0773,0.3534,0.0015,-0.0098,-0.0191,-0.40,-0.00,-1.34,0,3.584,1.933,-0.436,-1.610,0.006,-0.014,1.003,0.000,0.000,0.000,0.3530,-1,0,-1.60,1.10,-4.31,0.1135,-0.0981,0.3484,0.0641,-0.0532,0.3000,0.2568,-2.24,0.87,40.24,1.7600,0.0000,2.4870,1.4400,2.3490,77,0.1280,-0.0979,0.0290,0.0037,0.0494,0
12881,0.0738,-0.0779,0.3526,0.0006,-0.0067,-0.0183,-0.34,0.06,-1.40,0,3.589,0.248,-0.304,0.177,0.004,-0.015,1.003,0.000,0.000,0.000,0.3540,0,0,-1.20,1.02,-4.65,0.1242,-0.1103,0.3504,0.0641,-0.0532,0.3000,0.2569,-2.13,0.79,41.98,1.7590,0.0000,2.4870,1.4400,2.3500,77,0.1280,-0.0979,0.0290,0.0037,0.0494,0
13002,0.0733,-0.0762,0.3527,-0.0008,-0.0007,-0.0118,-0.29,0.08,-1.43,0,3.589,3.308,2.398,-0.687,0.006,-0.016,1.006,0.000,0.000,0.000,0.3540,0,0,-1.17,1.06,-4.63,0.1215,-0.1070,0.3514,0.0641,-0.0532,0.3000,0.2562,-1.73,0.69,42.75,1.7590,0.0000,2.5160,1.4490,2.3500,80,0.1280,-0.0979,0.0290,0.0037,0.0494,0
13124,0.0733,-0.0762,0.3529,-0.0013,0.0018,-0.0057,-0.24,-0.02,-1.44,0,3.589,1.655,0.354,0.052,0.008,-0.010,1.001,0.000,0.000,0.000,0.3530,0,0,-0.77,0.77,-4.72,0.1170,-0.1028,0.3532,0.0641,-0.0532,0.3000,0.2555,-1.61,0.66,43.26,1.7590,0.0970,2.5160,1.4490,2.3490,80,0.1280,-0.0979,0.0290,0.0037,0.0494,0
13245,0.0740,-0.0740,0.3528,0.0005,0.0072,-0.0037,-0.16,-0.05,-1.45,0,3.584,0.739,-2.196,1.279,0.002,-0.014,1.000,0.000,0.000,0.000,0.3530,-1,0,-0.57,0.73,-4.71,0.1119,-0.0982,0.3540,0.0641,-0.0532,0.3000,0.2553,-1.19,0.80,43.37,1.7590,0.0970,2.5160,1.4390,2.3490,80,0.1280,-0.0979,0.0290,0.0037,0.0494,0
13367,0.0741,-0.0736,0.3528,0.0007,0.0087,-0.0031,-0.15,0.07,-1.40,0,3.589,1.993,1.101,0.526,0.004,-0.013,1.002,0.000,0.000,0.000,0.3490,0,0,-0.43,0.86,-4.67,0.1239,-0.1028,0.3553,0.0641,-0.0532,0.3000,0.2552,-1.09,0.82,41.96,1.7550,0.0000,2.5160,1.4390,2.3450,80,0.1280,-0.0979,0.0290,0.0037,0.0494,0
13489,0.0740,-0.0713,0.3510,-0.0001,0.0130,-0.0115,-0.02,0.07,-1.36,0,3.584,3.563,0.655,0.828,0.005,-0.012,0.998,0.000,0.000,0.000,0.3510,-2,0,-0.19,0.73,-4.60,0.1221,-0.1025,0.3537,0.0641,-0.0532,0.3000,0.2564,-0.71,0.77,40.90,1.7550,0.0000,2.5170,1.4430,2.3450,80,0.1280,-0.0979,0.0290,0.0037,0.0494,0
13610,0.0778,-0.0716,0.3506,0.0060,0.0112,-0.0111,0.14,0.01,-1.31,0,3.589,2.414,-1.470,1.401,0.006,-0.018,0.997,0.000,0.000,0.000,0.3510,0,0,0.19,0.61,-4.47,0.1230,-0.0984,0.3532,0.0641,-0.0532,0.3000,0.2564,-0.82,1.34,39.23,1.7550,0.0970,2.5170,1.4430,2.3470,58,0.1280,-0.0979,0.0290,0.0037,0.0494,0
13730,0.0765,-0.0663,0.3504,0.0031,0.0178,-0.0097,0.23,0.03,-1.25,0,3.589,3.054,-0.316,0.890,0.002,-0.013,1.001,0.000,0.000,0.000,0.3510,0,0,0.48,0.79,-4.30,0.1211,-0.0996,0.3520,0.0641,-0.0532,0.3000,0.2563,-0.12,1.10,37.46,1.7550,0.0970,2.5540,1.4550,2.3470,58,0.1280,-0.0979,0.0290,0.0037,0.0494,0
13852,0.0764,-0.0640,0.3504,0.0025,0.0182,-0.0067,0.30,0.03,-1.19,0,3.589,1.918,-1.019,1.156,0.005,-0.017,0.998,0.000,0.000,0.000,0.3490,0,0,0.84,0.83,-4.19,0.1173,-0.1038,0.3512,0.0641,-0.0532,0.3000,0.2560,0.07,1.07,35.60,1.7550,0.0980,2.5540,1.4550,2.3510,58,0.1280,-0.0979,0.0290,0.0037,0.0494,0
13973,0.0766,-0.0631,0.3496,0.0023,0.0156,-0.0087,0.35,0.04,-1.14,0,3.589,-1.341,-0.737,0.984,0.005,-0.017,1.004,0.000,0.000,0.000,0.3460,0,0,1.07,0.95,-4.05,0.1119,-0.1124,0.3493,0.0641,-0.0532,0.3000,0.2564,0.00,1.07,34.18,1.7550,0.0980,2.6030,1.4380,2.3510,58,0.1280,-0.0979,0.0290,0.0037,0.0494,0
14093,0.0763,-0.0607,0.3477,0.0011,0.0154,-0.0147,0.35,0.11,-1.10,0,3.584,0.116,-0.750,-0.370,0.006,-0.014,0.998,0.000,0.000,0.000,0.3490,0,0,0.91,1.04,-3.94,0.1045,-0.1259,0.3472,0.0641,-0.0532,0.3000,0.2574,0.17,0.99,33.09,1.7610,0.0000,2.6030,1.4380,2.3570,58,0.1280,-0.0979,0.0290,0.0037,0.0494,0
14215,0.0763,-0.0600,0.3477,0.0001,0.0124,-0.0112,0.33,0.09,-1.09,0,3.579,1.793,0.678,-0.220,0.006,-0.015,1.003,0.000,0.000,0.000,0.3460,0,0,0.93,1.13,-3.98,0.0949,-0.1437,0.3469,0.0641,-0.0532,0.3000,0.2570,0.07,0.95,32.81,1.7610,0.0000,0.0000,1.4410,2.3570,58,0.1280,-0.0979,0.0290,0.0037,0.0494,0
14335,0.0794,-0.0673,0.3466,0.0045,-0.0035,-0.0131,0.36,0.05,-1.07,0,3.584,-0.697,0.379,-0.781,0.006,-0.016,1.003,0.000,0.000,0.000,0.3470,1,1,1.14,1.05,-4.01,0.0831,-0.1657,0.3458,0.0641,-0.0532,0.3000,0.2574,-1.21,1.38,32.12,1.7600,0.0960,0.0000,1.4410,2.3600,47,0.1280,-0.0979,0.0290,0.0037,0.0494,0
14456,0.0797,-0.0676,0.3463,0.0040,-0.0065,-0.0111,0.30,0.07,-1.05,0,3.584,-3.085,-0.689,-0.099,0.006,-0.015,1.003,0.000,0.000,0.000,0.3480,0,0,0.64,0.82,-4.13,0.1272,-0.0778,0.3542,0.0641,-0.0532,0.3000,0.2572,-1.38,1.38,31.41,1.7600,0.0960,2.5190,1.4390,2.3600,47,0.1280,-0.0979,0.0290,0.0037,0.0494,0
14578,0.0764,-0.0689,0.3467,-0.0020,-0.0100,-0.0046,0.08,0.09,-1.04,0,3.584,-4.055,-0.819,0.857,0.003,-0.010,1.002,0.000,0.000,0.000,0.3450,0,0,0.26,0.91,-4.15,0.1251,-0.0819,0.3530,0.0641,-0.0532,0.3000,0.2565,-1.65,0.85,31.27,1.7610,0.0960,2.5190,1.4390,2.3540,47,0.1280,-0.0979,0.0290,0.0037,0.0494,0
14699,0.0761,-0.0747,0.3458,-0.0031,-0.0189,-0.0077,-0.05,0.11,-1.03,0,3.584,-2.146,-0.930,0.595,0.003,-0.011,1.003,0.000,0.000,0.000,0.3450,1,0,-0.24,1.01,-4.04,0.1212,-0.0877,0.3507,0.0641,-0.0532,0.3000,0.2570,-2.49,0.78,30.88,1.7610,0.0960,2.4840,1.4300,2.3540,47,0.1280,-0.0979,0.0290,0.0037,0.0494,0
14820,0.0786,-0.0833,0.3452,0.0005,-0.0306,-0.0078,-0.16,0.07,-1.01,0,3.584,-5.970,-1.757,-0.063,0.007,-0.015,1.004,0.000,0.000,0.000,0.3480,0,0,-0.59,1.04,-4.03,0.1261,-0.0832,0.3492,0.0641,-0.0532,0.3000,0.2571,-3.67,1.13,30.27,1.7540,0.0990,2.4840,1.4300,2.3620,47,0.1280,-0.0979,0.0290,0.0037,0.0494,0
14941,0.0796,-0.0897,0.3462,0.0014,-0.0367,0.0002,-0.41,0.14,-0.99,0,3.584,-5.585,-0.369,0.559,0.004,-0.016,0.999,0.000,0.000,0.000,0.3430,1,0,-1.31,1.25,-4.03,0.1234,-0.0859,0.3503,0.0641,-0.0532,0.3000,0.2560,-4.44,1.25,29.57,1.7540,0.0990,0.0000,1.4340,2.3620,47,0.1280,-0.0979,0.0290,0.0037,0.0494,0
15062,0.0794,-0.0917,0.3448,-0.0002,-0.0333,-0.0075,-0.63,0.20,-0.96,0,3.584,0.492,0.229,0.960,0.007,-0.018,0.996,0.000,0.000,0.000,0.3460,0,2,-1.99,1.24,-3.90,0.1248,-0.0874,0.3484,0.0641,-0.0532,0.3000,0.2571,-4.41,1.15,28.79,1.7590,0.1020,0.0000,1.4340,2.3570,47,0.1280,-0.0979,0.0290,0.0037,0.0494,0
15183,0.0800,-0.0942,0.3451,-0.0005,-0.0292,-0.0045,-0.67,0.16,-0.92,0,3.584,1.149,1.978,-0.343,0.005,-0.016,1.001,0.000,0.000,0.000,0.3420,0,1,-1.93,1.22,-3.84,0.1195,-0.0867,0.3474,0.0641,-0.0532,0.3000,0.2567,-4.40,1.19,27.72,1.7590,0.1020,0.0000,1.4310,2.3570,47,0.1280,-0.0979,0.0290,0.0037,0.0494,0
15304,0.0788,-0.0913,0.3436,-0.0032,-0.0167,-0.0103,-0.71,0.07,-0.91,0,3.584,-1.654,0.169,1.702,0.004,-0.016,0.994,0.000,0.000,0.000,0.3460,0,0,-1.78,0.97,-3.85,0.1150,-0.0853,0.3452,0.0641,-0.0532,0.3000,0.2577,-3.57,0.97,27.25,1.7620,0.1010,0.0000,1.4310,2.3620,50,0.1280,-0.0979,0.0290,0.0037,0.0494,0
15425,0.0770,-0.0912,0.3443,-0.0063,-0.0092,-0.0046,-0.72,0.07,-0.86,0,3.584,2.971,0.668,0.446,0.004,-0.013,1.002,0.000,0.000,0.000,0.3440,0,0,-1.98,0.94,-3.64,0.1076,-0.0806,0.3444,0.0641,-0.0532,0.3000,0.2569,-3.22,0.69,25.88,1.7620,0.1010,0.0000,1.4330,2.3620,50,0.1280,-0.0979,0.0290,0.0037,0.0494,0
15546,0.0771,-0.0898,0.3441,-0.0060,-0.0014,-0.0039,-0.61,0.05,-0.83,0,3.584,3.527,0.556,0.506,0.004,-0.016,1.002,0.000,0.000,0.000,0.3450,-1,1,-1.62,0.86,-3.59,0.0985,-0.0728,0.3434,0.0641,-0.0532,0.3000,0.2569,-2.74,0.71,24.86,1.7650,0.0990,0.0000,1.4330,2.3610,50,0.1280,-0.0979,0.0290,0.0037,0.0494,0
15668,0.0727,-0.0875,0.3443,-0.0132,0.0084,-0.0014,-0.44,0.11,-0.80,0,3.584,5.366,1.636,0.306,0.006,-0.018,0.997,0.000,0.000,0.000,0.3460,-1,0,-1.09,0.65,-3.09,0.1141,-0.0868,0.3463,0.0641,-0.0532,0.3000,0.2565,-2.11,0.05,24.12,1.7650,0.0990,0.0000,1.4360,2.3610,50,0.1280,-0.0979,0.0290,0.0037,0.0494,0
15789,0.0721,-0.0834,0.3450,-0.0137,0.0176,0.0017,-0.21,0.03,-0.77,0,3.584,4.349,3.336,0.906,0.004,-0.017,0.997,0.000,0.000,0.000,0.3470,-1,0,-0.44,0.44,-3.03,0.1126,-0.0841,0.3459,0.0641,-0.0532,0.3000,0.2561,-1.37,-0.02,23.23,1.7660,0.0000,0.0000,1.4360,2.3540,50,0.1280,-0.0979,0.0290,0.0037,0.0494,0
15910,0.0725,-0.0807,0.3459,-0.0121,0.0221,0.0049,0.02,-0.15,-0.73,0,3.584,3.969,1.474,1.073,0.006,-0.016,0.998,0.000,0.000,0.000,0.3410,-1,0,0.07,0.02,-2.90,0.1115,-0.0815,0.3458,0.0641,-0.0532,0.3000,0.2556,-0.96,0.09,21.96,1.7660,0.0000,2.4050,1.4290,2.3540,29,0.1280,-0.0979,0.0290,0.0037,0.0494,0
16031,0.0726,-0.0790,0.3439,-0.0099,0.0229,-0.0081,0.21,-0.20,-0.66,0,3.579,1.348,-1.049,0.531,-0.000,-0.020,0.991,0.000,0.000,0.000,0.3410,0,0,0.53,-0.16,-2.79,0.1112,-0.0793,0.3427,0.0641,-0.0532,0.3000,0.2573,-0.80,0.20,19.89,1.7670,0.0970,2.4050,1.4290,2.3640,29,0.1280,-0.0979,0.0290,0.0037,0.0494,0
16153,0.0723,-0.0759,0.3423,-0.0081,0.0245,-0.0167,0.30,-0.12,-0.61,0,3.574,0.918,-1.361,1.485,0.004,-0.015,0.999,0.000,0.000,0.000,0.3400,1,0,0.70,-0.03,-2.73,0.1106,-0.0828,0.3393,0.0641,-0.0532,0.3000,0.2586,-0.49,0.26,18.25,1.7670,0.0970,0.0000,1.4280,2.3640,29,0.1280,-0.0979,0.0290,0.0037,0.0494,0
16274,0.0730,-0.0722,0.3408,-0.0050,0.0263,-0.0208,0.38,-0.03,-0.54,0,3.579,1.886,-1.308,1.032,0.004,-0.017,1.002,0.000,0.000,0.000,0.3390,0,0,0.75,0.13,-2.67,0.1105,-0.0781,0.3376,0.0641,-0.0532,0.3000,0.2593,-0.14,0.46,16.25,1.7740,0.0970,0.0000,1.4280,2.3610,29,0.1280,-0.0979,0.0290,0.0037,0.0494,0
