time_ms,pos_x,pos_y,pos_z,vel_x,vel_y,vel_z,roll,pitch,yaw,thrust,vbat,gyro_x,gyro_y,gyro_z,acc_x,acc_y,acc_z,rate_roll,rate_pitch,rate_yaw,range_z,flow_dx,flow_dy,mekf_roll,mekf_pitch,mekf_yaw,mekf_x,mekf_y,mekf_z,our_ref_x,our_ref_y,our_ref_z,our_thrust,our_roll_cmd,our_pitch_cmd,our_yaw_rate_cmd,multi_front,multi_back,multi_left,multi_right,multi_up,ai_feat_count,vo_x,vo_y,vo_sigma,pg_x,pg_y,lc_count,canfly,is_tumbled
0,5.1225,2.7528,0.0096,0.0017,-0.0289,0.0025,-0.02,0.45,-9.74,0,4.144,0.232,0.002,-0.275,0.008,-0.010,1.000,0.000,0.000,0.000,0.0110,4,7,0.00,0.00,0.00,0.0000,0.0000,0.0000,0.0000,0.0000,0.0000,0.0000,0.00,0.00,0.00,1.0680,0.1270,1.2170,1.2020,2.7020,0,0.0000,0.0000,0.0000,0.0000,0.0000,0,1,0
100,5.1237,2.7514,0.0105,0.0095,-0.0292,0.0061,-0.22,0.44,-9.69,0,4.149,0.351,-0.151,0.169,0.010,-0.012,1.000,0.000,0.000,0.000,0.0100,2,2,0.00,0.00,0.00,0.0000,0.0000,0.0000,0.0000,0.0000,0.0000,0.0000,0.00,0.00,0.00,1.0640,0.1280,1.2170,1.2020,2.7090,0,0.0000,0.0000,0.0000,0.0000,0.0000,0,1,0
201,5.1223,2.7470,0.0105,0.0008,-0.0456,0.0041,-0.13,0.44,-9.64,0,4.138,0.583,0.097,0.192,0.008,-0.010,1.000,0.000,0.000,0.000,0.0100,-43,0,0.00,0.00,0.00,0.0000,0.0000,0.0000,0.0000,0.0000,0.0000,0.0000,0.00,0.00,0.00,1.0640,0.1280,1.2160,1.2080,2.7090,0,0.0000,0.0000,0.0000,0.0000,0.0000,0,1,0
303,5.1215,2.7473,0.0105,-0.0031,-0.0358,0.0035,-0.65,0.46,-9.59,0,4.144,0.165,0.218,0.293,0.011,-0.010,1.000,0.000,0.000,0.000,0.0070,0,1,0.00,0.00,0.00,0.0000,0.0000,0.0000,0.0000,0.0000,0.0000,0.0000,0.00,0.00,0.00,1.0600,0.1300,1.2160,1.2080,2.7050,0,0.0000,0.0000,0.0000,0.0000,0.0000,0,1,0
403,5.1234,2.7575,0.0094,0.0081,0.0178,-0.0036,-0.63,0.46,-9.54,0,4.144,0.134,0.098,0.029,0.010,-0.011,0.998,0.000,0.000,0.000,0.0090,9,1,0.00,0.00,0.00,0.0000,0.0000,0.0000,0.0000,0.0000,0.0000,0.0000,0.00,0.00,0.00,1.0600,0.1300,1.2170,1.2100,2.7050,0,0.0000,0.0000,0.0000,0.0000,0.0000,0,1,0
504,5.1225,2.7518,0.0093,0.0015,-0.0176,-0.0035,0.02,0.46,-9.48,0,4.144,0.119,0.063,0.398,0.011,-0.010,0.998,0.000,0.000,0.000,0.0110,2,-1,0.00,0.00,0.00,0.0000,0.0000,0.0000,0.0000,0.0000,0.0000,0.0000,0.00,0.00,0.00,1.0650,0.1240,1.2170,1.2100,2.7060,0,0.0000,0.0000,0.0000,0.0000,0.0000,0,1,0
605,5.1170,2.7456,0.0100,-0.0252,-0.0421,0.0008,-0.16,0.60,-9.42,0,4.138,0.534,-0.056,0.331,0.009,-0.015,0.999,0.000,0.000,0.000,0.0100,2,4,0.00,0.00,0.00,0.0000,0.0000,0.0000,0.0000,0.0000,0.0000,0.0000,0.00,0.00,0.00,1.0650,0.1240,1.2200,1.2060,2.7060,0,0.0000,0.0000,0.0000,0.0000,0.0000,0,1,0
706,5.1180,2.7451,0.0101,-0.0136,-0.0385,0.0005,-0.22,0.56,-9.37,0,4.149,0.204,0.205,0.027,0.012,-0.009,0.998,0.000,0.000,0.000,0.0120,-7,3,0.00,0.00,0.00,0.0000,0.0000,0.0000,0.0000,0.0000,0.0000,0.0000,0.00,0.00,0.00,1.0650,0.1270,1.2200,1.2060,2.7110,0,0.0000,0.0000,0.0000,0.0000,0.0000,0,1,0
807,5.1173,2.7438,0.0110,-0.0136,-0.0393,0.0042,-0.31,0.54,-9.32,0,4.138,0.153,0.142,-0.008,0.010,-0.012,0.998,0.000,0.000,0.000,0.0100,11,-1,0.00,0.00,0.00,0.0000,0.0000,0.0000,0.0000,0.0000,0.0000,0.0000,0.00,0.00,0.00,1.0650,0.1270,1.2130,1.2040,2.7110,0,0.0000,0.0000,0.0000,0.0000,0.0000,0,1,0
908,5.1155,2.7373,0.0106,-0.0194,-0.0688,0.0004,0.07,0.51,-9.28,0,4.144,0.174,0.101,0.089,0.010,-0.012,1.000,0.000,0.000,0.000,0.0100,5,2,0.00,0.00,0.00,0.0000,0.0000,0.0000,0.0000,0.0000,0.0000,0.0000,0.00,0.00,0.00,1.0680,0.1290,1.2130,1.2040,2.7070,0,0.0000,0.0000,0.0000,0.0000,0.0000,0,1,0
1009,5.1165,2.7357,0.0106,-0.0100,-0.0636,0.0002,-0.07,0.47,-9.23,0,4.144,0.050,-0.065,0.001,0.009,-0.011,0.999,0.000,0.000,0.000,0.0100,5,0,0.00,0.00,0.00,0.0000,0.0000,0.0000,0.0000,0.0000,0.0000,0.0000,0.00,0.00,0.00,1.0680,0.1290,1.2200,1.2070,2.7070,0,0.0000,0.0000,0.0000,0.0000,0.0000,0,1,0
1111,5.1159,2.7369,0.0106,-0.0104,-0.0448,0.0007,-0.23,0.47,-9.18,0,4.144,0.277,-0.026,0.169,0.009,-0.011,1.000,0.000,0.000,0.000,0.0110,3,0,0.00,0.00,0.00,0.0000,0.0000,0.0000,0.0000,0.0000,0.0000,0.0000,0.00,0.00,0.00,1.0650,0.1280,1.2200,1.2070,2.7070,0,0.0000,0.0000,0.0000,0.0000,0.0000,0,1,0
1211,5.1159,2.7356,0.0109,-0.0070,-0.0416,0.0019,-0.29,0.45,-9.13,0,4.138,0.162,-0.098,0.002,0.011,-0.011,0.998,0.000,0.000,0.000,0.0080,-11,4,0.00,0.00,0.00,0.0000,0.0000,0.0000,0.0000,0.0000,0.0000,0.0000,0.00,0.00,0.00,1.0650,0.1280,1.2190,1.2080,2.7070,0,0.0000,0.0000,0.0000,0.0000,0.0000,0,1,0
1312,5.1147,2.7304,0.0096,-0.0111,-0.0609,-0.0064,-0.28,0.49,-9.07,0,4.149,0.254,0.177,-0.111,0.009,-0.010,1.000,0.000,0.000,0.000,0.0090,3,0,0.00,0.00,0.00,0.0000,0.0000,0.0000,0.0000,0.0000,0.0000,0.0000,0.00,0.00,0.00,1.0680,0.1310,1.2190,1.2080,2.7060,0,0.0000,0.0000,0.0000,0.0000,0.0000,0,1,0
1413,5.1132,2.7358,0.0094,-0.0161,-0.0229,-0.0056,-0.44,0.54,-9.02,0,4.138,0.335,-0.144,-0.068,0.010,-0.013,1.000,0.000,0.000,0.000,0.0080,0,5,0.00,0.00,0.00,0.0000,0.0000,0.0000,0.0000,0.0000,0.0000,0.0000,0.00,0.00,0.00,1.0680,0.1310,1.2150,1.2080,2.7060,0,0.0000,0.0000,0.0000,0.0000,0.0000,0,1,0
1514,5.1147,2.7355,0.0087,-0.0030,-0.0197,-0.0079,-0.50,0.49,-8.97,0,4.144,0.314,0.245,0.423,0.008,-0.011,0.998,0.000,0.000,0.000,0.0080,-4,1,0.00,0.00,0.00,0.0000,0.0000,0.0000,0.0000,0.0000,0.0000,0.0000,0.00,0.00,0.00,1.0700,0.1270,1.2150,1.2080,2.7060,0,0.0000,0.0000,0.0000,0.0000,0.0000,0,1,0
1566,5.1131,2.7347,0.0081,-0.0092,-0.0206,-0.0090,-0.52,0.49,-8.92,0,4.144,0.401,0.221,-0.025,0.008,-0.011,1.001,0.000,0.000,0.000,0.0110,-9,5,0.00,0.00,0.00,0.0000,0.0000,0.0000,0.0000,0.0000,0.0000,0.0000,0.00,0.00,0.00,1.0700,0.1270,1.2140,1.2090,2.7060,0,0.0000,0.0000,0.0000,0.0000,0.0000,0,1,0
1617,5.1153,2.7396,0.0092,0.0053,0.0102,-0.0007,-0.81,0.45,-8.88,0,4.144,0.493,0.196,-0.217,0.009,-0.010,1.001,0.000,0.000,0.000,0.0100,-1,3,0.00,0.00,0.00,0.0000,0.0000,0.0000,0.0000,0.0000,0.0000,0.0000,0.00,0.00,0.00,1.0620,0.1270,1.2140,1.2090,2.7080,0,0.0000,0.0000,0.0000,0.0000,0.0000,0,1,0
1668,5.1154,2.7410,0.0095,0.0061,0.0144,0.0014,-0.74,0.42,-8.83,0,4.138,0.127,0.335,0.169,0.009,-0.012,1.002,0.000,0.000,0.000,0.0100,-5,-4,0.00,0.00,0.00,0.0000,0.0000,0.0000,0.0000,0.0000,0.0000,0.0000,0.00,0.00,0.00,1.0620,0.1270,1.2210,1.2090,2.7080,0,0.0000,0.0000,0.0000,0.0000,0.0000,0,1,0
1719,5.1142,2.7347,0.0099,-0.0000,-0.0234,0.0026,-0.47,0.36,-8.78,0,4.144,0.073,0.232,-0.033,0.009,-0.011,0.998,0.000,0.000,0.000,0.0090,13,6,0.00,0.00,0.00,0.0000,0.0000,0.0000,0.0000,0.0000,0.0000,0.0000,0.00,0.00,0.00,1.0630,0.1290,1.2210,1.2090,2.7050,0,0.0000,0.0000,0.0000,0.0000,0.0000,0,1,0
1770,5.1156,2.7413,0.0098,0.0086,0.0147,0.0010,-0.59,0.43,-8.74,0,4.138,0.349,0.233,0.133,0.008,-0.012,0.998,0.000,0.000,0.000,0.0090,2,3,0.00,0.00,0.00,0.0000,0.0000,0.0000,0.0000,0.0000,0.0000,0.0000,0.00,0.00,0.00,1.0630,0.1290,1.2140,1.2080,2.7050,0,0.0000,0.0000,0.0000,0.0000,0.0000,0,1,0
1821,5.1155,2.7403,0.0096,0.0075,0.0071,-0.0005,-0.62,0.41,-8.69,0,4.144,0.266,-0.014,0.204,0.011,-0.012,0.999,0.000,0.000,0.000,0.0100,7,2,0.00,0.00,0.00,0.0000,0.0000,0.0000,0.0000,0.0000,0.0000,0.0000,0.00,0.00,0.00,1.0670,0.1300,1.2140,1.2080,2.7090,0,0.0000,0.0000,0.0000,0.0000,0.0000,0,1,0
1873,5.1137,2.7398,0.0098,-0.0023,0.0028,0.0004,-0.07,0.43,-8.64,0,4.138,0.285,0.020,0.047,0.010,-0.013,0.997,0.000,0.000,0.000,0.0090,0,4,0.00,0.00,0.00,0.0000,0.0000,0.0000,0.0000,0.0000,0.0000,0.0000,0.00,0.00,0.00,1.0670,0.1300,1.2170,1.2100,2.7090,0,0.0000,0.0000,0.0000,0.0000,0.0000,0,1,0
1924,5.1132,2.7262,0.0094,-0.0041,-0.0660,-0.0029,-0.12,0.44,-8.60,0,4.144,0.157,-0.123,0.329,0.010,-0.012,1.000,0.000,0.000,0.000,0.0110,-5,4,0.00,0.00,0.00,0.0000,0.0000,0.0000,0.0000,0.0000,0.0000,0.0000,0.00,0.00,0.00,1.0630,0.1260,1.2170,1.2100,2.7020,0,0.0000,0.0000,0.0000,0.0000,0.0000,0,1,0
1976,5.1123,2.7264,0.0103,-0.0065,-0.0506,0.0020,-0.28,0.46,-8.55,0,4.144,0.379,-0.199,-0.081,0.011,-0.011,1.001,0.000,0.000,0.000,0.0120,-36,8,0.00,0.00,0.00,0.0000,0.0000,0.0000,0.0000,0.0000,0.0000,0.0000,0.00,0.00,0.00,1.0630,0.1260,1.2140,1.2090,2.7020,0,0.0000,0.0000,0.0000,0.0000,0.0000,0,1,0
2027,5.1182,2.7267,0.0112,0.0280,-0.0404,0.0066,-0.70,0.25,-8.52,0,4.149,0.226,0.168,-0.090,0.010,-0.015,1.000,0.000,0.000,0.000,0.0090,-4,4,0.00,0.00,0.00,0.0000,0.0000,0.0000,0.0000,0.0000,0.0000,0.0000,0.00,0.00,0.00,1.0660,0.1290,1.2140,1.2090,2.7040,0,0.0000,0.0000,0.0000,0.0000,0.0000,0,1,0
2078,5.1183,2.7340,0.0108,0.0257,0.0007,0.0025,-0.70,0.30,-8.48,0,4.138,0.045,-0.025,0.159,0.011,-0.011,0.999,0.000,0.000,0.000,0.0090,-10,-2,0.00,0.00,0.00,0.0000,0.0000,0.0000,0.0000,0.0000,0.0000,0.0000,0.00,0.00,0.00,1.0660,0.1290,1.2180,1.2060,2.7040,0,0.0000,0.0000,0.0000,0.0000,0.0000,0,1,0
2129,5.1210,2.7289,0.0102,0.0357,-0.0293,-0.0011,-0.53,0.14,-8.42,0,4.144,0.232,0.013,0.089,0.008,-0.012,1.000,0.000,0.000,0.000,0.0130,12,-1,0.00,0.00,0.00,0.0000,0.0000,0.0000,0.0000,0.0000,0.0000,0.0000,0.00,0.00,0.00,1.0700,0.1270,1.2180,1.2060,2.7070,0,0.0000,0.0000,0.0000,0.0000,0.0000,0,1,0
2180,5.1184,2.7329,0.0116,0.0173,-0.0029,0.0065,-0.50,0.33,-8.37,0,4.144,0.031,-0.163,0.372,0.009,-0.011,1.000,0.000,0.000,0.000,0.0100,9,0,0.00,0.00,0.00,0.0000,0.0000,0.0000,0.0000,0.0000,0.0000,0.0000,0.00,0.00,0.00,1.0700,0.1270,1.2140,1.2090,2.7070,0,0.0000,0.0000,0.0000,0.0000,0.0000,0,1,0
2231,5.1197,2.7378,0.0112,0.0238,0.0285,0.0027,-0.76,0.34,-8.34,0,4.144,0.310,-0.067,-0.069,0.011,-0.012,0.999,0.000,0.000,0.000,0.0100,-7,-1,0.00,0.00,0.00,0.0000,0.0000,0.0000,0.0000,0.0000,0.0000,0.0000,0.00,0.00,0.00,1.0690,0.1280,1.2140,1.2090,2.7120,0,0.0000,0.0000,0.0000,0.0000,0.0000,0,1,0
2283,5.1211,2.7426,0.0106,0.0289,0.0482,-0.0011,-1.02,0.32,-8.31,0,4.138,0.298,0.046,-0.033,0.009,-0.013,0.998,0.000,0.000,0.000,0.0110,10,-1,0.00,0.00,0.00,0.0000,0.0000,0.0000,0.0000,0.0000,0.0000,0.0000,0.00,0.00,0.00,1.0690,0.1280,1.2150,1.2050,2.7120,0,0.0000,0.0000,0.0000,0.0000,0.0000,0,1,0
2335,5.1212,2.7402,0.0111,0.0236,0.0245,0.0020,-0.68,0.36,-8.26,0,4.149,0.444,0.140,-0.016,0.008,-0.012,0.998,0.000,0.000,0.000,0.0090,15,-4,0.00,0.00,0.00,0.0000,0.0000,0.0000,0.0000,0.0000,0.0000,0.0000,0.00,0.00,0.00,1.0660,0.1300,1.2150,1.2050,2.7070,0,0.0000,0.0000,0.0000,0.0000,0.0000,0,1,0
2387,5.1203,2.7382,0.0104,0.0139,0.0075,-0.0029,-0.57,0.36,-8.22,0,4.138,0.488,-0.134,-0.141,0.009,-0.012,1.000,0.000,0.000,0.000,0.0110,7,7,0.00,0.00,0.00,0.0000,0.0000,0.0000,0.0000,0.0000,0.0000,0.0000,0.00,0.00,0.00,1.0660,0.1300,1.2200,1.2080,2.7070,0,0.0000,0.0000,0.0000,0.0000,0.0000,0,1,0
2438,5.1208,2.7277,0.0103,0.0100,-0.0531,-0.0028,-0.04,0.44,-8.16,0,4.144,0.008,0.279,0.114,0.011,-0.011,0.999,0.000,0.000,0.000,0.0090,-7,5,0.00,0.00,0.00,0.0000,0.0000,0.0000,0.0000,0.0000,0.0000,0.0000,0.00,0.00,0.00,1.0670,0.1250,1.2200,1.2080,2.7060,0,0.0000,0.0000,0.0000,0.0000,0.0000,0,1,0
2489,5.1196,2.7263,0.0098,0.0028,-0.0517,-0.0045,-0.10,0.45,-8.12,0,4.138,0.396,0.400,0.635,0.012,-0.011,0.999,0.000,0.000,0.000,0.0120,-2,2,0.00,0.00,0.00,0.0000,0.0000,0.0000,0.0000,0.0000,0.0000,0.0000,0.00,0.00,0.00,1.0670,0.1250,1.2180,1.2090,2.7060,0,0.0000,0.0000,0.0000,0.0000,0.0000,0,1,0
2540,5.1196,2.7247,0.0107,0.0026,-0.0478,0.0011,-0.22,0.46,-8.08,0,4.144,0.088,-0.006,0.076,0.008,-0.014,1.000,0.000,0.000,0.000,0.0090,5,0,0.00,0.00,0.00,0.0000,0.0000,0.0000,0.0000,0.0000,0.0000,0.0000,0.00,0.00,0.00,1.0660,0.1250,1.2180,1.2090,2.7050,0,0.0000,0.0000,0.0000,0.0000,0.0000,0,1,0
2591,5.1196,2.7228,0.0100,0.0020,-0.0512,-0.0029,-0.29,0.43,-8.04,0,4.138,0.319,-0.017,-0.156,0.010,-0.014,1.001,0.000,0.000,0.000,0.0070,-6,-3,0.00,0.00,0.00,0.0000,0.0000,0.0000,0.0000,0.0000,0.0000,0.0000,0.00,0.00,0.00,1.0660,0.1250,1.2140,1.2050,2.7050,0,0.0000,0.0000,0.0000,0.0000,0.0000,0,1,0
2642,5.1195,2.7237,0.0089,0.0005,-0.0382,-0.0081,-0.35,0.44,-8.00,0,4.149,0.341,0.065,-0.003,0.011,-0.010,0.997,0.000,0.000,0.000,0.0120,-11,-3,0.00,0.00,0.00,0.0000,0.0000,0.0000,0.0000,0.0000,0.0000,0.0000,0.00,0.00,0.00,1.0670,0.1270,1.2140,1.2050,2.7090,0,0.0000,0.0000,0.0000,0.0000,0.0000,0,1,0
2694,5.1185,2.7247,0.0100,-0.0050,-0.0261,-0.0002,-0.48,0.50,-7.95,0,4.138,0.124,-0.083,-0.060,0.012,-0.010,1.001,0.000,0.000,0.000,0.0150,-15,-1,0.00,0.00,0.00,0.0000,0.0000,0.0000,0.0000,0.0000,0.0000,0.0000,0.00,0.00,0.00,1.0670,0.1270,1.2140,1.2050,2.7090,0,0.0000,0.0000,0.0000,0.0000,0.0000,0,1,0
2745,5.1201,2.7258,0.0122,0.0049,-0.0161,0.0118,-0.47,0.47,-7.91,0,4.144,0.322,0.029,0.211,0.008,-0.012,1.000,0.000,0.000,0.000,0.0080,2,6,0.00,0.00,0.00,0.0000,0.0000,0.0000,0.0000,0.0000,0.0000,0.0000,0.00,0.00,0.00,1.0650,0.1290,1.2140,1.2050,2.7020,0,0.0000,0.0000,0.0000,0.0000,0.0000,0,1,0
2797,5.1208,2.7251,0.0108,0.0086,-0.0173,0.0011,-0.44,0.48,-7.86,0,4.138,0.111,0.125,0.278,0.008,-0.011,1.001,0.000,0.000,0.000,0.0080,-1,0,0.00,0.00,0.00,0.0000,0.0000,0.0000,0.0000,0.0000,0.0000,0.0000,0.00,0.00,0.00,1.0650,0.1290,1.2140,1.2120,2.7020,0,0.0000,0.0000,0.0000,0.0000,0.0000,0,1,0
2849,5.1198,2.7246,0.0097,0.0012,-0.0171,-0.0054,-0.46,0.48,-7.81,0,4.144,-0.051,-0.270,0.308,0.011,-0.012,1.001,0.000,0.000,0.000,0.0100,2,1,0.00,0.00,0.00,0.0000,0.0000,0.0000,0.0000,0.0000,0.0000,0.0000,0.00,0.00,0.00,1.0630,0.1280,1.2140,1.2120,2.7040,0,0.0000,0.0000,0.0000,0.0000,0.0000,0,1,0
2900,5.1206,2.7251,0.0097,0.0062,-0.0126,-0.0038,-0.48,0.45,-7.77,0,4.138,0.325,0.164,-0.277,0.012,-0.011,0.999,0.000,0.000,0.000,0.0110,9,3,0.00,0.00,0.00,0.0000,0.0000,0.0000,0.0000,0.0000,0.0000,0.0000,0.00,0.00,0.00,1.0630,0.1280,1.2160,1.2100,2.7040,0,0.0000,0.0000,0.0000,0.0000,0.0000,0,1,0
2951,5.1207,2.7264,0.0102,0.0062,-0.0032,-0.0001,-0.48,0.48,-7.72,0,4.149,0.281,-0.241,0.103,0.010,-0.012,1.001,0.000,0.000,0.000,0.0110,0,0,0.00,0.00,0.00,0.0000,0.0000,0.0000,0.0000,0.0000,0.0000,0.0000,0.00,0.00,0.00,1.0670,0.1290,1.2160,1.2100,2.7060,0,0.0000,0.0000,0.0000,0.0000,0.0000,0,1,0
3002,5.1194,2.7245,0.0105,-0.0012,-0.0122,0.0015,-0.48,0.50,-7.68,0,4.138,0.207,-0.144,0.195,0.007,-0.010,0.999,0.000,0.000,0.000,0.0090,6,-1,0.00,0.00,0.00,0.0000,0.0000,0.0000,0.0000,0.0000,0.0000,0.0000,0.00,0.00,0.00,1.0670,0.1290,1.2160,1.2040,2.7060,0,0.0000,0.0000,0.0000,0.0000,0.0000,0,1,0
3053,5.1200,2.7255,0.0099,0.0019,-0.0049,-0.0023,-0.48,0.47,-7.64,0,4.144,0.445,0.221,0.045,0.011,-0.012,0.999,0.000,0.000,0.000,0.0110,-4,3,0.00,0.00,0.00,0.0000,0.0000,0.0000,0.0000,0.0000,0.0000,0.0000,0.00,0.00,0.00,1.0650,0.1280,1.2160,1.2040,2.7100,0,0.0000,0.0000,0.0000,0.0000,0.0000,0,1,0
3104,5.1201,2.7243,0.0103,0.0024,-0.0100,-0.0004,-0.39,0.50,-7.60,0,4.138,0.327,0.144,-0.397,0.010,-0.012,1.001,0.000,0.000,0.000,0.0100,-8,2,0.00,0.00,0.00,0.0000,0.0000,0.0000,0.0000,0.0000,0.0000,0.0000,0.00,0.00,0.00,1.0650,0.1280,1.2200,1.2060,2.7100,0,0.0000,0.0000,0.0000,0.0000,0.0000,0,1,0
3156,5.1201,2.7161,0.0101,0.0028,-0.0485,-0.0017,-0.31,0.46,-7.57,0,4.144,0.183,0.028,0.118,0.008,-0.010,0.999,0.000,0.000,0.000,0.0070,4,3,0.00,0.00,0.00,0.0000,0.0000,0.0000,0.0000,0.0000,0.0000,0.0000,0.00,0.00,0.00,1.0650,0.1280,1.2200,1.2060,2.7080,0,0.0000,0.0000,0.0000,0.0000,0.0000,0,1,0
3207,5.1207,2.7184,0.0089,0.0067,-0.0285,-0.0076,-0.35,0.45,-7.53,0,4.144,0.072,0.383,0.057,0.010,-0.011,1.000,0.000,0.000,0.000,0.0110,-11,-3,0.00,0.00,0.00,0.0000,0.0000,0.0000,0.0000,0.0000,0.0000,0.0000,0.00,0.00,0.00,1.0650,0.1280,1.2110,1.2080,2.7080,0,0.0000,0.0000,0.0000,0.0000,0.0000,0,1,0
3259,5.1193,2.7167,0.0096,-0.0019,-0.0311,-0.0019,-0.46,0.45,-7.49,0,4.149,0.499,0.077,-0.017,0.009,-0.009,1.000,0.000,0.000,0.000,0.0100,2,8,0.00,0.00,0.00,0.0000,0.0000,0.0000,0.0000,0.0000,0.0000,0.0000,0.00,0.00,0.00,1.0620,0.1280,1.2110,1.2080,2.7060,0,0.0000,0.0000,0.0000,0.0000,0.0000,0,1,0
3311,5.1212,2.7193,0.0098,0.0085,-0.0133,-0.0008,-0.48,0.49,-7.45,0,4.138,0.083,0.199,0.404,0.009,-0.011,1.000,0.000,0.000,0.000,0.0110,-32,10,0.00,0.00,0.00,0.0000,0.0000,0.0000,0.0000,0.0000,0.0000,0.0000,0.00,0.00,0.00,1.0620,0.1280,1.2130,1.2070,2.7060,0,0.0000,0.0000,0.0000,0.0000,0.0000,0,1,0
3362,5.1220,2.7235,0.0103,0.0122,0.0125,0.0014,-0.99,0.50,-7.41,0,4.144,0.192,0.125,0.054,0.011,-0.010,1.001,0.000,0.000,0.000,0.0100,-3,0,0.00,0.00,0.00,0.0000,0.0000,0.0000,0.0000,0.0000,0.0000,0.0000,0.00,0.00,0.00,1.0640,0.1290,1.2130,1.2070,2.7140,0,0.0000,0.0000,0.0000,0.0000,0.0000,0,1,0
3413,5.1210,2.7296,0.0102,0.0054,0.0371,0.0008,-0.87,0.48,-7.37,0,4.138,0.407,-0.091,-0.147,0.009,-0.013,0.998,0.000,0.000,0.000,0.0110,-2,1,0.00,0.00,0.00,0.0000,0.0000,0.0000,0.0000,0.0000,0.0000,0.0000,0.00,0.00,0.00,1.0640,0.1290,1.2200,1.2110,2.7140,0,0.0000,0.0000,0.0000,0.0000,0.0000,0,1,0
3464,5.1211,2.7301,0.0106,0.0049,0.0309,0.0026,-0.78,0.48,-7.33,0,4.144,0.016,-0.040,-0.175,0.011,-0.011,1.001,0.000,0.000,0.000,0.0100,6,-2,0.00,0.00,0.00,0.0000,0.0000,0.0000,0.0000,0.0000,0.0000,0.0000,0.00,0.00,0.00,1.0660,0.1300,1.2200,1.2110,2.7080,0,0.0000,0.0000,0.0000,0.0000,0.0000,0,1,0
3515,5.1208,2.7300,0.0105,0.0030,0.0218,0.0015,-0.62,0.46,-7.30,0,4.144,0.345,0.278,0.027,0.009,-0.011,1.000,0.000,0.000,0.000,0.0090,0,0,0.00,0.00,0.00,0.0000,0.0000,0.0000,0.0000,0.0000,0.0000,0.0000,0.00,0.00,0.00,1.0660,0.1300,1.2180,1.2050,2.7080,0,0.0000,0.0000,0.0000,0.0000,0.0000,0,1,0
3566,5.1206,2.7248,0.0100,0.0014,-0.0121,-0.0014,-0.40,0.45,-7.26,0,4.144,0.287,0.174,-0.084,0.009,-0.011,0.998,0.000,0.000,0.000,0.0100,-8,1,0.00,0.00,0.00,0.0000,0.0000,0.0000,0.0000,0.0000,0.0000,0.0000,0.00,0.00,0.00,1.0630,0.1270,1.2180,1.2050,2.7050,0,0.0000,0.0000,0.0000,0.0000,0.0000,0,1,0
3618,5.1206,2.7275,0.0100,0.0013,0.0024,-0.0016,-0.57,0.47,-7.22,0,4.138,0.439,0.217,0.084,0.010,-0.013,1.000,0.000,0.000,0.000,0.0110,4,1,0.00,0.00,0.00,0.0000,0.0000,0.0000,0.0000,0.0000,0.0000,0.0000,0.00,0.00,0.00,1.0630,0.1270,1.2190,1.2060,2.7050,0,0.0000,0.0000,0.0000,0.0000,0.0000,0,1,0
3669,5.1216,2.7288,0.0104,0.0073,0.0070,0.0003,-0.51,0.43,-7.18,0,4.149,0.281,-0.038,-0.215,0.008,-0.013,0.999,0.000,0.000,0.000,0.0080,3,0,0.00,0.00,0.00,0.0000,0.0000,0.0000,0.0000,0.0000,0.0000,0.0000,0.00,0.00,0.00,1.0680,0.1290,1.2190,1.2060,2.7070,0,0.0000,0.0000,0.0000,0.0000,0.0000,0,1,0
3721,5.1212,2.7286,0.0094,0.0043,0.0041,-0.0050,-0.49,0.44,-7.14,0,4.138,0.335,-0.027,0.186,0.013,-0.013,1.001,0.000,0.000,0.000,0.0100,4,3,0.00,0.00,0.00,0.0000,0.0000,0.0000,0.0000,0.0000,0.0000,0.0000,0.00,0.00,0.00,1.0680,0.1290,1.2180,1.2090,2.7070,0,0.0000,0.0000,0.0000,0.0000,0.0000,0,1,0
3773,5.1207,2.7308,0.0095,0.0030,0.0141,-0.0033,-0.55,0.50,-7.10,0,4.144,0.239,-0.088,-0.133,0.010,-0.010,1.001,0.000,0.000,0.000,0.0080,3,7,0.00,0.00,0.00,0.0000,0.0000,0.0000,0.0000,0.0000,0.0000,0.0000,0.00,0.00,0.00,1.0650,0.1260,1.2180,1.2090,2.7100,0,0.0000,0.0000,0.0000,0.0000,0.0000,0,1,0
3824,5.1205,2.7272,0.0089,0.0021,-0.0069,-0.0061,-0.40,0.52,-7.08,0,4.144,0.292,0.182,0.244,0.008,-0.010,0.997,0.000,0.000,0.000,0.0110,3,2,0.00,0.00,0.00,0.0000,0.0000,0.0000,0.0000,0.0000,0.0000,0.0000,0.00,0.00,0.00,1.0650,0.1260,1.2140,1.2100,2.7100,0,0.0000,0.0000,0.0000,0.0000,0.0000,0,1,0
3875,5.1200,2.7261,0.0096,-0.0002,-0.0123,-0.0008,-0.35,0.48,-7.04,0,4.144,0.622,0.043,0.070,0.009,-0.010,1.001,0.000,0.000,0.000,0.0090,-1,-1,0.00,0.00,0.00,0.0000,0.0000,0.0000,0.0000,0.0000,0.0000,0.0000,0.00,0.00,0.00,1.0650,0.1250,1.2140,1.2100,2.7120,0,0.0000,0.0000,0.0000,0.0000,0.0000,0,1,0
3926,5.1191,2.7262,0.0094,-0.0040,-0.0111,-0.0015,-0.39,0.48,-7.00,0,4.138,0.358,-0.291,0.098,0.012,-0.010,0.999,0.000,0.000,0.000,0.0110,-8,0,0.00,0.00,0.00,0.0000,0.0000,0.0000,0.0000,0.0000,0.0000,0.0000,0.00,0.00,0.00,1.0650,0.1250,1.2170,1.2070,2.7120,0,0.0000,0.0000,0.0000,0.0000,0.0000,0,1,0
3977,-0.0000,-0.0000,0.0110,-0.0034,-0.0106,-0.0000,-0.05,0.00,-0.00,0,4.144,0.444,0.312,0.015,0.012,-0.013,1.000,0.000,0.000,0.000,0.0090,-15,0,0.00,0.00,0.00,0.0000,0.0000,0.0000,0.0000,0.0000,0.0000,0.0000,0.00,0.00,0.00,1.0650,0.1290,1.2170,1.2070,2.7130,0,0.0000,0.0000,0.0000,0.0000,0.0000,0,1,0
4028,-0.0001,-0.0001,0.0100,-0.0007,-0.0044,-0.0008,-1.28,-0.03,0.00,0,4.138,0.313,0.073,0.023,0.008,-0.012,1.000,0.000,0.000,0.000,0.0080,6,-4,0.00,0.00,0.00,0.0000,0.0000,0.0000,0.0000,0.0000,0.0000,0.0000,0.00,0.00,0.00,1.0650,0.1290,1.2150,1.2070,2.7130,0,0.0000,0.0000,0.0000,0.0000,0.0000,0,1,0
4080,0.0013,0.0016,0.0093,0.0232,0.0089,-0.0036,0.27,-0.66,0.01,0,4.144,0.166,0.203,-0.076,0.010,-0.013,0.999,0.000,0.000,0.000,0.0110,-4,4,0.00,0.00,0.00,0.0000,0.0000,0.0000,0.0000,0.0000,0.0000,0.0000,0.00,0.00,0.00,1.0640,0.1270,1.2150,1.2070,2.7030,0,0.0000,0.0000,0.0000,0.0000,0.0000,0,1,0
4131,0.0028,-0.0000,0.0098,0.0344,-0.0189,-0.0015,0.30,-0.30,0.01,0,4.138,0.135,0.252,0.407,0.010,-0.013,1.000,0.000,0.000,0.000,0.0100,-2,0,0.00,0.00,0.00,0.0000,0.0000,0.0000,0.0000,0.0000,0.0000,0.0000,0.00,0.00,0.00,1.0640,0.1270,1.2160,1.2050,2.7030,0,0.0000,0.0000,0.0000,0.0000,0.0000,0,1,0
4183,0.0028,0.0062,0.0100,0.0257,0.0470,-0.0018,-1.29,-0.11,0.01,0,4.144,0.234,0.021,-0.054,0.010,-0.013,0.999,0.000,0.000,0.000,0.0090,2,-3,0.00,0.00,0.00,0.0000,0.0000,0.0000,0.0000,0.0000,0.0000,0.0000,0.00,0.00,0.00,1.0610,0.1270,1.2160,1.2050,2.7090,0,0.0000,0.0000,0.0000,0.0000,0.0000,0,1,0
4235,0.0016,0.0091,0.0096,0.0079,0.0563,-0.0030,-1.17,0.24,0.01,0,4.138,0.240,0.450,0.135,0.009,-0.009,0.999,0.000,0.000,0.000,0.0110,8,1,0.00,0.00,0.00,0.0000,0.0000,0.0000,0.0000,0.0000,0.0000,0.0000,0.00,0.00,0.00,1.0610,0.1270,1.2150,1.2090,2.7090,0,0.0000,0.0000,0.0000,0.0000,0.0000,0,1,0
4286,0.0027,0.0102,0.0102,0.0143,0.0491,0.0013,-0.72,0.32,0.01,0,4.144,0.242,0.204,0.039,0.007,-0.011,0.998,0.000,0.000,0.000,0.0100,0,-3,0.00,0.00,0.00,0.0000,0.0000,0.0000,0.0000,0.0000,0.0000,0.0000,0.00,0.00,0.00,1.0610,0.1290,1.2150,1.2090,2.7070,0,0.0000,0.0000,0.0000,0.0000,0.0000,0,1,0
4337,0.0015,0.0083,0.0103,0.0021,0.0205,0.0012,-0.49,0.41,0.01,0,4.138,0.260,-0.007,-0.064,0.012,-0.013,0.996,0.000,0.000,0.000,0.0110,4,1,0.00,0.00,0.00,0.0000,0.0000,0.0000,0.0000,0.0000,0.0000,0.0000,0.00,0.00,0.00,1.0610,0.1290,1.2140,1.2080,2.7070,0,0.0000,0.0000,0.0000,0.0000,0.0000,0,1,0
4388,0.0024,0.0085,0.0106,0.0074,0.0140,0.0022,-0.30,0.46,0.01,0,4.144,0.473,-0.228,-0.135,0.011,-0.011,0.999,0.000,0.000,0.000,0.0110,0,-1,0.00,0.00,0.00,0.0000,0.0000,0.0000,0.0000,0.0000,0.0000,0.0000,0.00,0.00,0.00,1.0670,0.1270,1.2140,1.2080,2.7040,0,0.0000,0.0000,0.0000,0.0000,0.0000,0,1,0
4439,0.0022,0.0075,0.0109,0.0050,0.0008,0.0025,-0.25,0.46,0.01,0,4.138,0.497,-0.279,-0.101,0.013,-0.012,1.000,0.000,0.000,0.000,0.0110,-11,7,0.00,0.00,0.00,0.0000,0.0000,0.0000,0.0000,0.0000,0.0000,0.0000,0.00,0.00,0.00,1.0670,0.1270,1.2120,1.2080,2.7040,0,0.0000,0.0000,0.0000,0.0000,0.0000,0,1,0
4490,0.0034,0.0060,0.0110,0.0120,-0.0126,0.0021,-0.34,0.55,0.01,0,4.149,0.443,0.332,-0.026,0.008,-0.012,1.000,0.000,0.000,0.000,0.0130,9,2,0.00,0.00,0.00,0.0000,0.0000,0.0000,0.0000,0.0000,0.0000,0.0000,0.00,0.00,0.00,1.0640,0.1300,1.2120,1.2080,2.7110,0,0.0000,0.0000,0.0000,0.0000,0.0000,0,1,0
4542,0.0032,0.0098,0.0120,0.0097,0.0085,0.0068,-0.22,0.48,0.02,0,4.138,0.300,0.004,0.287,0.011,-0.012,1.000,0.000,0.000,0.000,0.0130,4,1,0.00,0.00,0.00,0.0000,0.0000,0.0000,0.0000,0.0000,0.0000,0.0000,0.00,0.00,0.00,1.0640,0.1300,1.2140,1.2130,2.7110,0,0.0000,0.0000,0.0000,0.0000,0.0000,0,1,0
4594,0.0031,0.0092,0.0127,0.0081,0.0026,0.0085,-0.28,0.48,0.02,0,4.144,-0.006,0.199,0.101,0.008,-0.012,0.999,0.000,0.000,0.000,0.0110,-20,4,0.00,0.00,0.00,0.0000,0.0000,0.0000,0.0000,0.0000,0.0000,0.0000,0.00,0.00,0.00,1.0670,0.1260,1.2140,1.2130,2.7110,0,0.0000,0.0000,0.0000,0.0000,0.0000,0,1,0
4646,0.0031,0.0048,0.0123,0.0066,-0.0253,0.0036,-0.38,0.53,0.02,0,4.138,0.070,0.010,0.025,0.008,-0.011,1.000,0.000,0.000,0.000,0.0100,-11,1,0.00,0.00,0.00,0.0000,0.0000,0.0000,0.0000,0.0000,0.0000,0.0000,0.00,0.00,0.00,1.0670,0.1260,1.2170,1.2070,2.7110,0,0.0000,0.0000,0.0000,0.0000,0.0000,0,1,0
4697,0.0018,0.0080,0.0116,-0.0007,-0.0094,-0.0014,-0.42,0.55,0.02,0,4.144,0.389,-0.105,-0.032,0.011,-0.012,0.999,0.000,0.000,0.000,0.0110,0,1,0.00,0.00,0.00,0.0000,0.0000,0.0000,0.0000,0.0000,0.0000,0.0000,0.00,0.00,0.00,1.0680,0.1290,1.2170,1.2070,2.7070,0,0.0000,0.0000,0.0000,0.0000,0.0000,0,1,0
4748,0.0021,0.0090,0.0113,0.0010,-0.0060,-0.0025,-0.31,0.53,0.02,0,4.138,0.451,0.160,-0.000,0.009,-0.013,0.997,0.000,0.000,0.000,0.0110,30,1,0.00,0.00,0.00,0.0000,0.0000,0.0000,0.0000,0.0000,0.0000,0.0000,0.00,0.00,0.00,1.0680,0.1290,1.2170,1.2090,2.7070,0,0.0000,0.0000,0.0000,0.0000,0.0000,0,1,0
4799,0.0028,0.0062,0.0111,0.0046,-0.0225,-0.0034,0.19,0.49,0.01,0,4.144,0.292,0.213,-0.037,0.009,-0.010,0.998,0.000,0.000,0.000,0.0090,-2,0,0.00,0.00,0.00,0.0000,0.0000,0.0000,0.0000,0.0000,0.0000,0.0000,0.00,0.00,0.00,1.0630,0.1290,1.2170,1.2090,2.7060,0,0.0000,0.0000,0.0000,0.0000,0.0000,0,1,0
4850,0.0028,-0.0002,0.0102,0.0041,-0.0500,-0.0077,0.01,0.48,0.02,0,4.138,0.227,0.137,0.066,0.011,-0.012,0.999,0.000,0.000,0.000,0.0120,11,3,0.00,0.00,0.00,0.0000,0.0000,0.0000,0.0000,0.0000,0.0000,0.0000,0.00,0.00,0.00,1.0630,0.1290,1.2140,1.2060,2.7060,0,0.0000,0.0000,0.0000,0.0000,0.0000,0,1,0
4901,0.0019,0.0000,0.0108,-0.0008,-0.0421,-0.0022,0.28,0.47,0.01,0,4.144,0.286,-0.015,0.019,0.013,-0.011,1.001,0.000,0.000,0.000,0.0070,2,0,0.00,0.00,0.00,0.0000,0.0000,0.0000,0.0000,0.0000,0.0000,0.0000,0.00,0.00,0.00,1.0600,0.1250,1.2140,1.2060,2.7020,0,0.0000,0.0000,0.0000,0.0000,0.0000,0,1,0
4953,0.0030,-0.0080,0.0091,0.0053,-0.0720,-0.0105,0.15,0.47,0.02,0,4.138,0.283,0.363,-0.058,0.007,-0.012,0.999,0.000,0.000,0.000,0.0100,16,0,0.00,0.00,0.00,0.0000,0.0000,0.0000,0.0000,0.0000,0.0000,0.0000,0.00,0.00,0.00,1.0600,0.1250,1.2150,1.2040,2.7020,0,0.0000,0.0000,0.0000,0.0000,0.0000,0,1,0
5004,0.0023,-0.0140,0.0091,0.0007,-0.0917,-0.0087,0.42,0.50,0.02,0,4.144,0.144,0.101,0.092,0.010,-0.011,0.999,0.000,0.000,0.000,0.0100,17,0,0.00,0.00,0.00,0.0000,0.0000,0.0000,0.0000,0.0000,0.0000,0.0000,0.00,0.00,0.00,1.0640,0.1270,1.2150,1.2040,2.7010,0,0.0000,0.0000,0.0000,0.0000,0.0000,0,1,0
5056,0.0024,-0.0143,0.0096,0.0007,-0.0755,-0.0030,0.22,0.49,0.03,0,4.138,0.251,-0.038,0.075,0.008,-0.011,0.999,0.000,0.000,0.000,0.0100,0,2,0.00,0.00,0.00,0.0000,0.0000,0.0000,0.0000,0.0000,0.0000,0.0000,0.00,0.00,0.00,1.0640,0.1270,1.2190,1.2070,2.7010,0,0.0000,0.0000,0.0000,0.0000,0.0000,0,1,0
5108,0.0026,-0.0178,0.0098,0.0025,-0.0785,-0.0017,0.03,0.50,0.03,0,4.149,0.194,0.277,0.142,0.012,-0.011,0.998,0.000,0.000,0.000,0.0090,-3,-5,0.00,0.00,0.00,0.0000,0.0000,0.0000,0.0000,0.0000,0.0000,0.0000,0.00,0.00,0.00,1.0640,0.1300,1.2190,1.2070,2.7090,0,0.0000,0.0000,0.0000,0.0000,0.0000,0,1,0
5159,0.0019,-0.0172,0.0096,-0.0007,-0.0627,-0.0022,-0.16,0.46,0.04,0,4.138,0.110,0.212,0.103,0.007,-0.012,0.999,0.000,0.000,0.000,0.0090,-6,6,0.00,0.00,0.00,0.0000,0.0000,0.0000,0.0000,0.0000,0.0000,0.0000,0.00,0.00,0.00,1.0640,0.1300,1.2150,1.2090,2.7090,0,0.0000,0.0000,0.0000,0.0000,0.0000,0,1,0
5210,0.0028,-0.0177,0.0094,0.0040,-0.0537,-0.0029,-0.29,0.52,0.05,0,4.144,0.320,0.261,0.062,0.008,-0.013,0.999,0.000,0.000,0.000,0.0080,-5,0,0.00,0.00,0.00,0.0000,0.0000,0.0000,0.0000,0.0000,0.0000,0.0000,0.00,0.00,0.00,1.0640,0.1270,1.2150,1.2090,2.7060,0,0.0000,0.0000,0.0000,0.0000,0.0000,0,1,0
5261,0.0013,-0.0151,0.0088,-0.0042,-0.0315,-0.0054,-0.46,0.51,0.06,0,4.138,0.065,0.056,-0.154,0.011,-0.013,0.999,0.000,0.000,0.000,0.0080,-17,-5,0.00,0.00,0.00,0.0000,0.0000,0.0000,0.0000,0.0000,0.0000,0.0000,0.00,0.00,0.00,1.0640,0.1270,1.2160,1.2070,2.7060,0,0.0000,0.0000,0.0000,0.0000,0.0000,0,1,0
5312,0.0009,-0.0172,0.0084,-0.0051,-0.0374,-0.0068,-0.52,0.47,0.06,0,4.144,0.322,0.162,0.261,0.007,-0.012,1.000,0.000,0.000,0.000,0.0090,-8,3,0.00,0.00,0.00,0.0000,0.0000,0.0000,0.0000,0.0000,0.0000,0.0000,0.00,0.00,0.00,1.0620,0.1260,1.2160,1.2070,2.7060,0,0.0000,0.0000,0.0000,0.0000,0.0000,0,1,0
5364,0.0024,-0.0144,0.0085,0.0028,-0.0181,-0.0045,-0.58,0.47,0.07,0,4.138,0.352,-0.230,-0.009,0.011,-0.013,0.997,0.000,0.000,0.000,0.0100,0,6,0.00,0.00,0.00,0.0000,0.0000,0.0000,0.0000,0.0000,0.0000,0.0000,0.00,0.00,0.00,1.0620,0.1260,1.2160,1.2070,2.7060,0,0.0000,0.0000,0.0000,0.0000,0.0000,0,1,0
5415,0.0030,-0.0172,0.0091,0.0074,-0.0305,-0.0002,-0.41,0.47,0.07,0,4.149,0.339,0.140,0.006,0.009,-0.013,1.001,0.000,0.000,0.000,0.0100,-1,0,0.00,0.00,0.00,0.0000,0.0000,0.0000,0.0000,0.0000,0.0000,0.0000,0.00,0.00,0.00,1.0640,0.1290,1.2160,1.2070,2.7160,0,0.0000,0.0000,0.0000,0.0000,0.0000,0,1,0
5467,0.0056,-0.0171,0.0095,0.0189,-0.0250,0.0018,-0.47,0.33,0.07,0,4.138,0.210,0.149,0.253,0.010,-0.010,0.998,0.000,0.000,0.000,0.0100,-2,1,0.00,0.00,0.00,0.0000,0.0000,0.0000,0.0000,0.0000,0.0000,0.0000,0.00,0.00,0.00,1.0640,0.1290,1.2170,1.2100,2.7160,0,0.0000,0.0000,0.0000,0.0000,0.0000,0,1,0
5518,0.0064,-0.0171,0.0098,0.0204,-0.0200,0.0022,-0.52,0.34,0.08,0,4.144,0.262,0.047,0.119,0.010,-0.012,0.999,0.000,0.000,0.000,0.0100,0,2,0.00,0.00,0.00,0.0000,0.0000,0.0000,0.0000,0.0000,0.0000,0.0000,0.00,0.00,0.00,1.0660,0.1280,1.2170,1.2100,2.7080,0,0.0000,0.0000,0.0000,0.0000,0.0000,0,1,0
5569,0.0057,-0.0162,0.0100,0.0142,-0.0118,0.0027,-0.55,0.41,0.07,0,4.138,0.283,0.035,-0.110,0.010,-0.012,0.999,0.000,0.000,0.000,0.0090,-5,1,0.00,0.00,0.00,0.0000,0.0000,0.0000,0.0000,0.0000,0.0000,0.0000,0.00,0.00,0.00,1.0660,0.1280,1.2150,1.2060,2.7080,0,0.0000,0.0000,0.0000,0.0000,0.0000,0,1,0
5620,0.0082,-0.0127,0.0096,0.0259,0.0088,-0.0003,-0.74,0.32,0.08,0,4.144,0.335,0.073,-0.129,0.011,-0.012,0.998,0.000,0.000,0.000,0.0100,7,-3,0.00,0.00,0.00,0.0000,0.0000,0.0000,0.0000,0.0000,0.0000,0.0000,0.00,0.00,0.00,1.0720,0.1260,1.2150,1.2060,2.7110,0,0.0000,0.0000,0.0000,0.0000,0.0000,0,1,0
5671,0.0056,-0.0050,0.0098,0.0084,0.0430,0.0001,-0.86,0.42,0.07,0,4.138,0.268,0.312,0.050,0.006,-0.013,1.001,0.000,0.000,0.000,0.0090,-15,20,0.00,0.00,0.00,0.0000,0.0000,0.0000,0.0000,0.0000,0.0000,0.0000,0.00,0.00,0.00,1.0720,0.1260,1.2130,1.2040,2.7110,0,0.0000,0.0000,0.0000,0.0000,0.0000,0,0,0
5723,0.0065,-0.0138,0.0097,0.0106,-0.0110,-0.0004,-0.63,0.61,0.07,0,4.144,0.407,-0.011,-0.038,0.011,-0.013,0.998,0.000,0.000,0.000,0.0120,-15,-1,0.00,0.00,0.00,0.0000,0.0000,0.0000,0.0000,0.0000,0.0000,0.0000,0.00,0.00,0.00,1.0620,0.1270,1.2130,1.2040,2.7050,0,0.0000,0.0000,0.0000,0.0000,0.0000,0,1,0
5775,0.0015,-0.0095,0.0108,-0.0140,0.0106,0.0044,-0.70,0.41,0.08,0,4.138,0.307,0.023,-0.111,0.010,-0.009,0.999,0.000,0.000,0.000,0.0090,-2,3,0.00,0.00,0.00,0.0000,0.0000,0.0000,0.0000,0.0000,0.0000,0.0000,0.00,0.00,0.00,1.0620,0.1270,1.2180,1.2110,2.7050,0,0.0000,0.0000,0.0000,0.0000,0.0000,0,1,0
5826,0.0062,-0.0042,0.0102,0.0098,0.0349,-0.0005,-0.83,0.46,0.08,0,4.144,0.134,0.441,0.331,0.009,-0.012,1.001,0.000,0.000,0.000,0.0110,6,-5,0.00,0.00,0.00,0.0000,0.0000,0.0000,0.0000,0.0000,0.0000,0.0000,0.00,0.00,0.00,1.0620,0.1300,1.2180,1.2110,2.7050,0,0.0000,0.0000,0.0000,0.0000,0.0000,0,1,0
5878,0.0057,-0.0045,0.0106,0.0059,0.0256,0.0019,-0.66,0.41,0.08,0,4.138,0.279,-0.088,0.267,0.009,-0.012,0.997,0.000,0.000,0.000,0.0090,9,5,0.00,0.00,0.00,0.0000,0.0000,0.0000,0.0000,0.0000,0.0000,0.0000,0.00,0.00,0.00,1.0620,0.1300,1.2150,1.2080,2.7050,0,0.0000,0.0000,0.0000,0.0000,0.0000,0,1,0
5930,0.0064,0.0001,0.0100,0.0088,0.0427,-0.0025,-0.74,0.49,0.08,0,4.144,0.348,0.235,-0.083,0.011,-0.010,1.000,0.000,0.000,0.000,0.0070,-4,0,0.00,0.00,0.00,0.0000,0.0000,0.0000,0.0000,0.0000,0.0000,0.0000,0.00,0.00,0.00,1.0650,0.1250,1.2150,1.2080,2.7050,0,0.0000,0.0000,0.0000,0.0000,0.0000,0,1,0
5981,0.0053,-0.0020,0.0088,0.0020,0.0233,-0.0078,-0.69,0.49,0.08,0,4.138,0.449,0.138,-0.089,0.010,-0.014,0.999,0.000,0.000,0.000,0.0110,-5,5,0.00,0.00,0.00,0.0000,0.0000,0.0000,0.0000,0.0000,0.0000,0.0000,0.00,0.00,0.00,1.0650,0.1250,1.2160,1.2080,2.7050,0,0.0000,0.0000,0.0000,0.0000,0.0000,0,1,0
6032,0.0061,-0.0032,0.0096,0.0062,0.0093,-0.0016,-0.57,0.49,0.08,0,4.144,0.014,0.360,0.335,0.010,-0.010,1.001,0.000,0.000,0.000,0.0090,7,3,0.00,0.00,0.00,0.0000,0.0000,0.0000,0.0000,0.0000,0.0000,0.0000,0.00,0.00,0.00,1.0640,0.1230,1.2160,1.2080,2.7070,0,0.0000,0.0000,0.0000,0.0000,0.0000,0,1,0
6083,0.0061,-0.0005,0.0093,0.0061,0.0192,-0.0023,-0.53,0.47,0.09,0,4.138,0.112,0.283,0.079,0.010,-0.011,0.997,0.000,0.000,0.000,0.0110,1,-1,0.00,0.00,0.00,0.0000,0.0000,0.0000,0.0000,0.0000,0.0000,0.0000,0.00,0.00,0.00,1.0640,0.1230,1.2140,1.2060,2.7070,0,0.0000,0.0000,0.0000,0.0000,0.0000,0,1,0
6134,0.0051,0.0030,0.0100,0.0004,0.0344,0.0012,-0.68,0.48,0.09,0,4.144,0.192,0.161,0.396,0.009,-0.012,1.000,0.000,0.000,0.000,0.0090,4,-5,0.00,0.00,0.00,0.0000,0.0000,0.0000,0.0000,0.0000,0.0000,0.0000,0.00,0.00,0.00,1.0680,0.1280,1.2140,1.2060,2.7100,0,0.0000,0.0000,0.0000,0.0000,0.0000,0,1,0
6185,0.0062,0.0011,0.0097,0.0062,0.0167,-0.0011,-0.54,0.44,0.09,0,4.138,0.402,-0.204,-0.017,0.009,-0.010,0.999,0.000,0.000,0.000,0.0110,18,2,0.00,0.00,0.00,0.0000,0.0000,0.0000,0.0000,0.0000,0.0000,0.0000,0.00,0.00,0.00,1.0680,0.1280,1.2130,1.2050,2.7100,0,0.0000,0.0000,0.0000,0.0000,0.0000,0,1,0
6236,0.0053,-0.0038,0.0102,0.0011,-0.0145,0.0015,-0.14,0.51,0.09,0,4.144,0.436,-0.061,0.249,0.011,-0.009,0.998,0.000,0.000,0.000,0.0120,7,0,0.00,0.00,0.00,0.0000,0.0000,0.0000,0.0000,0.0000,0.0000,0.0000,0.00,0.00,0.00,1.0620,0.1290,1.2130,1.2050,2.7090,0,0.0000,0.0000,0.0000,0.0000,0.0000,0,1,0
6287,0.0049,-0.0076,0.0111,-0.0001,-0.0298,0.0050,-0.13,0.50,0.09,0,4.138,0.449,0.064,-0.327,0.010,-0.013,0.997,0.000,0.000,0.000,0.0120,-5,0,0.00,0.00,0.00,0.0000,0.0000,0.0000,0.0000,0.0000,0.0000,0.0000,0.00,0.00,0.00,1.0620,0.1290,1.2140,1.2050,2.7090,0,0.0000,0.0000,0.0000,0.0000,0.0000,0,1,0
6338,0.0039,-0.0036,0.0119,-0.0047,-0.0038,0.0072,-0.47,0.54,0.09,0,4.144,0.119,0.132,0.304,0.007,-0.010,0.996,0.000,0.000,0.000,0.0100,4,0,0.00,0.00,0.00,0.0000,0.0000,0.0000,0.0000,0.0000,0.0000,0.0000,0.00,0.00,0.00,1.0640,0.1280,1.2140,1.2050,2.7020,0,0.0000,0.0000,0.0000,0.0000,0.0000,0,1,0
6389,0.0024,-0.0063,0.0114,-0.0109,-0.0167,0.0021,-0.30,0.58,0.09,0,4.138,0.154,0.172,-0.124,0.006,-0.010,1.002,0.000,0.000,0.000,0.0060,-4,6,0.00,0.00,0.00,0.0000,0.0000,0.0000,0.0000,0.0000,0.0000,0.0000,0.00,0.00,0.00,1.0640,0.1280,1.2160,1.2060,2.7020,0,0.0000,0.0000,0.0000,0.0000,0.0000,0,1,0
6440,0.0036,-0.0081,0.0091,-0.0034,-0.0243,-0.0102,-0.32,0.57,0.10,0,4.144,0.328,0.045,0.027,0.006,-0.011,0.998,0.000,0.000,0.000,0.0100,10,4,0.00,0.00,0.00,0.0000,0.0000,0.0000,0.0000,0.0000,0.0000,0.0000,0.00,0.00,0.00,1.0650,0.1290,1.2160,1.2060,2.7070,0,0.0000,0.0000,0.0000,0.0000,0.0000,0,1,0
6491,0.0034,-0.0052,0.0092,-0.0030,-0.0061,-0.0073,-0.33,0.54,0.10,0,4.138,0.231,-0.039,-0.186,0.010,-0.015,1.001,0.000,0.000,0.000,0.0100,21,0,0.00,0.00,0.00,0.0000,0.0000,0.0000,0.0000,0.0000,0.0000,0.0000,0.00,0.00,0.00,1.0650,0.1290,1.2160,1.2080,2.7070,0,0.0000,0.0000,0.0000,0.0000,0.0000,0,1,0
6542,0.0023,-0.0069,0.0094,-0.0069,-0.0157,-0.0045,-0.17,0.53,0.10,0,4.144,0.369,0.166,0.064,0.008,-0.011,0.998,0.000,0.000,0.000,0.0100,-4,0,0.00,0.00,0.00,0.0000,0.0000,0.0000,0.0000,0.0000,0.0000,0.0000,0.00,0.00,0.00,1.0610,0.1280,1.2160,1.2080,2.7090,0,0.0000,0.0000,0.0000,0.0000,0.0000,0,1,0
6593,0.0025,-0.0115,0.0095,-0.0044,-0.0355,-0.0031,-0.27,0.50,0.11,0,4.138,0.184,-0.087,0.130,0.010,-0.012,1.000,0.000,0.000,0.000,0.0110,-1,-3,0.00,0.00,0.00,0.0000,0.0000,0.0000,0.0000,0.0000,0.0000,0.0000,0.00,0.00,0.00,1.0610,0.1280,1.2130,1.2070,2.7090,0,0.0000,0.0000,0.0000,0.0000,0.0000,0,1,0
6645,0.0027,-0.0136,0.0101,-0.0021,-0.0423,0.0001,-0.26,0.45,0.11,0,4.144,0.102,-0.270,0.022,0.007,-0.012,0.999,0.000,0.000,0.000,0.0110,1,0,0.00,0.00,0.00,0.0000,0.0000,0.0000,0.0000,0.0000,0.0000,0.0000,0.00,0.00,0.00,1.0670,0.1260,1.2130,1.2070,2.7110,0,0.0000,0.0000,0.0000,0.0000,0.0000,0,1,0
6696,0.0025,-0.0120,0.0106,-0.0029,-0.0269,0.0025,-0.31,0.48,0.11,0,4.138,0.084,0.054,0.174,0.011,-0.012,1.001,0.000,0.000,0.000,0.0120,-3,-3,0.00,0.00,0.00,0.0000,0.0000,0.0000,0.0000,0.0000,0.0000,0.0000,0.00,0.00,0.00,1.0670,0.1260,1.2160,1.2110,2.7110,0,0.0000,0.0000,0.0000,0.0000,0.0000,0,1,0
6747,0.0027,-0.0127,0.0113,-0.0007,-0.0265,0.0055,-0.36,0.44,0.11,0,4.144,0.322,-0.046,-0.012,0.011,-0.011,1.001,0.000,0.000,0.000,0.0090,-2,-5,0.00,0.00,0.00,0.0000,0.0000,0.0000,0.0000,0.0000,0.0000,0.0000,0.00,0.00,0.00,1.0620,0.1290,1.2160,1.2110,2.7090,0,0.0000,0.0000,0.0000,0.0000,0.0000,0,1,0
6798,0.0033,-0.0038,0.0106,0.0032,0.0270,0.0007,-0.77,0.39,0.12,0,4.138,0.389,0.177,0.246,0.008,-0.013,0.999,0.000,0.000,0.000,0.0100,-2,4,0.00,0.00,0.00,0.0000,0.0000,0.0000,0.0000,0.0000,0.0000,0.0000,0.00,0.00,0.00,1.0620,0.1290,1.2110,1.2080,2.7090,0,0.0000,0.0000,0.0000,0.0000,0.0000,0,1,0
6849,0.0032,-0.0025,0.0104,0.0022,0.0284,-0.0013,-0.92,0.42,0.13,0,4.144,0.224,0.056,0.273,0.011,-0.011,0.997,0.000,0.000,0.000,0.0080,-4,1,0.00,0.00,0.00,0.0000,0.0000,0.0000,0.0000,0.0000,0.0000,0.0000,0.00,0.00,0.00,1.0620,0.1280,1.2110,1.2080,2.7050,0,0.0000,0.0000,0.0000,0.0000,0.0000,0,1,0
6900,0.0038,-0.0007,0.0094,0.0051,0.0283,-0.0061,-0.75,0.44,0.13,0,4.138,0.344,-0.018,0.060,0.011,-0.014,1.001,0.000,0.000,0.000,0.0100,-3,2,0.00,0.00,0.00,0.0000,0.0000,0.0000,0.0000,0.0000,0.0000,0.0000,0.00,0.00,0.00,1.0620,0.1280,1.2140,1.2060,2.7050,0,0.0000,0.0000,0.0000,0.0000,0.0000,0,1,0
6951,0.0044,0.0027,0.0095,0.0088,0.0404,-0.0043,-0.79,0.24,0.14,0,4.144,0.204,0.204,0.158,0.011,-0.011,0.999,0.000,0.000,0.000,0.0080,0,2,0.00,0.00,0.00,0.0000,0.0000,0.0000,0.0000,0.0000,0.0000,0.0000,0.00,0.00,0.00,1.0650,0.1290,1.2140,1.2060,2.7090,0,0.0000,0.0000,0.0000,0.0000,0.0000,0,1,0
7002,0.0052,0.0052,0.0089,0.0098,0.0435,-0.0064,-0.78,0.43,0.14,0,4.133,0.280,0.060,0.221,0.008,-0.013,1.000,0.000,0.000,0.000,0.0110,0,5,0.00,0.00,0.00,0.0000,0.0000,0.0000,0.0000,0.0000,0.0000,0.0000,0.00,0.00,0.00,1.0650,0.1290,1.2190,1.2070,2.7090,0,0.0000,0.0000,0.0000,0.0000,0.0000,0,1,0
7053,0.0052,0.0094,0.0095,0.0085,0.0563,-0.0020,-0.86,0.47,0.14,0,4.144,-0.024,0.275,0.188,0.006,-0.009,1.002,0.000,0.000,0.000,0.0110,1,0,0.00,0.00,0.00,0.0000,0.0000,0.0000,0.0000,0.0000,0.0000,0.0000,0.00,0.00,0.00,1.0660,0.1270,1.2190,1.2070,2.7100,0,0.0000,0.0000,0.0000,0.0000,0.0000,0,1,0
7104,0.0064,0.0112,0.0102,0.0129,0.0517,0.0027,-0.78,0.38,0.15,0,4.138,0.200,0.129,0.214,0.009,-0.012,1.000,0.000,0.000,0.000,0.0090,-17,0,0.00,0.00,0.00,0.0000,0.0000,0.0000,0.0000,0.0000,0.0000,0.0000,0.00,0.00,0.00,1.0660,0.1270,1.2140,1.2090,2.7100,0,0.0000,0.0000,0.0000,0.0000,0.0000,0,1,0
7155,0.0064,0.0179,0.0096,0.0109,0.0773,-0.0022,-1.11,0.40,0.15,0,4.144,0.422,0.110,-0.115,0.010,-0.012,1.000,0.000,0.000,0.000,0.0100,4,-1,0.00,0.00,0.00,0.0000,0.0000,0.0000,0.0000,0.0000,0.0000,0.0000,0.00,0.00,0.00,1.0670,0.1280,1.2140,1.2090,2.7080,0,0.0000,0.0000,0.0000,0.0000,0.0000,0,1,0
7206,0.0061,0.0230,0.0097,0.0079,0.0848,-0.0005,-0.93,0.42,0.15,0,4.138,0.068,-0.083,-0.130,0.009,-0.010,1.000,0.000,0.000,0.000,0.0110,-36,2,0.00,0.00,0.00,0.0000,0.0000,0.0000,0.0000,0.0000,0.0000,0.0000,0.00,0.00,0.00,1.0670,0.1280,1.2150,1.2080,2.7080,0,0.0000,0.0000,0.0000,0.0000,0.0000,0,1,0
7257,0.0063,0.0265,0.0103,0.0067,0.0861,0.0027,-1.27,0.45,0.15,0,4.144,0.232,0.069,-0.210,0.008,-0.009,0.998,0.000,0.000,0.000,0.0100,-2,0,0.00,0.00,0.00,0.0000,0.0000,0.0000,0.0000,0.0000,0.0000,0.0000,0.00,0.00,0.00,1.0640,0.1260,1.2150,1.2080,2.7110,0,0.0000,0.0000,0.0000,0.0000,0.0000,0,1,0
7308,0.0057,0.0319,0.0105,0.0028,0.0912,0.0030,-0.94,0.46,0.15,0,4.138,0.391,0.150,0.050,0.008,-0.011,1.001,0.000,0.000,0.000,0.0130,-11,7,0.00,0.00,0.00,0.0000,0.0000,0.0000,0.0000,0.0000,0.0000,0.0000,0.00,0.00,0.00,1.0640,0.1260,1.2140,1.2080,2.7110,0,0.0000,0.0000,0.0000,0.0000,0.0000,0,1,0
7359,0.0062,0.0319,0.0120,0.0053,0.0693,0.0100,-0.82,0.50,0.16,0,4.138,0.362,0.121,-0.088,0.009,-0.013,1.000,0.000,0.000,0.000,0.0130,26,6,0.00,0.00,0.00,0.0000,0.0000,0.0000,0.0000,0.0000,0.0000,0.0000,0.00,0.00,0.00,1.0670,0.1280,1.2140,1.2080,2.7110,0,0.0000,0.0000,0.0000,0.0000,0.0000,0,1,0
7410,0.0055,0.0325,0.0130,0.0025,0.0524,0.0129,-0.32,0.51,0.16,0,4.144,0.289,0.117,0.136,0.010,-0.012,0.998,0.000,0.000,0.000,0.0090,14,-2,0.00,0.00,0.00,0.0000,0.0000,0.0000,0.0000,0.0000,0.0000,0.0000,0.00,0.00,0.00,1.0670,0.1280,1.2150,1.2060,2.7110,0,0.0000,0.0000,0.0000,0.0000,0.0000,0,1,0
7461,0.0047,0.0262,0.0118,-0.0014,0.0073,0.0038,-0.23,0.48,0.16,0,4.144,0.432,0.303,-0.028,0.010,-0.011,1.001,0.000,0.000,0.000,0.0100,0,6,0.00,0.00,0.00,0.0000,0.0000,0.0000,0.0000,0.0000,0.0000,0.0000,0.00,0.00,0.00,1.0660,0.1280,1.2150,1.2060,2.7100,0,0.0000,0.0000,0.0000,0.0000,0.0000,0,1,0
7512,0.0060,0.0266,0.0112,0.0076,0.0034,-0.0009,-0.23,0.47,0.16,0,4.138,0.403,0.193,-0.018,0.011,-0.011,1.000,0.000,0.000,0.000,0.0130,-5,4,0.00,0.00,0.00,0.0000,0.0000,0.0000,0.0000,0.0000,0.0000,0.0000,0.00,0.00,0.00,1.0660,0.1280,1.2150,1.2120,2.7100,0,0.0000,0.0000,0.0000,0.0000,0.0000,0,1,0
7563,0.0049,0.0255,0.0120,0.0020,-0.0065,0.0030,-0.22,0.49,0.17,0,4.144,0.368,-0.151,0.072,0.010,-0.011,0.999,0.000,0.000,0.000,0.0080,6,6,0.00,0.00,0.00,0.0000,0.0000,0.0000,0.0000,0.0000,0.0000,0.0000,0.00,0.00,0.00,1.0690,0.1270,1.2150,1.2120,2.7100,0,0.0000,0.0000,0.0000,0.0000,0.0000,0,1,0
7614,0.0053,0.0281,0.0104,0.0049,0.0041,-0.0061,-0.22,0.49,0.17,0,4.138,0.157,-0.111,0.066,0.009,-0.010,0.999,0.000,0.000,0.000,0.0100,-6,2,0.00,0.00,0.00,0.0000,0.0000,0.0000,0.0000,0.0000,0.0000,0.0000,0.00,0.00,0.00,1.0690,0.1270,1.2160,1.2090,2.7100,0,0.0000,0.0000,0.0000,0.0000,0.0000,0,1,0
7666,0.0049,0.0280,0.0101,0.0025,0.0016,-0.0068,-0.32,0.46,0.17,0,4.138,0.262,0.030,0.234,0.009,-0.009,1.000,0.000,0.000,0.000,0.0100,-5,2,0.00,0.00,0.00,0.0000,0.0000,0.0000,0.0000,0.0000,0.0000,0.0000,0.00,0.00,0.00,1.0650,0.1280,1.2160,1.2090,2.7020,0,0.0000,0.0000,0.0000,0.0000,0.0000,0,1,0
7717,0.0041,0.0293,0.0099,-0.0009,0.0030,-0.0064,-0.32,0.49,0.18,0,4.144,0.395,0.043,0.177,0.010,-0.010,1.000,0.000,0.000,0.000,0.0080,0,1,0.00,0.00,0.00,0.0000,0.0000,0.0000,0.0000,0.0000,0.0000,0.0000,0.00,0.00,0.00,1.0650,0.1280,1.2190,1.2100,2.7020,0,0.0000,0.0000,0.0000,0.0000,0.0000,0,1,0
7768,0.0039,0.0305,0.0090,-0.0012,0.0050,-0.0098,-0.30,0.47,0.18,0,4.144,0.162,-0.001,-0.299,0.010,-0.011,0.997,0.000,0.000,0.000,0.0100,-3,0,0.00,0.00,0.00,0.0000,0.0000,0.0000,0.0000,0.0000,0.0000,0.0000,0.00,0.00,0.00,1.0640,0.1270,1.2190,1.2100,2.7060,0,0.0000,0.0000,0.0000,0.0000,0.0000,0,1,0
7819,0.0033,0.0315,0.0091,-0.0033,0.0063,-0.0067,-0.34,0.48,0.18,0,4.138,0.184,0.161,-0.131,0.009,-0.012,1.000,0.000,0.000,0.000,0.0130,-7,6,0.00,0.00,0.00,0.0000,0.0000,0.0000,0.0000,0.0000,0.0000,0.0000,0.00,0.00,0.00,1.0640,0.1270,1.2170,1.2100,2.7060,0,0.0000,0.0000,0.0000,0.0000,0.0000,0,1,0
7871,0.0047,0.0307,0.0105,0.0062,-0.0023,0.0024,-0.33,0.47,0.18,0,4.144,0.213,0.030,-0.047,0.010,-0.011,1.000,0.000,0.000,0.000,0.0120,0,-3,0.00,0.00,0.00,0.0000,0.0000,0.0000,0.0000,0.0000,0.0000,0.0000,0.00,0.00,0.00,1.0640,0.1280,1.2170,1.2100,2.7030,0,0.0000,0.0000,0.0000,0.0000,0.0000,0,1,0
7922,0.0028,0.0315,0.0112,-0.0039,-0.0015,0.0051,-0.27,0.46,0.18,0,4.133,0.567,0.270,0.028,0.010,-0.013,0.999,0.000,0.000,0.000,0.0130,0,1,0.00,0.00,0.00,0.0000,0.0000,0.0000,0.0000,0.0000,0.0000,0.0000,0.00,0.00,0.00,1.0640,0.1280,1.2140,1.2070,2.7030,0,0.0000,0.0000,0.0000,0.0000,0.0000,0,1,0
7973,0.0041,0.0321,0.0122,0.0038,-0.0001,0.0087,-0.29,0.44,0.18,0,4.144,0.185,-0.208,0.248,0.009,-0.010,0.997,0.000,0.000,0.000,0.0120,14,-2,0.00,0.00,0.00,0.0000,0.0000,0.0000,0.0000,0.0000,0.0000,0.0000,0.00,0.00,0.00,1.0680,0.1270,1.2140,1.2070,2.7080,0,0.0000,0.0000,0.0000,0.0000,0.0000,0,1,0
8024,0.0029,0.0332,0.0124,-0.0028,0.0045,0.0071,-0.21,0.46,0.19,0,4.138,0.327,-0.170,-0.276,0.010,-0.013,1.001,0.000,0.000,0.000,0.0110,9,7,0.00,0.00,0.00,0.0000,0.0000,0.0000,0.0000,0.0000,0.0000,0.0000,0.00,0.00,0.00,1.0680,0.1270,1.2180,1.2100,2.7080,0,0.0000,0.0000,0.0000,0.0000,0.0000,0,1,0
8075,0.0045,0.0322,0.0121,0.0065,-0.0033,0.0039,-0.21,0.47,0.19,0,4.138,0.240,-0.053,0.050,0.007,-0.012,1.000,0.000,0.000,0.000,0.0100,0,2,0.00,0.00,0.00,0.0000,0.0000,0.0000,0.0000,0.0000,0.0000,0.0000,0.00,0.00,0.00,1.0660,0.1290,1.2180,1.2100,2.7100,0,0.0000,0.0000,0.0000,0.0000,0.0000,0,1,0
8126,0.0043,0.0302,0.0114,0.0055,-0.0148,-0.0009,-0.21,0.43,0.18,0,4.138,0.127,-0.018,-0.094,0.008,-0.009,0.997,0.000,0.000,0.000,0.0130,-4,3,0.00,0.00,0.00,0.0000,0.0000,0.0000,0.0000,0.0000,0.0000,0.0000,0.00,0.00,0.00,1.0660,0.1290,1.2160,1.2070,2.7100,0,0.0000,0.0000,0.0000,0.0000,0.0000,0,1,0
8177,0.0049,0.0250,0.0121,0.0089,-0.0442,0.0020,-0.04,0.41,0.18,0,4.144,0.330,0.424,0.069,0.011,-0.012,0.997,0.000,0.000,0.000,0.0100,-1,5,0.00,0.00,0.00,0.0000,0.0000,0.0000,0.0000,0.0000,0.0000,0.0000,0.00,0.00,0.00,1.0650,0.1280,1.2160,1.2070,2.6970,0,0.0000,0.0000,0.0000,0.0000,0.0000,0,1,0
8229,0.0044,0.0206,0.0113,0.0058,-0.0602,-0.0031,0.07,0.45,0.19,0,4.138,0.226,0.074,0.107,0.011,-0.013,0.998,0.000,0.000,0.000,0.0120,31,4,0.00,0.00,0.00,0.0000,0.0000,0.0000,0.0000,0.0000,0.0000,0.0000,0.00,0.00,0.00,1.0650,0.1280,1.2160,1.2090,2.6970,0,0.0000,0.0000,0.0000,0.0000,0.0000,0,1,0
8279,0.0042,0.0143,0.0113,0.0059,-0.0857,-0.0029,0.51,0.45,0.19,0,4.138,0.411,0.117,-0.186,0.009,-0.009,0.999,0.000,0.000,0.000,0.0120,0,5,0.00,0.00,0.00,0.0000,0.0000,0.0000,0.0000,0.0000,0.0000,0.0000,0.00,0.00,0.00,1.0680,0.1250,1.2160,1.2090,2.7040,0,0.0000,0.0000,0.0000,0.0000,0.0000,0,1,0
8330,0.0035,0.0061,0.0114,0.0017,-0.1111,-0.0019,0.32,0.46,0.19,0,4.138,0.230,-0.069,-0.001,0.010,-0.012,0.997,0.000,0.000,0.000,0.0090,2,0,0.00,0.00,0.00,0.0000,0.0000,0.0000,0.0000,0.0000,0.0000,0.0000,0.00,0.00,0.00,1.0680,0.1250,1.2150,1.2090,2.7040,0,0.0000,0.0000,0.0000,0.0000,0.0000,0,1,0
8381,0.0044,0.0035,0.0105,0.0075,-0.1048,-0.0064,0.11,0.42,0.19,0,4.138,0.468,0.177,-0.187,0.010,-0.011,0.998,0.000,0.000,0.000,0.0100,-14,1,0.00,0.00,0.00,0.0000,0.0000,0.0000,0.0000,0.0000,0.0000,0.0000,0.00,0.00,0.00,1.0600,0.1260,1.2150,1.2090,2.7080,0,0.0000,0.0000,0.0000,0.0000,0.0000,0,1,0
8432,0.0041,0.0109,0.0109,0.0056,-0.0458,-0.0022,-0.34,0.43,0.20,0,4.138,0.350,0.131,0.182,0.008,-0.011,1.000,0.000,0.000,0.000,0.0090,2,-2,0.00,0.00,0.00,0.0000,0.0000,0.0000,0.0000,0.0000,0.0000,0.0000,0.00,0.00,0.00,1.0600,0.1260,1.2180,1.2070,2.7080,0,0.0000,0.0000,0.0000,0.0000,0.0000,0,1,0
8483,0.0041,0.0144,0.0101,0.0059,-0.0202,-0.0061,-0.39,0.40,0.20,0,4.144,0.363,0.165,0.291,0.010,-0.009,0.999,0.000,0.000,0.000,0.0080,0,0,0.00,0.00,0.00,0.0000,0.0000,0.0000,0.0000,0.0000,0.0000,0.0000,0.00,0.00,0.00,1.0680,0.1270,1.2180,1.2070,2.7060,0,0.0000,0.0000,0.0000,0.0000,0.0000,0,1,0
8534,0.0035,0.0145,0.0090,0.0017,-0.0160,-0.0100,-0.43,0.45,0.21,0,4.138,0.396,0.272,-0.285,0.010,-0.011,1.000,0.000,0.000,0.000,0.0090,-3,-1,0.00,0.00,0.00,0.0000,0.0000,0.0000,0.0000,0.0000,0.0000,0.0000,0.00,0.00,0.00,1.0680,0.1270,1.2120,1.2080,2.7060,0,0.0000,0.0000,0.0000,0.0000,0.0000,0,1,0
8585,0.0044,0.0124,0.0087,0.0067,-0.0244,-0.0089,-0.40,0.40,0.20,0,4.138,0.262,0.246,-0.189,0.011,-0.012,0.999,0.000,0.000,0.000,0.0100,-12,-2,0.00,0.00,0.00,0.0000,0.0000,0.0000,0.0000,0.0000,0.0000,0.0000,0.00,0.00,0.00,1.0650,0.1290,1.2120,1.2080,2.7050,0,0.0000,0.0000,0.0000,0.0000,0.0000,0,1,0
8636,0.0036,0.0113,0.0090,0.0019,-0.0268,-0.0053,-0.46,0.44,0.20,0,4.138,0.142,0.136,-0.129,0.007,-0.013,1.002,0.000,0.000,0.000,0.0080,47,4,0.00,0.00,0.00,0.0000,0.0000,0.0000,0.0000,0.0000,0.0000,0.0000,0.00,0.00,0.00,1.0650,0.1290,1.2120,1.2040,2.7050,0,0.0000,0.0000,0.0000,0.0000,0.0000,0,1,0
8687,0.0044,0.0092,0.0085,0.0068,-0.0360,-0.0069,0.15,0.45,0.20,0,4.138,-0.105,0.200,0.232,0.009,-0.009,1.000,0.000,0.000,0.000,0.0090,3,-2,0.00,0.00,0.00,0.0000,0.0000,0.0000,0.0000,0.0000,0.0000,0.0000,0.00,0.00,0.00,1.0650,0.1270,1.2120,1.2040,2.7060,0,0.0000,0.0000,0.0000,0.0000,0.0000,0,1,0
8738,0.0032,-0.0009,0.0085,0.0002,-0.0766,-0.0054,0.01,0.45,0.20,0,4.138,0.277,0.067,0.073,0.010,-0.009,1.000,0.000,0.000,0.000,0.0070,-25,7,0.00,0.00,0.00,0.0000,0.0000,0.0000,0.0000,0.0000,0.0000,0.0000,0.00,0.00,0.00,1.0650,0.1270,1.2130,1.2100,2.7060,0,0.0000,0.0000,0.0000,0.0000,0.0000,0,1,0
8789,0.0036,0.0030,0.0082,0.0026,-0.0409,-0.0053,-0.52,0.49,0.20,0,4.144,0.165,0.157,0.163,0.010,-0.012,1.000,0.000,0.000,0.000,0.0100,-1,0,0.00,0.00,0.00,0.0000,0.0000,0.0000,0.0000,0.0000,0.0000,0.0000,0.00,0.00,0.00,1.0690,0.1280,1.2130,1.2100,2.7040,0,0.0000,0.0000,0.0000,0.0000,0.0000,0,1,0
8840,0.0034,0.0074,0.0089,0.0021,-0.0121,-0.0001,-0.53,0.45,0.20,0,4.138,0.373,0.065,-0.026,0.009,-0.011,0.998,0.000,0.000,0.000,0.0090,8,7,0.00,0.00,0.00,0.0000,0.0000,0.0000,0.0000,0.0000,0.0000,0.0000,0.00,0.00,0.00,1.0690,0.1280,1.2160,1.2080,2.7040,0,0.0000,0.0000,0.0000,0.0000,0.0000,0,1,0
8891,0.0047,0.0134,0.0089,0.0093,0.0210,-0.0003,-0.68,0.46,0.20,0,4.138,0.579,0.138,-0.123,0.010,-0.012,1.000,0.000,0.000,0.000,0.0090,1,0,0.00,0.00,0.00,0.0000,0.0000,0.0000,0.0000,0.0000,0.0000,0.0000,0.00,0.00,0.00,1.0690,0.1270,1.2160,1.2080,2.7120,0,0.0000,0.0000,0.0000,0.0000,0.0000,0,1,0
8942,0.0040,0.0169,0.0090,0.0055,0.0333,0.0001,-0.82,0.42,0.21,0,4.138,0.448,0.065,-0.141,0.010,-0.010,0.998,0.000,0.000,0.000,0.0090,0,0,0.00,0.00,0.00,0.0000,0.0000,0.0000,0.0000,0.0000,0.0000,0.0000,0.00,0.00,0.00,1.0690,0.1270,1.2180,1.2070,2.7120,0,0.0000,0.0000,0.0000,0.0000,0.0000,0,1,0
8993,0.0042,0.0165,0.0091,0.0063,0.0243,0.0003,-0.75,0.41,0.21,0,4.138,0.141,0.057,0.329,0.008,-0.011,0.998,0.000,0.000,0.000,0.0090,9,-1,0.00,0.00,0.00,0.0000,0.0000,0.0000,0.0000,0.0000,0.0000,0.0000,0.00,0.00,0.00,1.0610,0.1250,1.2180,1.2070,2.7110,0,0.0000,0.0000,0.0000,0.0000,0.0000,0,1,0
9044,0.0038,0.0189,0.0090,0.0033,0.0307,-0.0006,-0.67,0.43,0.21,0,4.133,0.341,0.082,0.082,0.010,-0.011,0.999,0.000,0.000,0.000,0.0070,22,-5,0.00,0.00,0.00,0.0000,0.0000,0.0000,0.0000,0.0000,0.0000,0.0000,0.00,0.00,0.00,1.0610,0.1250,1.2160,1.2070,2.7110,0,0.0000,0.0000,0.0000,0.0000,0.0000,0,1,0
9095,0.0047,0.0209,0.0082,0.0081,0.0354,-0.0051,-0.57,0.36,0.22,0,4.144,0.133,0.113,0.460,0.011,-0.010,0.999,0.000,0.000,0.000,0.0100,-6,0,0.00,0.00,0.00,0.0000,0.0000,0.0000,0.0000,0.0000,0.0000,0.0000,0.00,0.00,0.00,1.0620,0.1300,1.2160,1.2070,2.7070,0,0.0000,0.0000,0.0000,0.0000,0.0000,0,1,0
9146,0.0067,0.0148,0.0089,0.0162,-0.0007,-0.0004,-0.54,0.35,0.22,0,4.138,0.204,0.265,0.083,0.009,-0.012,1.001,0.000,0.000,0.000,0.0100,-16,3,0.00,0.00,0.00,0.0000,0.0000,0.0000,0.0000,0.0000,0.0000,0.0000,0.00,0.00,0.00,1.0620,0.1300,1.2160,1.2070,2.7070,0,0.0000,0.0000,0.0000,0.0000,0.0000,0,1,0
9197,0.0075,0.0106,0.0094,0.0181,-0.0249,0.0027,-0.44,0.37,0.22,0,4.138,0.089,0.317,0.032,0.010,-0.013,0.999,0.000,0.000,0.000,0.0110,0,0,0.00,0.00,0.00,0.0000,0.0000,0.0000,0.0000,0.0000,0.0000,0.0000,0.00,0.00,0.00,1.0690,0.1290,1.2160,1.2070,2.7100,0,0.0000,0.0000,0.0000,0.0000,0.0000,0,1,0
9248,0.0073,0.0092,0.0103,0.0152,-0.0297,0.0063,-0.26,0.36,0.23,0,4.144,0.390,0.063,0.041,0.010,-0.011,0.999,0.000,0.000,0.000,0.0080,-3,2,0.00,0.00,0.00,0.0000,0.0000,0.0000,0.0000,0.0000,0.0000,0.0000,0.00,0.00,0.00,1.0690,0.1290,1.2170,1.2100,2.7100,0,0.0000,0.0000,0.0000,0.0000,0.0000,0,1,0
9299,0.0074,0.0083,0.0095,0.0130,-0.0304,0.0000,-0.30,0.41,0.22,0,4.144,0.377,0.078,0.178,0.009,-0.012,1.000,0.000,0.000,0.000,0.0110,-7,-2,0.00,0.00,0.00,0.0000,0.0000,0.0000,0.0000,0.0000,0.0000,0.0000,0.00,0.00,0.00,1.0640,0.1280,1.2170,1.2100,2.7020,0,0.0000,0.0000,0.0000,0.0000,0.0000,0,1,0
9350,0.0067,0.0083,0.0102,0.0079,-0.0270,0.0032,-0.38,0.42,0.22,0,4.138,0.348,0.546,0.230,0.009,-0.012,0.999,0.000,0.000,0.000,0.0090,15,6,0.00,0.00,0.00,0.0000,0.0000,0.0000,0.0000,0.0000,0.0000,0.0000,0.00,0.00,0.00,1.0640,0.1280,1.2190,1.2090,2.7020,0,0.0000,0.0000,0.0000,0.0000,0.0000,0,1,0
9401,0.0076,0.0048,0.0097,0.0116,-0.0428,-0.0004,-0.06,0.47,0.22,0,4.144,0.053,-0.095,0.057,0.011,-0.011,0.999,0.000,0.000,0.000,0.0110,8,-2,0.00,0.00,0.00,0.0000,0.0000,0.0000,0.0000,0.0000,0.0000,0.0000,0.00,0.00,0.00,1.0690,0.1260,1.2190,1.2090,2.7090,0,0.0000,0.0000,0.0000,0.0000,0.0000,0,1,0
9453,0.0066,0.0025,0.0104,0.0053,-0.0449,0.0027,-0.13,0.44,0.22,0,4.138,0.622,0.077,-0.156,0.007,-0.012,0.998,0.000,0.000,0.000,0.0140,14,-1,0.00,0.00,0.00,0.0000,0.0000,0.0000,0.0000,0.0000,0.0000,0.0000,0.00,0.00,0.00,1.0690,0.1260,1.2180,1.2070,2.7090,0,0.0000,0.0000,0.0000,0.0000,0.0000,0,1,0
9503,0.0064,0.0036,0.0122,0.0030,-0.0302,0.0117,-0.22,0.46,0.22,0,4.144,0.383,0.099,0.036,0.011,-0.013,1.001,0.000,0.000,0.000,0.0110,3,2,0.00,0.00,0.00,0.0000,0.0000,0.0000,0.0000,0.0000,0.0000,0.0000,0.00,0.00,0.00,1.0660,0.1280,1.2180,1.2070,2.7090,0,0.0000,0.0000,0.0000,0.0000,0.0000,0,1,0
9554,0.0064,0.0012,0.0121,0.0031,-0.0370,0.0085,-0.28,0.49,0.22,0,4.138,0.234,0.223,-0.049,0.011,-0.011,0.998,0.000,0.000,0.000,0.0070,-6,2,0.00,0.00,0.00,0.0000,0.0000,0.0000,0.0000,0.0000,0.0000,0.0000,0.00,0.00,0.00,1.0660,0.1280,1.2130,1.2070,2.7090,0,0.0000,0.0000,0.0000,0.0000,0.0000,0,1,0
9605,0.0066,-0.0008,0.0102,0.0041,-0.0421,-0.0047,-0.33,0.48,0.22,0,4.144,0.377,0.054,0.035,0.012,-0.011,1.000,0.000,0.000,0.000,0.0090,12,0,0.00,0.00,0.00,0.0000,0.0000,0.0000,0.0000,0.0000,0.0000,0.0000,0.00,0.00,0.00,1.0690,0.1290,1.2130,1.2070,2.7040,0,0.0000,0.0000,0.0000,0.0000,0.0000,0,1,0
9656,0.0064,0.0019,0.0097,0.0033,-0.0196,-0.0062,-0.34,0.47,0.23,0,4.138,0.369,0.146,0.087,0.011,-0.010,0.999,0.000,0.000,0.000,0.0090,3,4,0.00,0.00,0.00,0.0000,0.0000,0.0000,0.0000,0.0000,0.0000,0.0000,0.00,0.00,0.00,1.0690,0.1290,1.2110,1.2090,2.7040,0,0.0000,0.0000,0.0000,0.0000,0.0000,0,1,0
9707,0.0076,0.0042,0.0093,0.0100,-0.0021,-0.0063,-0.55,0.46,0.23,0,4.144,0.193,0.229,0.420,0.008,-0.012,0.999,0.000,0.000,0.000,0.0080,-3,-2,0.00,0.00,0.00,0.0000,0.0000,0.0000,0.0000,0.0000,0.0000,0.0000,0.00,0.00,0.00,1.0640,0.1270,1.2110,1.2090,2.7100,0,0.0000,0.0000,0.0000,0.0000,0.0000,0,1,0
9758,0.0062,0.0108,0.0085,0.0016,0.0319,-0.0089,-0.85,0.47,0.24,0,4.138,0.075,-0.155,-0.024,0.011,-0.011,1.000,0.000,0.000,0.000,0.0090,0,3,0.00,0.00,0.00,0.0000,0.0000,0.0000,0.0000,0.0000,0.0000,0.0000,0.00,0.00,0.00,1.0640,0.1270,1.2160,1.2100,2.7100,0,0.0000,0.0000,0.0000,0.0000,0.0000,0,1,0
9809,0.0070,0.0116,0.0085,0.0061,0.0293,-0.0072,-0.77,0.48,0.24,0,4.144,0.372,0.132,0.253,0.010,-0.012,0.999,0.000,0.000,0.000,0.0100,-1,0,0.00,0.00,0.00,0.0000,0.0000,0.0000,0.0000,0.0000,0.0000,0.0000,0.00,0.00,0.00,1.0680,0.1280,1.2160,1.2100,2.7060,0,0.0000,0.0000,0.0000,0.0000,0.0000,0,1,0
9861,0.0058,0.0195,0.0088,-0.0010,0.0674,-0.0047,-1.05,0.51,0.24,0,4.138,0.185,0.022,0.078,0.011,-0.009,0.998,0.000,0.000,0.000,0.0100,-8,2,0.00,0.00,0.00,0.0000,0.0000,0.0000,0.0000,0.0000,0.0000,0.0000,0.00,0.00,0.00,1.0680,0.1280,1.2120,1.2060,2.7060,0,0.0000,0.0000,0.0000,0.0000,0.0000,0,1,0
9912,0.0060,0.0195,0.0094,0.0008,0.0530,-0.0008,-0.96,0.51,0.24,0,4.138,0.163,0.282,0.198,0.009,-0.012,1.001,0.000,0.000,0.000,0.0100,-2,0,0.00,0.00,0.00,0.0000,0.0000,0.0000,0.0000,0.0000,0.0000,0.0000,0.00,0.00,0.00,1.0610,0.1300,1.2120,1.2060,2.7080,0,0.0000,0.0000,0.0000,0.0000,0.0000,0,1,0
9962,0.0058,0.0195,0.0098,-0.0000,0.0402,0.0018,-0.76,0.49,0.24,0,4.138,0.451,0.069,0.208,0.012,-0.014,1.000,0.000,0.000,0.000,0.0100,3,4,0.00,0.00,0.00,0.0000,0.0000,0.0000,0.0000,0.0000,0.0000,0.0000,0.00,0.00,0.00,1.0610,0.1300,1.2160,1.2080,2.7080,0,0.0000,0.0000,0.0000,0.0000,0.0000,0,1,0
10013,0.0064,0.0213,0.0100,0.0043,0.0400,0.0019,-0.70,0.49,0.24,0,4.144,0.308,-0.241,-0.118,0.012,-0.012,1.000,0.000,0.000,0.000,0.0100,3,-6,0.00,0.00,0.00,0.0000,0.0000,0.0000,0.0000,0.0000,0.0000,0.0000,0.00,0.00,0.00,1.0670,0.1290,1.2160,1.2080,2.7050,0,0.0000,0.0000,0.0000,0.0000,0.0000,0,1,0
10064,0.0052,0.0212,0.0101,-0.0023,0.0299,0.0018,-0.61,0.45,0.25,0,4.138,0.238,-0.076,-0.220,0.008,-0.011,0.999,0.000,0.000,0.000,0.0100,-8,0,0.00,0.00,0.00,0.0000,0.0000,0.0000,0.0000,0.0000,0.0000,0.0000,0.00,0.00,0.00,1.0670,0.1290,1.2140,1.2050,2.7050,0,0.0000,0.0000,0.0000,0.0000,0.0000,0,1,0
10115,0.0061,0.0194,0.0102,0.0029,0.0131,0.0015,-0.57,0.47,0.25,0,4.138,0.314,-0.138,-0.310,0.009,-0.012,0.999,0.000,0.000,0.000,0.0120,-1,3,0.00,0.00,0.00,0.0000,0.0000,0.0000,0.0000,0.0000,0.0000,0.0000,0.00,0.00,0.00,1.0600,0.1270,1.2140,1.2050,2.7040,0,0.0000,0.0000,0.0000,0.0000,0.0000,0,1,0
10166,0.0067,0.0211,0.0110,0.0064,0.0166,0.0054,-0.52,0.48,0.25,0,4.138,0.027,0.008,0.210,0.008,-0.011,0.999,0.000,0.000,0.000,0.0080,-39,15,0.00,0.00,0.00,0.0000,0.0000,0.0000,0.0000,0.0000,0.0000,0.0000,0.00,0.00,0.00,1.0600,0.1270,1.2130,1.2100,2.7040,0,0.0000,0.0000,0.0000,0.0000,0.0000,0,1,0
10218,0.0069,0.0243,0.0100,0.0076,0.0274,-0.0014,-0.97,0.59,0.25,0,4.138,0.285,0.102,0.074,0.010,-0.014,0.999,0.000,0.000,0.000,0.0110,3,6,0.00,0.00,0.00,0.0000,0.0000,0.0000,0.0000,0.0000,0.0000,0.0000,0.00,0.00,0.00,1.0660,0.1270,1.2130,1.2100,2.7060,0,0.0000,0.0000,0.0000,0.0000,0.0000,0,1,0
10268,0.0040,0.0338,0.0104,-0.0059,0.0631,0.0004,-0.80,0.59,0.25,0,4.138,0.326,-0.015,0.251,0.009,-0.012,0.999,0.000,0.000,0.000,0.0110,-10,5,0.00,0.00,0.00,0.0000,0.0000,0.0000,0.0000,0.0000,0.0000,0.0000,0.00,0.00,0.00,1.0660,0.1270,1.2180,1.2060,2.7060,0,0.0000,0.0000,0.0000,0.0000,0.0000,0,1,0
10319,0.0035,0.0290,0.0110,-0.0059,0.0243,0.0038,-0.60,0.58,0.25,0,4.144,0.347,0.040,-0.090,0.009,-0.012,0.999,0.000,0.000,0.000,0.0080,6,1,0.00,0.00,0.00,0.0000,0.0000,0.0000,0.0000,0.0000,0.0000,0.0000,0.00,0.00,0.00,1.0640,0.1300,1.2180,1.2060,2.7000,0,0.0000,0.0000,0.0000,0.0000,0.0000,0,1,0
10370,0.0025,0.0311,0.0099,-0.0081,0.0277,-0.0030,-0.47,0.55,0.25,0,4.138,0.317,0.270,-0.161,0.009,-0.011,0.999,0.000,0.000,0.000,0.0090,5,-1,0.00,0.00,0.00,0.0000,0.0000,0.0000,0.0000,0.0000,0.0000,0.0000,0.00,0.00,0.00,1.0640,0.1300,1.2140,1.2080,2.7000,0,0.0000,0.0000,0.0000,0.0000,0.0000,0,1,0
10422,0.0037,0.0206,0.0093,-0.0003,-0.0323,-0.0049,-0.04,0.47,0.24,0,4.138,0.454,0.213,-0.040,0.009,-0.011,0.999,0.000,0.000,0.000,0.0120,7,4,0.00,0.00,0.00,0.0000,0.0000,0.0000,0.0000,0.0000,0.0000,0.0000,0.00,0.00,0.00,1.0660,0.1280,1.2140,1.2080,2.7070,0,0.0000,0.0000,0.0000,0.0000,0.0000,0,1,0
10472,0.0033,0.0213,0.0104,-0.0023,-0.0254,0.0014,-0.12,0.49,0.24,0,4.138,0.457,-0.111,0.103,0.008,-0.010,1.001,0.000,0.000,0.000,0.0120,5,3,0.00,0.00,0.00,0.0000,0.0000,0.0000,0.0000,0.0000,0.0000,0.0000,0.00,0.00,0.00,1.0660,0.1280,1.2110,1.2050,2.7070,0,0.0000,0.0000,0.0000,0.0000,0.0000,0,1,0
10523,0.0015,0.0225,0.0113,-0.0108,-0.0175,0.0048,-0.28,0.53,0.25,0,4.138,0.157,0.142,0.500,0.009,-0.012,0.997,0.000,0.000,0.000,0.0120,-3,0,0.00,0.00,0.00,0.0000,0.0000,0.0000,0.0000,0.0000,0.0000,0.0000,0.00,0.00,0.00,1.0670,0.1280,1.2110,1.2050,2.7090,0,0.0000,0.0000,0.0000,0.0000,0.0000,0,1,0
10574,0.0017,0.0241,0.0118,-0.0076,-0.0097,0.0059,-0.33,0.52,0.25,0,4.133,0.146,0.123,0.363,0.010,-0.011,1.001,0.000,0.000,0.000,0.0120,-21,6,0.00,0.00,0.00,0.0000,0.0000,0.0000,0.0000,0.0000,0.0000,0.0000,0.00,0.00,0.00,1.0670,0.1280,1.2180,1.2090,2.7090,0,0.0000,0.0000,0.0000,0.0000,0.0000,0,1,0
10625,0.0028,0.0216,0.0121,0.0000,-0.0232,0.0066,-0.41,0.52,0.25,0,4.144,0.289,0.044,0.010,0.011,-0.009,1.000,0.000,0.000,0.000,0.0100,2,0,0.00,0.00,0.00,0.0000,0.0000,0.0000,0.0000,0.0000,0.0000,0.0000,0.00,0.00,0.00,1.0620,0.1280,1.2180,1.2090,2.7090,0,0.0000,0.0000,0.0000,0.0000,0.0000,0,1,0
10676,0.0013,0.0259,0.0115,-0.0061,-0.0005,0.0014,-0.37,0.51,0.26,0,4.138,0.280,0.133,0.008,0.010,-0.011,0.999,0.000,0.000,0.000,0.0130,4,4,0.00,0.00,0.00,0.0000,0.0000,0.0000,0.0000,0.0000,0.0000,0.0000,0.00,0.00,0.00,1.0620,0.1280,1.2200,1.2070,2.7090,0,0.0000,0.0000,0.0000,0.0000,0.0000,0,1,0
10727,0.0024,0.0267,0.0122,0.0008,0.0022,0.0048,-0.37,0.49,0.25,0,4.144,0.102,0.062,0.075,0.012,-0.012,1.003,0.000,0.000,0.000,0.0100,7,1,0.00,0.00,0.00,0.0000,0.0000,0.0000,0.0000,0.0000,0.0000,0.0000,0.00,0.00,0.00,1.0650,0.1260,1.2200,1.2070,2.7030,0,0.0000,0.0000,0.0000,0.0000,0.0000,0,1,0
10778,0.0020,0.0269,0.0115,0.0004,0.0015,0.0001,-0.34,0.47,0.26,0,4.138,0.131,0.135,0.339,0.012,-0.013,1.000,0.000,0.000,0.000,0.0110,-5,0,0.00,0.00,0.00,0.0000,0.0000,0.0000,0.0000,0.0000,0.0000,0.0000,0.00,0.00,0.00,1.0650,0.1260,1.2130,1.2080,2.7030,0,0.0000,0.0000,0.0000,0.0000,0.0000,0,1,0
10829,0.0018,0.0251,0.0113,0.0003,-0.0100,-0.0007,-0.37,0.46,0.26,0,4.138,0.304,-0.046,-0.045,0.009,-0.012,1.000,0.000,0.000,0.000,0.0080,0,4,0.00,0.00,0.00,0.0000,0.0000,0.0000,0.0000,0.0000,0.0000,0.0000,0.00,0.00,0.00,1.0650,0.1270,1.2130,1.2080,2.7070,0,0.0000,0.0000,0.0000,0.0000,0.0000,0,1,0
10880,0.0026,0.0328,0.0098,0.0050,0.0328,-0.0082,-0.64,0.46,0.26,0,4.138,0.252,0.218,0.125,0.011,-0.010,1.002,0.000,0.000,0.000,0.0100,-8,5,0.00,0.00,0.00,0.0000,0.0000,0.0000,0.0000,0.0000,0.0000,0.0000,0.00,0.00,0.00,1.0650,0.1270,1.2170,1.2090,2.7070,0,0.0000,0.0000,0.0000,0.0000,0.0000,0,1,0
10931,0.0034,0.0312,0.0098,0.0095,0.0151,-0.0057,-0.57,0.44,0.27,0,4.144,0.292,0.002,-0.229,0.009,-0.010,1.000,0.000,0.000,0.000,0.0080,-38,2,0.00,0.00,0.00,0.0000,0.0000,0.0000,0.0000,0.0000,0.0000,0.0000,0.00,0.00,0.00,1.0660,0.1300,1.2170,1.2090,2.7110,0,0.0000,0.0000,0.0000,0.0000,0.0000,0,1,0
10982,0.0044,0.0288,0.0090,0.0159,-0.0040,-0.0092,-0.68,0.37,0.26,0,4.138,0.280,0.023,0.013,0.010,-0.010,1.001,0.000,0.000,0.000,0.0100,-26,0,0.00,0.00,0.00,0.0000,0.0000,0.0000,0.0000,0.0000,0.0000,0.0000,0.00,0.00,0.00,1.0660,0.1300,1.2140,1.2070,2.7110,0,0.0000,0.0000,0.0000,0.0000,0.0000,0,1,0
11033,0.0042,0.0420,0.0091,0.0126,0.0642,-0.0069,-1.07,0.38,0.26,0,4.144,0.346,0.058,0.056,0.011,-0.012,1.001,0.000,0.000,0.000,0.0140,0,0,0.00,0.00,0.00,0.0000,0.0000,0.0000,0.0000,0.0000,0.0000,0.0000,0.00,0.00,0.00,1.0650,0.1290,1.2140,1.2070,2.7040,0,0.0000,0.0000,0.0000,0.0000,0.0000,0,1,0
11085,0.0048,0.0481,0.0109,0.0144,0.0783,0.0045,-0.94,0.37,0.27,0,4.138,0.444,0.176,-0.019,0.006,-0.012,1.001,0.000,0.000,0.000,0.0090,5,-1,0.00,0.00,0.00,0.0000,0.0000,0.0000,0.0000,0.0000,0.0000,0.0000,0.00,0.00,0.00,1.0650,0.1290,1.2130,1.2080,2.7040,0,0.0000,0.0000,0.0000,0.0000,0.0000,0,1,0
11136,0.0048,0.0460,0.0107,0.0116,0.0477,0.0021,-0.59,0.39,0.27,0,4.138,0.183,0.142,0.074,0.009,-0.009,0.999,0.000,0.000,0.000,0.0120,-2,-2,0.00,0.00,0.00,0.0000,0.0000,0.0000,0.0000,0.0000,0.0000,0.0000,0.00,0.00,0.00,1.0640,0.1270,1.2130,1.2080,2.7020,0,0.0000,0.0000,0.0000,0.0000,0.0000,0,1,0
11187,0.0041,0.0491,0.0114,0.0059,0.0492,0.0047,-0.65,0.42,0.26,0,4.138,0.306,0.101,-0.386,0.008,-0.011,0.997,0.000,0.000,0.000,0.0100,-10,5,0.00,0.00,0.00,0.0000,0.0000,0.0000,0.0000,0.0000,0.0000,0.0000,0.00,0.00,0.00,1.0640,0.1270,1.2130,1.2050,2.7020,0,0.0000,0.0000,0.0000,0.0000,0.0000,0,1,0
11239,0.0051,0.0468,0.0111,0.0106,0.0252,0.0024,-0.54,0.46,0.26,0,4.144,0.054,0.025,0.223,0.009,-0.010,0.997,0.000,0.000,0.000,0.0110,-2,2,0.00,0.00,0.00,0.0000,0.0000,0.0000,0.0000,0.0000,0.0000,0.0000,0.00,0.00,0.00,1.0600,0.1270,1.2130,1.2050,2.7040,0,0.0000,0.0000,0.0000,0.0000,0.0000,0,1,0
11290,0.0041,0.0502,0.0111,0.0042,0.0345,0.0017,-0.48,0.42,0.26,0,4.138,0.069,0.187,0.266,0.010,-0.013,1.000,0.000,0.000,0.000,0.0120,-8,0,0.00,0.00,0.00,0.0000,0.0000,0.0000,0.0000,0.0000,0.0000,0.0000,0.00,0.00,0.00,1.0600,0.1270,1.2190,1.2100,2.7040,0,0.0000,0.0000,0.0000,0.0000,0.0000,0,1,0
11341,0.0050,0.0483,0.0117,0.0080,0.0129,0.0040,-0.42,0.44,0.27,0,4.144,0.061,0.133,0.260,0.009,-0.012,1.002,0.000,0.000,0.000,0.0120,-1,3,0.00,0.00,0.00,0.0000,0.0000,0.0000,0.0000,0.0000,0.0000,0.0000,0.00,0.00,0.00,1.0610,0.1260,1.2190,1.2100,2.7130,0,0.0000,0.0000,0.0000,0.0000,0.0000,0,1,0
11392,0.0049,0.0463,0.0119,0.0066,-0.0041,0.0046,-0.23,0.48,0.28,0,4.138,0.317,0.035,0.035,0.010,-0.013,1.000,0.000,0.000,0.000,0.0070,-18,0,0.00,0.00,0.00,0.0000,0.0000,0.0000,0.0000,0.0000,0.0000,0.0000,0.00,0.00,0.00,1.0610,0.1260,1.2140,1.2080,2.7130,0,0.0000,0.0000,0.0000,0.0000,0.0000,0,1,0
11443,0.0049,0.0534,0.0100,0.0057,0.0332,-0.0070,-0.67,0.45,0.27,0,4.138,0.418,-0.016,-0.134,0.011,-0.013,0.998,0.000,0.000,0.000,0.0110,-10,4,0.00,0.00,0.00,0.0000,0.0000,0.0000,0.0000,0.0000,0.0000,0.0000,0.00,0.00,0.00,1.0590,0.1260,1.2140,1.2080,2.7060,0,0.0000,0.0000,0.0000,0.0000,0.0000,0,1,0
11495,0.0053,0.0561,0.0103,0.0069,0.0351,-0.0040,-0.61,0.48,0.28,0,4.133,0.199,-0.044,0.106,0.010,-0.010,1.001,0.000,0.000,0.000,0.0080,-1,2,0.00,0.00,0.00,0.0000,0.0000,0.0000,0.0000,0.0000,0.0000,0.0000,0.00,0.00,0.00,1.0590,0.1260,1.2110,1.2110,2.7060,0,0.0000,0.0000,0.0000,0.0000,0.0000,0,1,0
11545,0.0054,0.0576,0.0092,0.0071,0.0312,-0.0080,-0.49,0.46,0.28,0,4.144,0.096,0.398,0.090,0.009,-0.009,1.000,0.000,0.000,0.000,0.0100,-6,10,0.00,0.00,0.00,0.0000,0.0000,0.0000,0.0000,0.0000,0.0000,0.0000,0.00,0.00,0.00,1.0650,0.1270,1.2110,1.2110,2.7100,0,0.0000,0.0000,0.0000,0.0000,0.0000,0,1,0
11596,0.0063,0.0570,0.0094,0.0112,0.0188,-0.0051,-0.44,0.50,0.29,0,4.138,0.227,-0.173,-0.076,0.009,-0.010,1.000,0.000,0.000,0.000,0.0110,3,5,0.00,0.00,0.00,0.0000,0.0000,0.0000,0.0000,0.0000,0.0000,0.0000,0.00,0.00,0.00,1.0650,0.1270,1.2170,1.2110,2.7100,0,0.0000,0.0000,0.0000,0.0000,0.0000,0,1,0
11647,0.0052,0.0588,0.0099,0.0044,0.0214,-0.0010,-0.37,0.50,0.29,0,4.144,0.121,0.104,0.317,0.011,-0.010,1.000,0.000,0.000,0.000,0.0090,0,-1,0.00,0.00,0.00,0.0000,0.0000,0.0000,0.0000,0.0000,0.0000,0.0000,0.00,0.00,0.00,1.0610,0.1290,1.2170,1.2110,2.7050,0,0.0000,0.0000,0.0000,0.0000,0.0000,0,1,0
11698,0.0051,0.0590,0.0095,0.0035,0.0156,-0.0036,-0.31,0.46,0.28,0,4.138,0.280,0.173,0.115,0.009,-0.012,0.999,0.000,0.000,0.000,0.0120,7,3,0.00,0.00,0.00,0.0000,0.0000,0.0000,0.0000,0.0000,0.0000,0.0000,0.00,0.00,0.00,1.0610,0.1290,1.2150,1.2100,2.7050,0,0.0000,0.0000,0.0000,0.0000,0.0000,0,1,0
11749,0.0067,0.0592,0.0105,0.0120,0.0122,0.0026,-0.28,0.43,0.28,0,4.138,0.399,0.043,-0.182,0.009,-0.011,0.999,0.000,0.000,0.000,0.0100,-3,0,0.00,0.00,0.00,0.0000,0.0000,0.0000,0.0000,0.0000,0.0000,0.0000,0.00,0.00,0.00,1.0650,0.1270,1.2150,1.2100,2.7070,0,0.0000,0.0000,0.0000,0.0000,0.0000,0,1,0
11800,0.0043,0.0574,0.0104,-0.0019,-0.0030,0.0013,-0.27,0.50,0.28,0,4.138,0.184,0.176,0.298,0.008,-0.012,1.000,0.000,0.000,0.000,0.0120,-10,3,0.00,0.00,0.00,0.0000,0.0000,0.0000,0.0000,0.0000,0.0000,0.0000,0.00,0.00,0.00,1.0650,0.1270,1.2190,1.2090,2.7070,0,0.0000,0.0000,0.0000,0.0000,0.0000,0,1,0
11851,0.0092,0.0514,0.0110,0.0268,-0.0391,0.0040,-0.07,0.31,0.28,0,4.144,0.245,0.385,0.119,0.009,-0.011,1.002,0.000,0.000,0.000,0.0080,5,11,0.00,0.00,0.00,0.0000,0.0000,0.0000,0.0000,0.0000,0.0000,0.0000,0.00,0.00,0.00,1.0670,0.1250,1.2190,1.2090,2.7030,0,0.0000,0.0000,0.0000,0.0000,0.0000,0,1,0
11902,0.0082,0.0543,0.0102,0.0167,-0.0189,-0.0019,-0.12,0.47,0.29,0,4.138,0.407,-0.015,0.081,0.010,-0.014,1.000,0.000,0.000,0.000,0.0110,31,20,0.00,0.00,0.00,0.0000,0.0000,0.0000,0.0000,0.0000,0.0000,0.0000,0.00,0.00,0.00,1.0670,0.1250,1.2130,1.2090,2.7030,0,0.0000,0.0000,0.0000,0.0000,0.0000,0,1,0
11953,0.0077,0.0432,0.0101,0.0119,-0.0770,-0.0018,0.54,0.60,0.31,0,4.144,0.316,0.466,-0.064,0.009,-0.012,0.999,0.000,0.000,0.000,0.0120,0,1,0.00,0.00,0.00,0.0000,0.0000,0.0000,0.0000,0.0000,0.0000,0.0000,0.00,0.00,0.00,1.0690,0.1280,1.2130,1.2090,2.7040,0,0.0000,0.0000,0.0000,0.0000,0.0000,0,1,0
12004,0.0041,0.0343,0.0107,-0.0062,-0.1075,0.0014,0.41,0.56,0.31,0,4.138,0.321,0.240,0.077,0.008,-0.012,1.000,0.000,0.000,0.000,0.0100,16,20,0.00,0.00,0.00,0.0000,0.0000,0.0000,0.0000,0.0000,0.0000,0.0000,0.00,0.00,0.00,1.0690,0.1280,1.2150,1.2080,2.7040,0,0.0000,0.0000,0.0000,0.0000,0.0000,0,1,0
12055,0.0046,0.0313,0.0108,-0.0017,-0.1070,0.0005,0.50,0.69,0.32,0,4.138,0.262,0.072,-0.020,0.012,-0.011,1.000,0.000,0.000,0.000,0.0100,-5,1,0.00,0.00,0.00,0.0000,0.0000,0.0000,0.0000,0.0000,0.0000,0.0000,0.00,0.00,0.00,1.0610,0.1270,1.2150,1.2080,2.6980,0,0.0000,0.0000,0.0000,0.0000,0.0000,0,1,0
12106,0.0009,0.0275,0.0108,-0.0164,-0.1047,0.0006,0.23,0.61,0.32,0,4.133,0.267,-0.165,0.070,0.012,-0.012,0.999,0.000,0.000,0.000,0.0110,16,-1,0.00,0.00,0.00,0.0000,0.0000,0.0000,0.0000,0.0000,0.0000,0.0000,0.00,0.00,0.00,1.0610,0.1270,1.2150,1.2100,2.6980,0,0.0000,0.0000,0.0000,0.0000,0.0000,0,1,0
12158,0.0010,0.0238,0.0110,-0.0118,-0.1060,0.0015,0.39,0.56,0.31,0,4.144,0.331,-0.035,-0.236,0.009,-0.011,0.998,0.000,0.000,0.000,0.0100,-2,0,0.00,0.00,0.00,0.0000,0.0000,0.0000,0.0000,0.0000,0.0000,0.0000,0.00,0.00,0.00,1.0660,0.1280,1.2150,1.2100,2.7000,0,0.0000,0.0000,0.0000,0.0000,0.0000,0,1,0
12208,0.0012,0.0198,0.0109,-0.0071,-0.1042,0.0008,0.16,0.53,0.31,0,4.138,0.030,0.117,0.184,0.010,-0.011,1.000,0.000,0.000,0.000,0.0070,-31,0,0.00,0.00,0.00,0.0000,0.0000,0.0000,0.0000,0.0000,0.0000,0.0000,0.00,0.00,0.00,1.0660,0.1280,1.2150,1.2080,2.7000,0,0.0000,0.0000,0.0000,0.0000,0.0000,0,1,0
12259,0.0019,0.0130,0.0091,-0.0014,-0.1213,-0.0099,-0.02,0.49,0.31,0,4.144,0.135,0.025,0.388,0.009,-0.011,0.999,0.000,0.000,0.000,0.0080,-5,4,0.00,0.00,0.00,0.0000,0.0000,0.0000,0.0000,0.0000,0.0000,0.0000,0.00,0.00,0.00,1.0590,0.1270,1.2150,1.2080,2.7040,0,0.0000,0.0000,0.0000,0.0000,0.0000,0,1,0
12310,0.0018,0.0188,0.0092,-0.0011,-0.0717,-0.0064,-0.18,0.51,0.32,0,4.138,0.421,0.257,-0.134,0.010,-0.011,0.998,0.000,0.000,0.000,0.0100,13,-1,0.00,0.00,0.00,0.0000,0.0000,0.0000,0.0000,0.0000,0.0000,0.0000,0.00,0.00,0.00,1.0590,0.1270,1.2110,1.2090,2.7040,0,0.0000,0.0000,0.0000,0.0000,0.0000,0,1,0
12361,0.0022,0.0244,0.0096,0.0014,-0.0296,-0.0014,-0.35,0.44,0.32,0,4.138,0.202,0.145,0.096,0.009,-0.014,1.000,0.000,0.000,0.000,0.0110,-5,0,0.00,0.00,0.00,0.0000,0.0000,0.0000,0.0000,0.0000,0.0000,0.0000,0.00,0.00,0.00,1.0620,0.1270,1.2110,1.2090,2.7070,0,0.0000,0.0000,0.0000,0.0000,0.0000,0,1,0
12412,0.0029,0.0226,0.0102,0.0053,-0.0323,0.0019,-0.50,0.43,0.33,0,4.138,0.030,0.102,-0.016,0.012,-0.011,0.998,0.000,0.000,0.000,0.0100,-1,0,0.00,0.00,0.00,0.0000,0.0000,0.0000,0.0000,0.0000,0.0000,0.0000,0.00,0.00,0.00,1.0620,0.1270,1.2190,1.2050,2.7070,0,0.0000,0.0000,0.0000,0.0000,0.0000,0,1,0
12463,0.0038,0.0250,0.0102,0.0103,-0.0141,0.0012,-0.59,0.39,0.33,0,4.144,0.360,0.418,0.279,0.011,-0.013,0.999,0.000,0.000,0.000,0.0090,-10,0,0.00,0.00,0.00,0.0000,0.0000,0.0000,0.0000,0.0000,0.0000,0.0000,0.00,0.00,0.00,1.0650,0.1280,1.2190,1.2050,2.7120,0,0.0000,0.0000,0.0000,0.0000,0.0000,0,1,0
12515,0.0029,0.0246,0.0098,0.0054,-0.0143,-0.0018,-0.66,0.44,0.33,0,4.138,0.415,0.089,0.020,0.010,-0.012,1.000,0.000,0.000,0.000,0.0070,-10,6,0.00,0.00,0.00,0.0000,0.0000,0.0000,0.0000,0.0000,0.0000,0.0000,0.00,0.00,0.00,1.0650,0.1280,1.2140,1.2080,2.7120,0,0.0000,0.0000,0.0000,0.0000,0.0000,0,1,0
12566,0.0044,0.0237,0.0086,0.0132,-0.0167,-0.0074,-0.62,0.43,0.33,0,4.144,0.173,-0.214,0.128,0.011,-0.013,0.999,0.000,0.000,0.000,0.0100,-6,2,0.00,0.00,0.00,0.0000,0.0000,0.0000,0.0000,0.0000,0.0000,0.0000,0.00,0.00,0.00,1.0640,0.1270,1.2140,1.2080,2.7050,0,0.0000,0.0000,0.0000,0.0000,0.0000,0,1,0
12617,0.0035,0.0248,0.0090,0.0079,-0.0094,-0.0038,-0.62,0.44,0.33,0,4.138,0.073,-0.138,0.165,0.010,-0.013,1.000,0.000,0.000,0.000,0.0090,21,0,0.00,0.00,0.00,0.0000,0.0000,0.0000,0.0000,0.0000,0.0000,0.0000,0.00,0.00,0.00,1.0640,0.1270,1.2160,1.2050,2.7050,0,0.0000,0.0000,0.0000,0.0000,0.0000,0,1,0
12668,0.0027,0.0249,0.0089,0.0032,-0.0075,-0.0030,-0.31,0.42,0.34,0,4.144,0.313,0.115,0.204,0.009,-0.010,0.999,0.000,0.000,0.000,0.0110,-3,-1,0.00,0.00,0.00,0.0000,0.0000,0.0000,0.0000,0.0000,0.0000,0.0000,0.00,0.00,0.00,1.0670,0.1240,1.2160,1.2050,2.7010,0,0.0000,0.0000,0.0000,0.0000,0.0000,0,1,0
12719,0.0036,0.0176,0.0096,0.0075,-0.0405,0.0010,-0.36,0.42,0.34,0,4.138,0.387,0.082,-0.080,0.008,-0.012,0.999,0.000,0.000,0.000,0.0090,4,5,0.00,0.00,0.00,0.0000,0.0000,0.0000,0.0000,0.0000,0.0000,0.0000,0.00,0.00,0.00,1.0670,0.1240,1.2160,1.2080,2.7010,0,0.0000,0.0000,0.0000,0.0000,0.0000,0,1,0
12770,0.0041,0.0146,0.0094,0.0084,-0.0482,-0.0011,-0.25,0.47,0.34,0,4.144,0.266,0.108,0.300,0.012,-0.008,0.999,0.000,0.000,0.000,0.0090,-2,0,0.00,0.00,0.00,0.0000,0.0000,0.0000,0.0000,0.0000,0.0000,0.0000,0.00,0.00,0.00,1.0690,0.1310,1.2160,1.2080,2.7160,0,0.0000,0.0000,0.0000,0.0000,0.0000,0,1,0
12822,0.0026,0.0171,0.0094,0.0008,-0.0250,-0.0006,-0.48,0.48,0.34,0,4.138,0.396,0.165,0.067,0.009,-0.013,0.998,0.000,0.000,0.000,0.0100,-11,5,0.00,0.00,0.00,0.0000,0.0000,0.0000,0.0000,0.0000,0.0000,0.0000,0.00,0.00,0.00,1.0690,0.1310,1.2180,1.2090,2.7160,0,0.0000,0.0000,0.0000,0.0000,0.0000,0,1,0
12873,0.0037,0.0082,0.0097,0.0075,-0.0644,0.0000,-0.26,0.48,0.34,0,4.144,0.121,0.380,-0.276,0.009,-0.014,0.998,0.000,0.000,0.000,0.0090,-2,1,0.00,0.00,0.00,0.0000,0.0000,0.0000,0.0000,0.0000,0.0000,0.0000,0.00,0.00,0.00,1.0640,0.1280,1.2180,1.2090,2.7130,0,0.0000,0.0000,0.0000,0.0000,0.0000,0,1,0
12924,0.0026,0.0098,0.0096,0.0020,-0.0453,-0.0006,-0.34,0.48,0.34,0,4.138,0.279,0.142,0.193,0.011,-0.012,1.000,0.000,0.000,0.000,0.0080,-1,3,0.00,0.00,0.00,0.0000,0.0000,0.0000,0.0000,0.0000,0.0000,0.0000,0.00,0.00,0.00,1.0640,0.1280,1.2140,1.2080,2.7130,0,0.0000,0.0000,0.0000,0.0000,0.0000,0,1,0
12976,0.0035,0.0109,0.0090,0.0068,-0.0310,-0.0038,-0.45,0.47,0.34,0,4.144,0.320,0.039,-0.111,0.011,-0.013,1.000,0.000,0.000,0.000,0.0130,1,0,0.00,0.00,0.00,0.0000,0.0000,0.0000,0.0000,0.0000,0.0000,0.0000,0.00,0.00,0.00,1.0670,0.1290,1.2140,1.2080,2.7090,0,0.0000,0.0000,0.0000,0.0000,0.0000,0,1,0
13027,0.0027,0.0092,0.0105,0.0020,-0.0335,0.0043,-0.41,0.47,0.34,0,4.138,-0.194,0.050,0.404,0.008,-0.013,0.999,0.000,0.000,0.000,0.0150,13,0,0.00,0.00,0.00,0.0000,0.0000,0.0000,0.0000,0.0000,0.0000,0.0000,0.00,0.00,0.00,1.0670,0.1290,1.2140,1.2070,2.7090,0,0.0000,0.0000,0.0000,0.0000,0.0000,0,1,0
13078,0.0027,-0.0007,0.0124,0.0021,-0.0824,0.0115,0.06,0.47,0.35,0,4.144,0.290,0.195,-0.073,0.009,-0.011,1.000,0.000,0.000,0.000,0.0120,8,4,0.00,0.00,0.00,0.0000,0.0000,0.0000,0.0000,0.0000,0.0000,0.0000,0.00,0.00,0.00,1.0640,0.1280,1.2140,1.2070,2.7120,0,0.0000,0.0000,0.0000,0.0000,0.0000,0,1,0
13129,0.0039,-0.0036,0.0128,0.0084,-0.0795,0.0108,-0.05,0.46,0.35,0,4.133,0.332,0.126,-0.173,0.011,-0.014,1.000,0.000,0.000,0.000,0.0090,5,2,0.00,0.00,0.00,0.0000,0.0000,0.0000,0.0000,0.0000,0.0000,0.0000,0.00,0.00,0.00,1.0640,0.1280,1.2200,1.2060,2.7120,0,0.0000,0.0000,0.0000,0.0000,0.0000,0,1,0
13180,0.0034,-0.0033,0.0118,0.0054,-0.0620,0.0026,-0.23,0.47,0.36,0,4.144,0.139,0.173,0.203,0.010,-0.013,1.000,0.000,0.000,0.000,0.0100,-5,4,0.00,0.00,0.00,0.0000,0.0000,0.0000,0.0000,0.0000,0.0000,0.0000,0.00,0.00,0.00,1.0680,0.1260,1.2200,1.2060,2.7070,0,0.0000,0.0000,0.0000,0.0000,0.0000,0,1,0
13232,0.0028,-0.0052,0.0112,0.0017,-0.0592,-0.0010,-0.36,0.52,0.35,0,4.138,0.173,-0.074,0.277,0.006,-0.015,0.998,0.000,0.000,0.000,0.0090,0,8,0.00,0.00,0.00,0.0000,0.0000,0.0000,0.0000,0.0000,0.0000,0.0000,0.00,0.00,0.00,1.0680,0.1260,1.2200,1.2090,2.7070,0,0.0000,0.0000,0.0000,0.0000,0.0000,0,1,0
13283,0.0034,-0.0042,0.0104,0.0045,-0.0435,-0.0049,-0.44,0.52,0.36,0,4.138,0.387,0.236,-0.068,0.009,-0.011,1.000,0.000,0.000,0.000,0.0140,0,3,0.00,0.00,0.00,0.0000,0.0000,0.0000,0.0000,0.0000,0.0000,0.0000,0.00,0.00,0.00,1.0670,0.1270,1.2200,1.2090,2.7110,0,0.0000,0.0000,0.0000,0.0000,0.0000,0,1,0
13334,0.0032,-0.0050,0.0118,0.0039,-0.0384,0.0034,-0.48,0.48,0.36,0,4.133,0.366,0.267,0.141,0.010,-0.011,1.001,0.000,0.000,0.000,0.0070,0,4,0.00,0.00,0.00,0.0000,0.0000,0.0000,0.0000,0.0000,0.0000,0.0000,0.00,0.00,0.00,1.0670,0.1270,1.2170,1.2080,2.7110,0,0.0000,0.0000,0.0000,0.0000,0.0000,0,1,0
13385,0.0036,-0.0042,0.0099,0.0062,-0.0253,-0.0073,-0.57,0.46,0.36,0,4.144,0.486,0.312,-0.100,0.009,-0.011,0.999,0.000,0.000,0.000,0.0100,-13,5,0.00,0.00,0.00,0.0000,0.0000,0.0000,0.0000,0.0000,0.0000,0.0000,0.00,0.00,0.00,1.0650,0.1290,1.2170,1.2080,2.7050,0,0.0000,0.0000,0.0000,0.0000,0.0000,0,1,0
13436,0.0028,-0.0010,0.0097,0.0016,-0.0013,-0.0063,-0.85,0.51,0.35,0,4.138,0.105,0.094,0.164,0.009,-0.011,1.001,0.000,0.000,0.000,0.0150,-10,4,0.00,0.00,0.00,0.0000,0.0000,0.0000,0.0000,0.0000,0.0000,0.0000,0.00,0.00,0.00,1.0650,0.1290,1.2170,1.2010,2.7050,0,0.0000,0.0000,0.0000,0.0000,0.0000,0,1,0
13487,0.0028,0.0034,0.0118,0.0017,0.0214,0.0066,-0.96,0.49,0.35,0,4.144,-0.034,-0.137,-0.004,0.009,-0.013,0.999,0.000,0.000,0.000,0.0110,-5,5,0.00,0.00,0.00,0.0000,0.0000,0.0000,0.0000,0.0000,0.0000,0.0000,0.00,0.00,0.00,1.0650,0.1290,1.2170,1.2010,2.7060,0,0.0000,0.0000,0.0000,0.0000,0.0000,0,1,0
13538,0.0018,0.0002,0.0118,-0.0029,-0.0001,0.0049,-0.55,0.52,0.35,0,4.138,0.377,0.236,0.141,0.009,-0.011,0.999,0.000,0.000,0.000,0.0110,0,3,0.00,0.00,0.00,0.0000,0.0000,0.0000,0.0000,0.0000,0.0000,0.0000,0.00,0.00,0.00,1.0650,0.1290,1.2120,1.2050,2.7060,0,0.0000,0.0000,0.0000,0.0000,0.0000,0,1,0
13589,0.0030,0.0031,0.0118,0.0052,0.0178,0.0030,-0.80,0.45,0.35,0,4.138,0.188,0.041,0.001,0.011,-0.012,1.000,0.000,0.000,0.000,0.0060,9,2,0.00,0.00,0.00,0.0000,0.0000,0.0000,0.0000,0.0000,0.0000,0.0000,0.00,0.00,0.00,1.0660,0.1260,1.2120,1.2050,2.7170,0,0.0000,0.0000,0.0000,0.0000,0.0000,0,1,0
13641,0.0028,0.0032,0.0095,0.0043,0.0155,-0.0095,-0.68,0.45,0.36,0,4.133,0.190,0.108,0.371,0.010,-0.011,1.001,0.000,0.000,0.000,0.0090,4,3,0.00,0.00,0.00,0.0000,0.0000,0.0000,0.0000,0.0000,0.0000,0.0000,0.00,0.00,0.00,1.0660,0.1260,1.2190,1.2060,2.7170,0,0.0000,0.0000,0.0000,0.0000,0.0000,0,1,0
13692,0.0037,0.0012,0.0090,0.0089,0.0017,-0.0092,-0.60,0.43,0.36,0,4.144,0.078,0.063,0.144,0.011,-0.010,0.999,0.000,0.000,0.000,0.0100,-3,3,0.00,0.00,0.00,0.0000,0.0000,0.0000,0.0000,0.0000,0.0000,0.0000,0.00,0.00,0.00,1.0690,0.1270,1.2190,1.2060,2.7090,0,0.0000,0.0000,0.0000,0.0000,0.0000,0,1,0
13743,0.0029,-0.0041,0.0091,0.0040,-0.0275,-0.0066,-0.43,0.47,0.36,0,4.138,0.131,0.425,0.158,0.008,-0.010,0.999,0.000,0.000,0.000,0.0090,35,7,0.00,0.00,0.00,0.0000,0.0000,0.0000,0.0000,0.0000,0.0000,0.0000,0.00,0.00,0.00,1.0690,0.1270,1.2130,1.2030,2.7090,0,0.0000,0.0000,0.0000,0.0000,0.0000,0,1,0
13794,0.0033,0.0021,0.0091,0.0061,0.0107,-0.0055,-0.38,0.49,0.36,0,4.144,0.107,0.300,0.242,0.011,-0.014,0.999,0.000,0.000,0.000,0.0120,3,1,0.00,0.00,0.00,0.0000,0.0000,0.0000,0.0000,0.0000,0.0000,0.0000,0.00,0.00,0.00,1.0670,0.1270,1.2130,1.2030,2.7060,0,0.0000,0.0000,0.0000,0.0000,0.0000,0,1,0
13845,0.0017,-0.0054,0.0103,-0.0021,-0.0279,0.0012,-0.38,0.49,0.37,0,4.138,0.129,0.020,0.138,0.009,-0.011,1.001,0.000,0.000,0.000,0.0120,5,2,0.00,0.00,0.00,0.0000,0.0000,0.0000,0.0000,0.0000,0.0000,0.0000,0.00,0.00,0.00,1.0670,0.1270,1.2110,1.2080,2.7060,0,0.0000,0.0000,0.0000,0.0000,0.0000,0,1,0
13896,0.0005,-0.0098,0.0112,-0.0079,-0.0462,0.0061,-0.23,0.54,0.37,0,4.138,0.212,-0.134,-0.148,0.011,-0.011,0.998,0.000,0.000,0.000,0.0110,-1,-3,0.00,0.00,0.00,0.0000,0.0000,0.0000,0.0000,0.0000,0.0000,0.0000,0.00,0.00,0.00,1.0680,0.1280,1.2110,1.2080,2.7090,0,0.0000,0.0000,0.0000,0.0000,0.0000,0,1,0
13947,-0.0003,-0.0125,0.0114,-0.0101,-0.0510,0.0048,-0.27,0.51,0.37,0,4.133,0.341,0.046,-0.043,0.010,-0.012,1.000,0.000,0.000,0.000,0.0120,13,0,0.00,0.00,0.00,0.0000,0.0000,0.0000,0.0000,0.0000,0.0000,0.0000,0.00,0.00,0.00,1.0680,0.1280,1.2150,1.2060,2.7090,0,0.0000,0.0000,0.0000,0.0000,0.0000,0,1,0
13998,0.0017,-0.0141,0.0119,0.0035,-0.0490,0.0065,-0.18,0.43,0.37,0,4.144,0.095,0.090,0.032,0.009,-0.010,0.998,0.000,0.000,0.000,0.0070,-1,-2,0.00,0.00,0.00,0.0000,0.0000,0.0000,0.0000,0.0000,0.0000,0.0000,0.00,0.00,0.00,1.0670,0.1290,1.2150,1.2060,2.7030,0,0.0000,0.0000,0.0000,0.0000,0.0000,0,1,0
14049,0.0015,-0.0167,0.0101,0.0023,-0.0513,-0.0045,-0.29,0.43,0.37,0,4.138,0.242,-0.087,-0.221,0.011,-0.010,0.999,0.000,0.000,0.000,0.0120,4,2,0.00,0.00,0.00,0.0000,0.0000,0.0000,0.0000,0.0000,0.0000,0.0000,0.00,0.00,0.00,1.0670,0.1290,1.2170,1.2060,2.7030,0,0.0000,0.0000,0.0000,0.0000,0.0000,0,1,0
14100,0.0019,-0.0122,0.0110,0.0043,-0.0173,0.0018,-0.51,0.45,0.37,0,4.138,0.287,-0.064,0.146,0.010,-0.011,1.001,0.000,0.000,0.000,0.0090,-4,2,0.00,0.00,0.00,0.0000,0.0000,0.0000,0.0000,0.0000,0.0000,0.0000,0.00,0.00,0.00,1.0600,0.1250,1.2170,1.2060,2.7080,0,0.0000,0.0000,0.0000,0.0000,0.0000,0,1,0
14151,0.0031,-0.0087,0.0103,0.0103,0.0045,-0.0018,-0.73,0.41,0.37,0,4.133,0.141,0.099,0.070,0.009,-0.013,0.998,0.000,0.000,0.000,0.0120,0,4,0.00,0.00,0.00,0.0000,0.0000,0.0000,0.0000,0.0000,0.0000,0.0000,0.00,0.00,0.00,1.0600,0.1250,1.2190,1.2070,2.7080,0,0.0000,0.0000,0.0000,0.0000,0.0000,0,1,0
14203,0.0031,-0.0079,0.0110,0.0098,0.0072,0.0022,-0.70,0.43,0.37,0,4.138,0.256,-0.096,0.127,0.010,-0.011,1.001,0.000,0.000,0.000,0.0090,-5,1,0.00,0.00,0.00,0.0000,0.0000,0.0000,0.0000,0.0000,0.0000,0.0000,0.00,0.00,0.00,1.0630,0.1260,1.2190,1.2070,2.7060,0,0.0000,0.0000,0.0000,0.0000,0.0000,0,1,0
