time_ms,pos_x,pos_y,pos_z,vel_x,vel_y,vel_z,roll,pitch,yaw,thrust,vbat,gyro_x,gyro_y,gyro_z,acc_x,acc_y,acc_z,rate_roll,rate_pitch,rate_yaw,range_z,flow_dx,flow_dy,mekf_roll,mekf_pitch,mekf_yaw,mekf_x,mekf_y,mekf_z,our_ref_x,our_ref_y,our_ref_z,our_thrust,our_roll_cmd,our_pitch_cmd,our_yaw_rate_cmd,multi_front,multi_back,multi_left,multi_right,multi_up,ai_feat_count,vo_x,vo_y,vo_sigma,pg_x,pg_y,lc_count
0,-0.0033,-0.0197,0.0132,0.0019,0.0050,0.0074,-0.45,-0.09,0.13,0,4.012,0.240,-0.105,0.003,0.000,-0.008,1.001,0.000,0.000,0.000,0.0140,5,0,0.00,0.00,0.00,0.0000,0.0000,0.0000,0.0000,0.0000,0.0000,0.0000,0.00,0.00,0.00,1.2400,0.9350,2.1590,1.0080,2.7100,0,0.0000,0.0000,0.0000,0.0000,0.0000,0
100,-0.0026,-0.0192,0.0139,0.0054,0.0062,0.0090,-0.44,-0.12,0.14,0,4.006,0.061,-0.017,-0.159,-0.001,-0.010,1.001,0.000,0.000,0.000,0.0110,0,-1,0.00,0.00,0.00,0.0000,0.0000,0.0000,0.0000,0.0000,0.0000,0.0000,0.00,0.00,0.00,1.2400,0.9350,2.1590,1.0080,2.7100,0,0.0000,0.0000,0.0000,0.0000,0.0000,0
201,-0.0021,-0.0186,0.0131,0.0070,0.0081,0.0034,-0.51,-0.14,0.14,0,4.012,-0.114,0.035,0.246,-0.002,-0.011,1.002,0.000,0.000,0.000,0.0090,7,-2,0.00,0.00,0.00,0.0000,0.0000,0.0000,0.0000,0.0000,0.0000,0.0000,0.00,0.00,0.00,1.2410,0.9470,0.0000,1.0110,2.7090,0,0.0000,0.0000,0.0000,0.0000,0.0000,0
303,-0.0024,-0.0177,0.0113,0.0043,0.0100,-0.0059,-0.46,-0.12,0.14,0,4.001,0.014,0.246,-0.239,-0.002,-0.010,0.997,0.000,0.000,0.000,0.0140,3,-2,0.00,0.00,0.00,0.0000,0.0000,0.0000,0.0000,0.0000,0.0000,0.0000,0.00,0.00,0.00,1.2410,0.9470,0.0000,1.0110,2.7090,0,0.0000,0.0000,0.0000,0.0000,0.0000,0
404,-0.0024,-0.0175,0.0124,0.0033,0.0103,0.0003,-0.50,-0.11,0.14,0,4.012,0.152,0.046,-0.170,0.001,-0.009,1.000,0.000,0.000,0.000,0.0130,-3,2,0.00,0.00,0.00,0.0000,0.0000,0.0000,0.0000,0.0000,0.0000,0.0000,0.00,0.00,0.00,1.2430,0.9430,0.0000,1.0110,2.7020,0,0.0000,0.0000,0.0000,0.0000,0.0000,0
506,-0.0024,-0.0192,0.0127,0.0027,-0.0010,0.0020,-0.47,-0.07,0.14,0,4.001,-0.146,-0.121,-0.264,0.000,-0.011,1.000,0.000,0.000,0.000,0.0130,-10,1,0.00,0.00,0.00,0.0000,0.0000,0.0000,0.0000,0.0000,0.0000,0.0000,0.00,0.00,0.00,1.2430,0.9430,0.0000,1.0110,2.7020,0,0.0000,0.0000,0.0000,0.0000,0.0000,0
607,-0.0034,-0.0252,0.0129,-0.0026,-0.0329,0.0021,-0.31,-0.03,0.14,0,4.012,-0.191,-0.185,0.050,-0.003,-0.008,1.000,0.000,0.000,0.000,0.0110,5,-3,0.00,0.00,0.00,0.0000,0.0000,0.0000,0.0000,0.0000,0.0000,0.0000,0.00,0.00,0.00,1.2430,0.9280,0.0000,1.0110,2.7070,0,0.0000,0.0000,0.0000,0.0000,0.0000,0
707,-0.0036,-0.0248,0.0123,-0.0039,-0.0249,-0.0017,-0.24,-0.07,0.14,0,4.006,-0.141,-0.183,-0.042,-0.000,-0.010,0.999,0.000,0.000,0.000,0.0100,1,1,0.00,0.00,0.00,0.0000,0.0000,0.0000,0.0000,0.0000,0.0000,0.0000,0.00,0.00,0.00,1.2430,0.9280,0.0000,1.0110,2.7070,0,0.0000,0.0000,0.0000,0.0000,0.0000,0
809,-0.0022,-0.0287,0.0111,0.0043,-0.0424,-0.0072,-0.27,-0.09,0.13,0,4.012,0.080,0.115,-0.131,-0.000,-0.007,0.998,0.000,0.000,0.000,0.0100,0,-3,0.00,0.00,0.00,0.0000,0.0000,0.0000,0.0000,0.0000,0.0000,0.0000,0.00,0.00,0.00,1.2400,0.9410,0.0000,1.0110,2.7100,0,0.0000,0.0000,0.0000,0.0000,0.0000,0
910,-0.0024,-0.0270,0.0105,0.0027,-0.0253,-0.0088,-0.33,-0.11,0.13,0,4.001,-0.154,0.243,0.129,-0.002,-0.006,0.999,0.000,0.000,0.000,0.0140,0,2,0.00,0.00,0.00,0.0000,0.0000,0.0000,0.0000,0.0000,0.0000,0.0000,0.00,0.00,0.00,1.2400,0.9410,0.0000,1.0110,2.7100,0,0.0000,0.0000,0.0000,0.0000,0.0000,0
1012,-0.0019,-0.0274,0.0118,0.0046,-0.0208,-0.0009,-0.38,-0.08,0.13,0,4.012,0.304,0.131,-0.315,-0.002,-0.008,1.000,0.000,0.000,0.000,0.0130,6,0,0.00,0.00,0.00,0.0000,0.0000,0.0000,0.0000,0.0000,0.0000,0.0000,0.00,0.00,0.00,1.2400,0.9410,0.0000,1.0130,2.7090,0,0.0000,0.0000,0.0000,0.0000,0.0000,0
1113,-0.0027,-0.0274,0.0124,-0.0006,-0.0163,0.0021,-0.36,-0.05,0.13,0,4.006,-0.067,-0.197,-0.081,-0.003,-0.010,0.999,0.000,0.000,0.000,0.0140,-7,3,0.00,0.00,0.00,0.0000,0.0000,0.0000,0.0000,0.0000,0.0000,0.0000,0.00,0.00,0.00,1.2400,0.9410,0.0000,1.0130,2.7090,0,0.0000,0.0000,0.0000,0.0000,0.0000,0
1213,-0.0025,-0.0258,0.0133,0.0003,-0.0059,0.0065,-0.56,-0.03,0.13,0,4.012,-0.198,0.227,0.090,-0.000,-0.010,0.999,0.000,0.000,0.000,0.0120,0,0,0.00,0.00,0.00,0.0000,0.0000,0.0000,0.0000,0.0000,0.0000,0.0000,0.00,0.00,0.00,1.2480,0.9280,0.0000,1.0150,2.7120,0,0.0000,0.0000,0.0000,0.0000,0.0000,0
1315,-0.0039,-0.0249,0.0130,-0.0080,0.0003,0.0032,-0.55,-0.00,0.13,0,4.001,-0.066,0.335,-0.035,-0.001,-0.008,1.001,0.000,0.000,0.000,0.0120,1,5,0.00,0.00,0.00,0.0000,0.0000,0.0000,0.0000,0.0000,0.0000,0.0000,0.00,0.00,0.00,1.2480,0.9280,0.0000,1.0150,2.7120,0,0.0000,0.0000,0.0000,0.0000,0.0000,0
1416,-0.0029,-0.0251,0.0127,-0.0011,-0.0001,0.0013,-0.54,-0.01,0.13,0,4.012,0.123,0.104,-0.054,-0.002,-0.009,1.000,0.000,0.000,0.000,0.0130,8,1,0.00,0.00,0.00,0.0000,0.0000,0.0000,0.0000,0.0000,0.0000,0.0000,0.00,0.00,0.00,1.2420,0.9450,0.0000,1.0130,2.7130,0,0.0000,0.0000,0.0000,0.0000,0.0000,0
1517,-0.0032,-0.0244,0.0129,-0.0022,0.0045,0.0017,-0.50,-0.04,0.12,0,4.001,0.108,0.147,-0.197,-0.002,-0.012,0.999,0.000,0.000,0.000,0.0130,2,-3,0.00,0.00,0.00,0.0000,0.0000,0.0000,0.0000,0.0000,0.0000,0.0000,0.00,0.00,0.00,1.2420,0.9450,0.0000,1.0130,2.7130,0,0.0000,0.0000,0.0000,0.0000,0.0000,0
1569,-0.0044,-0.0194,0.0130,-0.0083,0.0312,0.0012,-0.75,-0.04,0.12,0,4.012,-0.081,0.038,-0.128,-0.002,-0.010,1.000,0.000,0.000,0.000,0.0130,0,0,0.00,0.00,0.00,0.0000,0.0000,0.0000,0.0000,0.0000,0.0000,0.0000,0.00,0.00,0.00,1.2370,0.9380,0.0000,1.0140,2.7170,0,0.0000,0.0000,0.0000,0.0000,0.0000,0
1620,-0.0025,-0.0179,0.0131,0.0021,0.0321,0.0016,-0.77,-0.10,0.12,0,4.001,-0.103,-0.226,-0.066,-0.002,-0.009,1.000,0.000,0.000,0.000,0.0110,-2,5,0.00,0.00,0.00,0.0000,0.0000,0.0000,0.0000,0.0000,0.0000,0.0000,0.00,0.00,0.00,1.2370,0.9380,0.0000,1.0140,2.7170,0,0.0000,0.0000,0.0000,0.0000,0.0000,0
1672,-0.0025,-0.0182,0.0123,0.0028,0.0246,-0.0027,-0.70,-0.05,0.12,0,4.012,0.050,0.306,-0.025,-0.002,-0.009,0.998,0.000,0.000,0.000,0.0130,-2,-3,0.00,0.00,0.00,0.0000,0.0000,0.0000,0.0000,0.0000,0.0000,0.0000,0.00,0.00,0.00,1.2450,0.9490,0.0000,1.0140,2.7140,0,0.0000,0.0000,0.0000,0.0000,0.0000,0
1723,-0.0031,-0.0129,0.0124,-0.0011,0.0470,-0.0013,-0.86,-0.09,0.12,0,4.001,0.077,0.149,0.193,-0.001,-0.007,1.001,0.000,0.000,0.000,0.0130,0,0,0.00,0.00,0.00,0.0000,0.0000,0.0000,0.0000,0.0000,0.0000,0.0000,0.00,0.00,0.00,1.2450,0.9490,0.0000,1.0140,2.7140,0,0.0000,0.0000,0.0000,0.0000,0.0000,0
1774,-0.0021,-0.0129,0.0128,0.0040,0.0378,0.0006,-0.76,-0.10,0.12,0,4.012,0.005,-0.174,-0.141,-0.001,-0.010,1.001,0.000,0.000,0.000,0.0120,0,2,0.00,0.00,0.00,0.0000,0.0000,0.0000,0.0000,0.0000,0.0000,0.0000,0.00,0.00,0.00,1.2370,0.9310,0.0000,1.0110,2.7110,0,0.0000,0.0000,0.0000,0.0000,0.0000,0
1826,-0.0016,-0.0123,0.0125,0.0061,0.0329,-0.0007,-0.68,-0.09,0.12,0,4.001,-0.294,-0.071,-0.175,-0.001,-0.010,1.001,0.000,0.000,0.000,0.0120,-9,3,0.00,0.00,0.00,0.0000,0.0000,0.0000,0.0000,0.0000,0.0000,0.0000,0.00,0.00,0.00,1.2370,0.9310,0.0000,1.0110,2.7110,0,0.0000,0.0000,0.0000,0.0000,0.0000,0
1877,-0.0027,-0.0127,0.0123,-0.0003,0.0239,-0.0014,-0.69,-0.03,0.12,0,4.012,0.037,-0.183,-0.085,-0.002,-0.009,1.000,0.000,0.000,0.000,0.0090,-4,0,0.00,0.00,0.00,0.0000,0.0000,0.0000,0.0000,0.0000,0.0000,0.0000,0.00,0.00,0.00,1.2380,0.9440,0.0000,1.0180,2.7190,0,0.0000,0.0000,0.0000,0.0000,0.0000,0
1928,-0.0036,-0.0108,0.0108,-0.0045,0.0272,-0.0083,-0.66,-0.03,0.12,0,4.001,0.047,0.050,-0.194,-0.003,-0.008,1.001,0.000,0.000,0.000,0.0140,3,0,0.00,0.00,0.00,0.0000,0.0000,0.0000,0.0000,0.0000,0.0000,0.0000,0.00,0.00,0.00,1.2380,0.9440,0.0000,1.0180,2.7190,0,0.0000,0.0000,0.0000,0.0000,0.0000,0
1979,-0.0034,-0.0108,0.0121,-0.0031,0.0207,0.0004,-0.53,-0.04,0.12,0,4.012,-0.205,-0.204,0.171,0.000,-0.011,1.000,0.000,0.000,0.000,0.0140,-6,0,0.00,0.00,0.00,0.0000,0.0000,0.0000,0.0000,0.0000,0.0000,0.0000,0.00,0.00,0.00,1.2430,0.9430,0.0000,1.0110,2.7100,0,0.0000,0.0000,0.0000,0.0000,0.0000,0
2031,-0.0032,-0.0079,0.0130,-0.0023,0.0309,0.0051,-0.68,-0.05,0.11,0,3.996,0.075,-0.037,-0.006,-0.001,-0.010,0.998,0.000,0.000,0.000,0.0120,-4,2,0.00,0.00,0.00,0.0000,0.0000,0.0000,0.0000,0.0000,0.0000,0.0000,0.00,0.00,0.00,1.2430,0.9430,0.0000,1.0110,2.7100,0,0.0000,0.0000,0.0000,0.0000,0.0000,0
2082,-0.0023,-0.0097,0.0129,0.0025,0.0133,0.0031,-0.53,-0.06,0.12,0,4.012,-0.012,-0.048,0.122,-0.002,-0.009,0.999,0.000,0.000,0.000,0.0130,-2,0,0.00,0.00,0.00,0.0000,0.0000,0.0000,0.0000,0.0000,0.0000,0.0000,0.00,0.00,0.00,1.2410,0.9500,0.0000,1.0110,2.7100,0,0.0000,0.0000,0.0000,0.0000,0.0000,0
2134,-0.0025,-0.0109,0.0131,0.0018,0.0026,0.0040,-0.43,-0.07,0.12,0,4.001,0.081,0.160,-0.193,-0.002,-0.011,1.000,0.000,0.000,0.000,0.0140,0,0,0.00,0.00,0.00,0.0000,0.0000,0.0000,0.0000,0.0000,0.0000,0.0000,0.00,0.00,0.00,1.2410,0.9500,0.0000,1.0110,2.7100,0,0.0000,0.0000,0.0000,0.0000,0.0000,0
2186,-0.0023,-0.0107,0.0137,0.0030,0.0025,0.0056,-0.41,-0.09,0.12,0,4.012,-0.017,0.031,-0.172,-0.000,-0.012,1.002,0.000,0.000,0.000,0.0140,-4,1,0.00,0.00,0.00,0.0000,0.0000,0.0000,0.0000,0.0000,0.0000,0.0000,0.00,0.00,0.00,1.2480,0.9420,0.0000,1.0180,2.7050,0,0.0000,0.0000,0.0000,0.0000,0.0000,0
2237,-0.0029,-0.0107,0.0141,-0.0008,0.0013,0.0066,-0.45,-0.02,0.12,0,4.001,-0.011,-0.056,0.041,-0.002,-0.012,1.000,0.000,0.000,0.000,0.0090,-3,-4,0.00,0.00,0.00,0.0000,0.0000,0.0000,0.0000,0.0000,0.0000,0.0000,0.00,0.00,0.00,1.2480,0.9420,0.0000,1.0180,2.7050,0,0.0000,0.0000,0.0000,0.0000,0.0000,0
2288,-0.0039,-0.0107,0.0120,-0.0056,-0.0007,-0.0052,-0.44,-0.06,0.12,0,4.012,0.054,0.216,0.161,-0.001,-0.008,0.997,0.000,0.000,0.000,0.0120,7,-4,0.00,0.00,0.00,0.0000,0.0000,0.0000,0.0000,0.0000,0.0000,0.0000,0.00,0.00,0.00,1.2440,0.9380,0.0000,1.0100,2.7090,0,0.0000,0.0000,0.0000,0.0000,0.0000,0
2340,-0.0031,-0.0099,0.0119,-0.0007,0.0032,-0.0049,-0.39,-0.10,0.11,0,4.001,-0.284,0.184,0.005,-0.001,-0.009,1.001,0.000,0.000,0.000,0.0120,10,4,0.00,0.00,0.00,0.0000,0.0000,0.0000,0.0000,0.0000,0.0000,0.0000,0.00,0.00,0.00,1.2440,0.9380,0.0000,1.0100,2.7090,0,0.0000,0.0000,0.0000,0.0000,0.0000,0
2391,-0.0025,-0.0169,0.0117,0.0025,-0.0358,-0.0044,-0.08,-0.05,0.12,0,4.012,0.090,-0.105,-0.256,-0.002,-0.010,0.998,0.000,0.000,0.000,0.0120,8,0,0.00,0.00,0.00,0.0000,0.0000,0.0000,0.0000,0.0000,0.0000,0.0000,0.00,0.00,0.00,1.2420,0.9320,0.0000,1.0160,2.7150,0,0.0000,0.0000,0.0000,0.0000,0.0000,0
2442,-0.0033,-0.0189,0.0117,-0.0019,-0.0384,-0.0033,-0.10,-0.06,0.11,0,3.996,-0.188,-0.051,0.071,-0.001,-0.010,1.001,0.000,0.000,0.000,0.0100,0,0,0.00,0.00,0.00,0.0000,0.0000,0.0000,0.0000,0.0000,0.0000,0.0000,0.00,0.00,0.00,1.2420,0.9320,0.0000,1.0160,2.7150,0,0.0000,0.0000,0.0000,0.0000,0.0000,0
2494,-0.0029,-0.0210,0.0109,0.0005,-0.0418,-0.0073,-0.16,-0.07,0.11,0,4.012,0.036,-0.362,-0.177,-0.001,-0.011,1.001,0.000,0.000,0.000,0.0110,0,0,0.00,0.00,0.00,0.0000,0.0000,0.0000,0.0000,0.0000,0.0000,0.0000,0.00,0.00,0.00,1.2420,0.9400,0.0000,1.0100,2.7160,0,0.0000,0.0000,0.0000,0.0000,0.0000,0
2545,-0.0036,-0.0216,0.0108,-0.0029,-0.0378,-0.0058,-0.22,-0.04,0.11,0,4.001,0.201,0.404,0.268,0.000,-0.009,1.001,0.000,0.000,0.000,0.0130,10,0,0.00,0.00,0.00,0.0000,0.0000,0.0000,0.0000,0.0000,0.0000,0.0000,0.00,0.00,0.00,1.2420,0.9400,0.0000,1.0100,2.7160,0,0.0000,0.0000,0.0000,0.0000,0.0000,0
2597,-0.0037,-0.0181,0.0118,-0.0028,-0.0141,0.0011,-0.33,-0.05,0.11,0,4.012,0.070,-0.089,0.168,-0.006,-0.012,1.000,0.000,0.000,0.000,0.0120,0,1,0.00,0.00,0.00,0.0000,0.0000,0.0000,0.0000,0.0000,0.0000,0.0000,0.00,0.00,0.00,1.2450,0.9420,0.0000,1.0110,2.7100,0,0.0000,0.0000,0.0000,0.0000,0.0000,0
2648,-0.0039,-0.0204,0.0120,-0.0038,-0.0219,0.0019,-0.39,-0.03,0.12,0,4.001,0.197,0.117,-0.237,-0.002,-0.008,1.000,0.000,0.000,0.000,0.0100,8,0,0.00,0.00,0.00,0.0000,0.0000,0.0000,0.0000,0.0000,0.0000,0.0000,0.00,0.00,0.00,1.2450,0.9420,0.0000,1.0110,2.7100,0,0.0000,0.0000,0.0000,0.0000,0.0000,0
2699,-0.0041,-0.0195,0.0112,-0.0042,-0.0132,-0.0023,-0.38,-0.04,0.12,0,4.012,-0.030,0.135,0.479,-0.001,-0.009,1.000,0.000,0.000,0.000,0.0110,2,0,0.00,0.00,0.00,0.0000,0.0000,0.0000,0.0000,0.0000,0.0000,0.0000,0.00,0.00,0.00,1.2430,0.9400,0.0000,1.0130,2.7040,0,0.0000,0.0000,0.0000,0.0000,0.0000,0
2750,-0.0039,-0.0206,0.0110,-0.0017,-0.0150,-0.0028,-0.43,-0.05,0.12,0,4.001,-0.025,0.064,-0.336,0.001,-0.009,1.000,0.000,0.000,0.000,0.0140,-3,0,0.00,0.00,0.00,0.0000,0.0000,0.0000,0.0000,0.0000,0.0000,0.0000,0.00,0.00,0.00,1.2430,0.9400,0.0000,1.0130,2.7040,0,0.0000,0.0000,0.0000,0.0000,0.0000,0
2801,-0.0036,-0.0202,0.0123,-0.0006,-0.0102,0.0045,-0.52,-0.06,0.12,0,4.012,-0.172,0.113,0.107,-0.001,-0.008,0.999,0.000,0.000,0.000,0.0150,4,0,0.00,0.00,0.00,0.0000,0.0000,0.0000,0.0000,0.0000,0.0000,0.0000,0.00,0.00,0.00,1.2460,0.9430,0.0000,1.0110,2.7100,0,0.0000,0.0000,0.0000,0.0000,0.0000,0
2853,-0.0039,-0.0204,0.0137,-0.0008,-0.0088,0.0104,-0.46,-0.05,0.12,0,4.001,-0.103,0.025,-0.055,-0.000,-0.010,1.000,0.000,0.000,0.000,0.0140,2,-2,0.00,0.00,0.00,0.0000,0.0000,0.0000,0.0000,0.0000,0.0000,0.0000,0.00,0.00,0.00,1.2460,0.9430,0.0000,1.0110,2.7100,0,0.0000,0.0000,0.0000,0.0000,0.0000,0
2904,-0.0045,-0.0207,0.0142,-0.0036,-0.0079,0.0100,-0.48,-0.05,0.12,0,4.012,0.154,0.286,-0.116,-0.002,-0.008,1.001,0.000,0.000,0.000,0.0130,-3,3,0.00,0.00,0.00,0.0000,0.0000,0.0000,0.0000,0.0000,0.0000,0.0000,0.00,0.00,0.00,1.2450,0.9390,0.0000,1.0140,2.7070,0,0.0000,0.0000,0.0000,0.0000,0.0000,0
2955,-0.0039,-0.0213,0.0141,0.0004,-0.0103,0.0072,-0.51,-0.03,0.12,0,4.001,-0.117,-0.143,-0.012,-0.001,-0.008,1.003,0.000,0.000,0.000,0.0120,0,0,0.00,0.00,0.00,0.0000,0.0000,0.0000,0.0000,0.0000,0.0000,0.0000,0.00,0.00,0.00,1.2450,0.9390,0.0000,1.0140,2.7070,0,0.0000,0.0000,0.0000,0.0000,0.0000,0
3007,-0.0045,-0.0202,0.0134,-0.0030,-0.0028,0.0022,-0.53,-0.03,0.12,0,4.012,0.026,-0.027,0.310,-0.002,-0.011,1.001,0.000,0.000,0.000,0.0100,2,-1,0.00,0.00,0.00,0.0000,0.0000,0.0000,0.0000,0.0000,0.0000,0.0000,0.00,0.00,0.00,1.2480,0.9360,0.0000,1.0100,2.7090,0,0.0000,0.0000,0.0000,0.0000,0.0000,0
3058,-0.0041,-0.0196,0.0120,-0.0010,0.0011,-0.0053,-0.54,-0.05,0.12,0,4.001,0.327,0.038,0.347,-0.001,-0.010,0.999,0.000,0.000,0.000,0.0080,5,0,0.00,0.00,0.00,0.0000,0.0000,0.0000,0.0000,0.0000,0.0000,0.0000,0.00,0.00,0.00,1.2480,0.9360,0.0000,1.0100,2.7090,0,0.0000,0.0000,0.0000,0.0000,0.0000,0
3109,-0.0039,-0.0196,0.0101,0.0004,0.0017,-0.0134,-0.51,-0.06,0.12,0,4.012,-0.128,-0.092,-0.169,0.001,-0.008,1.000,0.000,0.000,0.000,0.0100,-2,1,0.00,0.00,0.00,0.0000,0.0000,0.0000,0.0000,0.0000,0.0000,0.0000,0.00,0.00,0.00,1.2490,0.9460,0.0000,1.0110,2.7060,0,0.0000,0.0000,0.0000,0.0000,0.0000,0
3161,-0.0039,-0.0209,0.0096,0.0005,-0.0051,-0.0129,-0.52,-0.05,0.12,0,4.001,0.057,0.148,-0.293,0.000,-0.010,1.001,0.000,0.000,0.000,0.0080,-4,-7,0.00,0.00,0.00,0.0000,0.0000,0.0000,0.0000,0.0000,0.0000,0.0000,0.00,0.00,0.00,1.2490,0.9460,0.0000,1.0110,2.7060,0,0.0000,0.0000,0.0000,0.0000,0.0000,0
3212,-0.0045,-0.0207,0.0085,-0.0025,-0.0041,-0.0148,-0.55,-0.09,0.13,0,4.012,0.030,-0.017,0.366,-0.001,-0.010,1.002,0.000,0.000,0.000,0.0120,-3,1,0.00,0.00,0.00,0.0000,0.0000,0.0000,0.0000,0.0000,0.0000,0.0000,0.00,0.00,0.00,1.2390,0.9400,0.0000,1.0150,2.7040,0,0.0000,0.0000,0.0000,0.0000,0.0000,0
3263,-0.0037,-0.0211,0.0095,0.0022,-0.0057,-0.0059,-0.52,-0.05,0.13,0,4.001,0.016,0.168,-0.085,0.003,-0.008,0.999,0.000,0.000,0.000,0.0110,0,3,0.00,0.00,0.00,0.0000,0.0000,0.0000,0.0000,0.0000,0.0000,0.0000,0.00,0.00,0.00,1.2390,0.9400,0.0000,1.0150,2.7040,0,0.0000,0.0000,0.0000,0.0000,0.0000,0
3315,-0.0036,-0.0197,0.0101,0.0017,0.0024,-0.0014,-0.56,-0.02,0.12,0,4.012,-0.309,0.161,-0.007,0.001,-0.012,1.001,0.000,0.000,0.000,0.0110,0,0,0.00,0.00,0.00,0.0000,0.0000,0.0000,0.0000,0.0000,0.0000,0.0000,0.00,0.00,0.00,1.2470,0.9400,0.0000,1.0160,2.7100,0,0.0000,0.0000,0.0000,0.0000,0.0000,0
3366,-0.0045,-0.0203,0.0105,-0.0030,-0.0012,0.0010,-0.53,-0.02,0.13,0,4.001,0.011,-0.039,0.046,0.000,-0.009,1.002,0.000,0.000,0.000,0.0120,5,-3,0.00,0.00,0.00,0.0000,0.0000,0.0000,0.0000,0.0000,0.0000,0.0000,0.00,0.00,0.00,1.2470,0.9400,0.0000,1.0160,2.7100,0,0.0000,0.0000,0.0000,0.0000,0.0000,0
3418,-0.0034,-0.0192,0.0112,0.0033,0.0049,0.0043,-0.52,-0.09,0.13,0,4.012,-0.024,0.002,0.094,-0.001,-0.010,1.002,0.000,0.000,0.000,0.0130,0,0,0.00,0.00,0.00,0.0000,0.0000,0.0000,0.0000,0.0000,0.0000,0.0000,0.00,0.00,0.00,1.2410,0.9440,0.0000,1.0160,2.7110,0,0.0000,0.0000,0.0000,0.0000,0.0000,0
3469,-0.0038,-0.0214,0.0122,0.0003,-0.0078,0.0078,-0.47,-0.04,0.13,0,4.001,0.024,-0.027,-0.059,-0.001,-0.007,1.000,0.000,0.000,0.000,0.0140,-6,0,0.00,0.00,0.00,0.0000,0.0000,0.0000,0.0000,0.0000,0.0000,0.0000,0.00,0.00,0.00,1.2410,0.9440,0.0000,1.0160,2.7110,0,0.0000,0.0000,0.0000,0.0000,0.0000,0
3521,-0.0031,-0.0184,0.0133,0.0038,0.0095,0.0112,-0.66,-0.07,0.13,0,4.012,-0.069,-0.099,0.061,-0.001,-0.009,1.001,0.000,0.000,0.000,0.0120,0,0,0.00,0.00,0.00,0.0000,0.0000,0.0000,0.0000,0.0000,0.0000,0.0000,0.00,0.00,0.00,1.2440,0.9320,0.0000,1.0140,2.6980,0,0.0000,0.0000,0.0000,0.0000,0.0000,0
3573,-0.0040,-0.0173,0.0132,-0.0020,0.0127,0.0080,-0.62,-0.02,0.12,0,4.001,0.058,0.113,-0.446,-0.002,-0.009,0.999,0.000,0.000,0.000,0.0140,-10,1,0.00,0.00,0.00,0.0000,0.0000,0.0000,0.0000,0.0000,0.0000,0.0000,0.00,0.00,0.00,1.2440,0.9320,0.0000,1.0140,2.6980,0,0.0000,0.0000,0.0000,0.0000,0.0000,0
3624,-0.0028,-0.0196,0.0139,0.0038,-0.0010,0.0099,-0.61,-0.05,0.12,0,4.012,-0.075,-0.394,0.081,0.001,-0.010,0.998,0.000,0.000,0.000,0.0120,4,1,0.00,0.00,0.00,0.0000,0.0000,0.0000,0.0000,0.0000,0.0000,0.0000,0.00,0.00,0.00,1.2420,0.9440,0.0000,1.0130,2.7160,0,0.0000,0.0000,0.0000,0.0000,0.0000,0
3676,-0.0036,-0.0170,0.0135,-0.0004,0.0108,0.0048,-0.55,-0.02,0.12,0,4.001,0.056,-0.034,-0.157,-0.003,-0.014,0.998,0.000,0.000,0.000,0.0120,-5,0,0.00,0.00,0.00,0.0000,0.0000,0.0000,0.0000,0.0000,0.0000,0.0000,0.00,0.00,0.00,1.2420,0.9440,0.0000,1.0130,2.7160,0,0.0000,0.0000,0.0000,0.0000,0.0000,0
3727,-0.0040,-0.0186,0.0131,-0.0034,0.0003,0.0015,-0.57,-0.00,0.12,0,4.012,-0.098,0.203,0.346,0.000,-0.006,1.000,0.000,0.000,0.000,0.0110,-1,5,0.00,0.00,0.00,0.0000,0.0000,0.0000,0.0000,0.0000,0.0000,0.0000,0.00,0.00,0.00,1.2400,0.9470,0.0000,1.0110,2.7040,0,0.0000,0.0000,0.0000,0.0000,0.0000,0
3778,-0.0029,-0.0193,0.0123,0.0021,-0.0036,-0.0033,-0.50,-0.00,0.12,0,4.001,-0.133,-0.260,-0.142,-0.002,-0.009,1.000,0.000,0.000,0.000,0.0120,8,2,0.00,0.00,0.00,0.0000,0.0000,0.0000,0.0000,0.0000,0.0000,0.0000,0.00,0.00,0.00,1.2400,0.9470,0.0000,1.0110,2.7040,0,0.0000,0.0000,0.0000,0.0000,0.0000,0
3830,-0.0032,-0.0208,0.0121,0.0000,-0.0093,-0.0033,-0.38,-0.02,0.12,0,4.012,-0.088,-0.088,0.066,-0.000,-0.008,0.999,0.000,0.000,0.000,0.0120,2,-1,0.00,0.00,0.00,0.0000,0.0000,0.0000,0.0000,0.0000,0.0000,0.0000,0.00,0.00,0.00,1.2440,0.9430,0.0000,1.0210,2.7100,0,0.0000,0.0000,0.0000,0.0000,0.0000,0
3881,-0.0000,-0.0000,-0.2187,-0.0011,-0.0073,-0.0000,0.02,-0.01,0.00,0,4.001,-0.018,-0.067,0.075,-0.000,-0.007,1.000,0.000,0.000,0.000,0.0060,0,-1,0.00,0.00,0.00,0.0000,0.0000,0.0000,0.0000,0.0000,0.0000,0.0000,0.00,0.00,0.00,1.2440,0.9430,0.0000,1.0210,2.7100,0,0.0000,0.0000,0.0000,0.0000,0.0000,0
3933,-0.0001,-0.0006,0.0061,-0.0025,-0.0132,-0.0001,0.04,0.03,0.01,0,4.012,-0.370,-0.054,-0.113,-0.001,-0.009,1.002,0.000,0.000,0.000,0.0120,0,0,0.00,0.00,0.00,0.0000,0.0000,0.0000,0.0000,0.0000,0.0000,0.0000,0.00,0.00,0.00,1.2480,0.9320,0.0000,1.0110,2.7110,0,0.0000,0.0000,0.0000,0.0000,0.0000,0
3984,0.0001,-0.0010,0.0092,0.0009,-0.0136,0.0034,-0.02,-0.07,0.00,0,4.001,0.006,0.167,0.259,-0.001,-0.010,1.000,0.000,0.000,0.000,0.0130,-2,2,0.00,0.00,0.00,0.0000,0.0000,0.0000,0.0000,0.0000,0.0000,0.0000,0.00,0.00,0.00,1.2480,0.9320,0.0000,1.0110,2.7110,0,0.0000,0.0000,0.0000,0.0000,0.0000,0
4035,0.0003,-0.0044,0.0111,0.0029,-0.0484,0.0097,0.50,0.01,0.00,0,4.012,-0.227,-0.083,0.079,-0.002,-0.008,0.999,0.000,0.000,0.000,0.0120,-9,3,0.00,0.00,0.00,0.0000,0.0000,0.0000,0.0000,0.0000,0.0000,0.0000,0.00,0.00,0.00,1.2430,0.9380,0.0000,1.0130,2.7100,0,0.0000,0.0000,0.0000,0.0000,0.0000,0
4086,0.0005,-0.0046,0.0121,0.0034,-0.0340,0.0125,-0.38,0.04,0.01,0,4.001,0.184,0.116,-0.009,-0.002,-0.010,0.999,0.000,0.000,0.000,0.0130,7,1,0.00,0.00,0.00,0.0000,0.0000,0.0000,0.0000,0.0000,0.0000,0.0000,0.00,0.00,0.00,1.2430,0.9380,0.0000,1.0130,2.7100,0,0.0000,0.0000,0.0000,0.0000,0.0000,0
4138,-0.0002,0.0020,0.0130,-0.0036,0.0307,0.0128,-0.97,0.07,0.01,0,4.012,0.077,-0.027,0.034,-0.001,-0.012,0.998,0.000,0.000,0.000,0.0110,-6,1,0.00,0.00,0.00,0.0000,0.0000,0.0000,0.0000,0.0000,0.0000,0.0000,0.00,0.00,0.00,1.2460,0.9490,0.0000,1.0150,2.7140,0,0.0000,0.0000,0.0000,0.0000,0.0000,0
4188,-0.0002,-0.0007,0.0127,-0.0032,0.0038,0.0081,-0.91,0.05,0.01,0,4.001,0.008,-0.169,-0.021,-0.001,-0.008,1.002,0.000,0.000,0.000,0.0140,11,0,0.00,0.00,0.00,0.0000,0.0000,0.0000,0.0000,0.0000,0.0000,0.0000,0.00,0.00,0.00,1.2460,0.9490,0.0000,1.0150,2.7140,0,0.0000,0.0000,0.0000,0.0000,0.0000,0
4240,-0.0002,0.0000,0.0136,-0.0027,0.0083,0.0103,-0.36,-0.01,0.01,0,4.012,-0.272,-0.053,0.120,-0.001,-0.009,0.999,0.000,0.000,0.000,0.0110,7,0,0.00,0.00,0.00,0.0000,0.0000,0.0000,0.0000,0.0000,0.0000,0.0000,0.00,0.00,0.00,1.2400,0.9430,0.0000,1.0130,2.7100,0,0.0000,0.0000,0.0000,0.0000,0.0000,0
4291,0.0006,-0.0035,0.0129,0.0032,-0.0146,0.0045,-0.19,-0.09,0.01,0,4.001,0.032,0.037,0.219,-0.002,-0.010,1.000,0.000,0.000,0.000,0.0090,-5,-4,0.00,0.00,0.00,0.0000,0.0000,0.0000,0.0000,0.0000,0.0000,0.0000,0.00,0.00,0.00,1.2400,0.9430,0.0000,1.0130,2.7100,0,0.0000,0.0000,0.0000,0.0000,0.0000,0
4343,-0.0012,-0.0117,0.0112,-0.0091,-0.0596,-0.0054,0.06,-0.01,0.01,0,4.006,-0.020,-0.161,-0.111,0.002,-0.011,1.000,0.000,0.000,0.000,0.0100,3,-4,0.00,0.00,0.00,0.0000,0.0000,0.0000,0.0000,0.0000,0.0000,0.0000,0.00,0.00,0.00,1.2460,0.9480,0.0000,1.0150,2.7090,0,0.0000,0.0000,0.0000,0.0000,0.0000,0
4393,-0.0010,-0.0114,0.0107,-0.0072,-0.0461,-0.0062,-0.00,-0.03,0.01,0,4.001,-0.194,0.391,0.139,0.002,-0.010,1.001,0.000,0.000,0.000,0.0140,0,-1,0.00,0.00,0.00,0.0000,0.0000,0.0000,0.0000,0.0000,0.0000,0.0000,0.00,0.00,0.00,1.2460,0.9480,0.0000,1.0150,2.7090,0,0.0000,0.0000,0.0000,0.0000,0.0000,0
4445,0.0006,-0.0044,0.0123,0.0040,0.0038,0.0037,-0.39,0.03,0.01,0,4.006,-0.064,0.332,0.062,0.000,-0.011,1.000,0.000,0.000,0.000,0.0080,-10,1,0.00,0.00,0.00,0.0000,0.0000,0.0000,0.0000,0.0000,0.0000,0.0000,0.00,0.00,0.00,1.2470,0.9450,0.8650,1.0110,2.7210,0,0.0000,0.0000,0.0000,0.0000,0.0000,0
4496,-0.0007,-0.0087,0.0106,-0.0039,-0.0200,-0.0056,-0.59,0.03,0.02,0,4.001,0.219,-0.029,-0.376,-0.001,-0.009,1.001,0.000,0.000,0.000,0.0130,5,0,0.00,0.00,0.00,0.0000,0.0000,0.0000,0.0000,0.0000,0.0000,0.0000,0.00,0.00,0.00,1.2470,0.9450,0.8650,1.0110,2.7210,0,0.0000,0.0000,0.0000,0.0000,0.0000,0
4546,-0.0012,-0.0096,0.0116,-0.0062,-0.0223,0.0007,-0.32,0.03,0.02,0,4.012,-0.067,-0.151,0.060,0.001,-0.009,1.002,0.000,0.000,0.000,0.0140,1,0,0.00,0.00,0.00,0.0000,0.0000,0.0000,0.0000,0.0000,0.0000,0.0000,0.00,0.00,0.00,1.2430,0.9540,0.0000,1.0160,2.7060,0,0.0000,0.0000,0.0000,0.0000,0.0000,0
4597,-0.0006,-0.0109,0.0128,-0.0029,-0.0249,0.0062,-0.37,-0.01,0.02,0,4.001,0.166,0.104,0.040,-0.000,-0.012,1.000,0.000,0.000,0.000,0.0170,-16,0,0.00,0.00,0.00,0.0000,0.0000,0.0000,0.0000,0.0000,0.0000,0.0000,0.00,0.00,0.00,1.2430,0.9540,0.0000,1.0160,2.7060,0,0.0000,0.0000,0.0000,0.0000,0.0000,0
4649,-0.0011,-0.0100,0.0150,-0.0050,-0.0156,0.0155,-0.70,0.01,0.02,0,4.006,0.239,-0.304,-0.142,-0.001,-0.010,1.000,0.000,0.000,0.000,0.0120,-4,3,0.00,0.00,0.00,0.0000,0.0000,0.0000,0.0000,0.0000,0.0000,0.0000,0.00,0.00,0.00,1.2380,0.9310,0.0000,1.0160,2.7080,0,0.0000,0.0000,0.0000,0.0000,0.0000,0
4699,-0.0009,-0.0058,0.0142,-0.0028,0.0064,0.0081,-0.73,0.02,0.02,0,4.001,-0.060,0.125,0.441,0.001,-0.010,0.999,0.000,0.000,0.000,0.0120,4,-4,0.00,0.00,0.00,0.0000,0.0000,0.0000,0.0000,0.0000,0.0000,0.0000,0.00,0.00,0.00,1.2380,0.9310,0.0000,1.0160,2.7080,0,0.0000,0.0000,0.0000,0.0000,0.0000,0
4751,-0.0015,-0.0049,0.0135,-0.0060,0.0098,0.0028,-0.65,-0.03,0.02,0,4.012,-0.058,0.031,0.209,0.003,-0.007,1.000,0.000,0.000,0.000,0.0120,3,-4,0.00,0.00,0.00,0.0000,0.0000,0.0000,0.0000,0.0000,0.0000,0.0000,0.00,0.00,0.00,1.2380,0.9350,0.0000,1.0160,2.7120,0,0.0000,0.0000,0.0000,0.0000,0.0000,0
4802,-0.0013,-0.0052,0.0130,-0.0032,0.0077,-0.0006,-0.63,-0.05,0.03,0,4.001,0.028,-0.133,-0.082,-0.002,-0.007,0.997,0.000,0.000,0.000,0.0120,3,-2,0.00,0.00,0.00,0.0000,0.0000,0.0000,0.0000,0.0000,0.0000,0.0000,0.00,0.00,0.00,1.2380,0.9350,0.0000,1.0160,2.7120,0,0.0000,0.0000,0.0000,0.0000,0.0000,0
4853,-0.0008,-0.0052,0.0125,-0.0012,0.0071,-0.0030,-0.62,-0.04,0.03,0,4.012,0.271,-0.050,-0.462,-0.000,-0.008,1.001,0.000,0.000,0.000,0.0120,-1,4,0.00,0.00,0.00,0.0000,0.0000,0.0000,0.0000,0.0000,0.0000,0.0000,0.00,0.00,0.00,1.2380,0.9430,0.0000,1.0080,2.7060,0,0.0000,0.0000,0.0000,0.0000,0.0000,0
4904,-0.0006,-0.0059,0.0122,0.0004,0.0030,-0.0042,-0.62,0.01,0.03,0,4.001,0.087,-0.010,-0.041,-0.001,-0.009,1.000,0.000,0.000,0.000,0.0130,4,2,0.00,0.00,0.00,0.0000,0.0000,0.0000,0.0000,0.0000,0.0000,0.0000,0.00,0.00,0.00,1.2380,0.9430,0.0000,1.0080,2.7060,0,0.0000,0.0000,0.0000,0.0000,0.0000,0
4956,0.0003,-0.0050,0.0124,0.0054,0.0074,-0.0017,-0.59,-0.05,0.03,0,4.012,-0.025,0.143,0.123,-0.000,-0.012,0.998,0.000,0.000,0.000,0.0110,0,0,0.00,0.00,0.00,0.0000,0.0000,0.0000,0.0000,0.0000,0.0000,0.0000,0.00,0.00,0.00,1.2410,0.9370,0.0000,1.0150,2.7090,0,0.0000,0.0000,0.0000,0.0000,0.0000,0
5007,-0.0008,-0.0059,0.0117,-0.0012,0.0018,-0.0051,-0.58,-0.02,0.03,0,4.001,0.062,-0.088,-0.167,0.001,-0.009,1.001,0.000,0.000,0.000,0.0100,0,0,0.00,0.00,0.00,0.0000,0.0000,0.0000,0.0000,0.0000,0.0000,0.0000,0.00,0.00,0.00,1.2410,0.9370,0.0000,1.0150,2.7090,0,0.0000,0.0000,0.0000,0.0000,0.0000,0
5057,-0.0006,-0.0062,0.0108,0.0000,0.0007,-0.0081,-0.57,-0.03,0.03,0,4.012,0.092,-0.099,-0.088,-0.003,-0.009,0.999,0.000,0.000,0.000,0.0110,0,2,0.00,0.00,0.00,0.0000,0.0000,0.0000,0.0000,0.0000,0.0000,0.0000,0.00,0.00,0.00,1.2440,0.9250,0.0000,1.0180,2.7010,0,0.0000,0.0000,0.0000,0.0000,0.0000,0
5108,-0.0006,-0.0062,0.0106,-0.0004,0.0009,-0.0075,-0.56,-0.02,0.03,0,4.001,-0.227,-0.030,-0.083,-0.002,-0.009,1.001,0.000,0.000,0.000,0.0130,-9,1,0.00,0.00,0.00,0.0000,0.0000,0.0000,0.0000,0.0000,0.0000,0.0000,0.00,0.00,0.00,1.2440,0.9250,0.0000,1.0180,2.7010,0,0.0000,0.0000,0.0000,0.0000,0.0000,0
5160,-0.0003,-0.0060,0.0115,0.0004,0.0004,-0.0012,-0.64,-0.04,0.03,0,3.869,0.164,0.073,0.282,0.001,-0.009,1.000,0.000,0.000,0.000,0.0110,-2,-2,0.00,0.00,0.00,0.0000,0.0000,0.0000,0.0000,0.0000,0.0000,0.0000,0.00,0.00,0.00,1.2430,0.9370,0.0000,1.0140,2.7110,0,0.0000,0.0000,0.0000,0.0000,0.0000,0
5210,-0.0010,-0.0060,0.0113,-0.0033,-0.0009,-0.0019,-0.56,-0.05,0.04,0,3.616,-0.176,-0.318,-0.843,-0.004,-0.011,1.006,0.000,0.000,0.000,0.0150,0,0,0.00,0.00,0.00,0.0000,0.0000,0.0000,0.0000,0.0000,0.0000,0.0000,0.00,0.00,0.00,1.2430,0.9370,0.0000,1.0140,2.7110,0,0.0000,0.0000,0.0000,0.0000,0.0000,0
5261,-0.0008,-0.0060,0.0130,-0.0020,0.0016,0.0072,-0.52,-0.02,0.04,0,3.679,-0.301,-0.950,-0.204,-0.003,-0.013,0.999,0.000,0.000,0.000,0.0130,0,0,0.00,0.00,0.00,0.0000,0.0000,0.0000,0.0000,0.0000,0.0000,0.0000,0.00,0.00,0.00,1.2450,0.9420,0.8790,1.0080,2.7020,0,0.0000,0.0000,0.0000,0.0000,0.0000,0
5312,-0.0014,-0.0062,0.0133,-0.0047,0.0040,0.0066,-0.52,0.02,0.04,0,3.716,0.689,0.527,0.042,-0.010,-0.015,0.988,0.000,0.000,0.000,0.0110,0,-1,0.00,0.00,0.00,0.0000,0.0000,0.0000,0.0000,0.0000,0.0000,0.0000,0.00,0.00,0.00,1.2450,0.9420,0.8790,1.0080,2.7020,0,0.0000,0.0000,0.0000,0.0000,0.0000,0
5364,-0.0012,-0.0065,0.0126,-0.0030,0.0055,0.0038,-0.47,0.01,0.00,0,3.748,0.439,-0.485,1.425,-0.008,-0.021,1.013,0.000,0.000,0.000,0.0120,-1,0,0.00,0.00,0.00,0.0000,0.0000,0.0000,0.0000,0.0000,0.0000,0.0000,0.00,0.00,0.00,1.2440,0.9290,0.0000,1.0110,2.6990,0,0.0000,0.0000,0.0000,0.0000,0.0000,0
5414,-0.0016,-0.0065,0.0125,-0.0042,0.0077,0.0042,-0.44,-0.01,-0.07,0,3.748,0.565,1.173,-4.569,-0.018,-0.014,0.990,0.000,0.000,0.000,0.0140,-8,0,0.00,0.00,0.00,0.0000,0.0000,0.0000,0.0000,0.0000,0.0000,0.0000,0.00,0.00,0.00,1.2440,0.9290,0.0000,1.0110,2.6990,0,0.0000,0.0000,0.0000,0.0000,0.0000,0
5465,-0.0013,-0.0063,0.0133,-0.0021,0.0097,0.0063,-0.49,-0.01,-0.31,0,3.764,4.492,-0.233,2.537,-0.006,-0.003,1.041,0.000,0.000,0.000,0.0140,-2,0,0.00,0.00,0.00,0.0000,0.0000,0.0000,0.0000,0.0000,0.0000,0.0000,0.00,0.00,0.00,1.2450,0.9340,0.0000,1.0140,2.7100,0,0.0000,0.0000,0.0000,0.0000,0.0000,0
5516,-0.0015,-0.0052,0.0140,-0.0027,0.0150,0.0115,-0.42,0.01,-0.33,0,3.753,1.807,-2.626,0.352,0.003,-0.009,1.024,0.000,0.000,0.000,0.0140,-2,0,0.00,0.00,0.00,0.0000,0.0000,0.0000,0.0000,0.0000,0.0000,0.0000,0.00,0.00,0.00,1.2450,0.9340,0.0000,1.0140,2.7100,0,0.0000,0.0000,0.0000,0.0000,0.0000,0
5567,-0.0014,-0.0019,0.0143,-0.0012,0.0303,0.0100,-0.51,-0.03,-0.21,0,3.764,-0.559,-0.210,0.536,-0.004,-0.008,1.000,0.000,0.000,0.000,0.0090,-2,0,0.00,0.00,0.00,0.0000,0.0000,0.0000,0.0000,0.0000,0.0000,0.0000,0.00,0.00,0.00,1.2470,0.9350,0.0000,1.0110,2.7050,0,0.0000,0.0000,0.0000,0.0000,0.0000,0
5618,-0.0002,0.0076,0.0118,0.0053,0.0763,-0.0054,-0.76,-0.10,-0.14,0,3.753,-1.366,-0.146,0.323,0.002,-0.035,1.027,0.000,0.000,0.000,0.0120,0,0,0.00,0.00,0.00,0.0000,0.0000,0.0000,0.0000,0.0000,0.0000,0.0000,0.00,0.00,0.00,1.2470,0.9350,0.0000,1.0110,2.7050,0,0.0000,0.0000,0.0000,0.0000,0.0000,0
5669,0.0006,0.0164,0.0112,0.0093,0.1080,-0.0051,-0.99,-0.14,-0.16,0,3.764,4.332,0.745,-2.260,-0.003,-0.008,0.998,0.000,0.000,0.000,0.0110,-7,-6,0.00,0.00,0.00,0.0000,0.0000,0.0000,0.0000,0.0000,0.0000,0.0000,0.00,0.00,0.00,1.2440,0.9480,0.0000,1.0110,2.7140,0,0.0000,0.0000,0.0000,0.0000,0.0000,0
5721,0.0005,0.0155,0.0117,0.0072,0.0830,0.0009,-0.79,-0.17,-0.27,0,3.753,-5.744,-5.429,-3.119,-0.011,-0.023,1.004,0.000,0.000,0.000,0.0100,-3,0,0.00,0.00,0.00,0.0000,0.0000,0.0000,0.0000,0.0000,0.0000,0.0000,0.00,0.00,0.00,1.2440,0.9480,0.0000,1.0110,2.7140,0,0.0000,0.0000,0.0000,0.0000,0.0000,0
5772,0.0028,0.0198,0.0110,0.0175,0.0882,-0.0013,-0.63,-0.19,-0.34,0,3.764,-1.150,-2.386,-0.033,0.005,-0.003,0.999,0.000,0.000,0.000,0.0130,-4,-5,0.00,0.00,0.00,0.0000,0.0000,0.0000,0.0000,0.0000,0.0000,0.0000,0.00,0.00,0.00,1.2410,0.9390,0.0000,1.0150,2.7140,0,0.0000,0.0000,0.0000,0.0000,0.0000,0
5824,0.0025,0.0238,0.0120,0.0126,0.0914,0.0016,-0.66,-0.19,-0.38,0,3.748,2.093,0.906,0.941,-0.015,-0.015,0.993,0.000,0.000,0.000,0.0110,-1,3,0.00,0.00,0.00,0.0000,0.0000,0.0000,0.0000,0.0000,0.0000,0.0000,0.00,0.00,0.00,1.2410,0.9390,0.0000,1.0150,2.7140,0,0.0000,0.0000,0.0000,0.0000,0.0000,0
5875,0.0041,0.0299,0.0116,0.0172,0.1038,0.0010,-0.64,-0.14,-0.36,0,3.753,-1.843,-5.386,7.924,-0.008,-0.025,1.017,0.000,0.000,0.000,0.0110,0,-3,0.00,0.00,0.00,0.0000,0.0000,0.0000,0.0000,0.0000,0.0000,0.0000,0.00,0.00,0.00,1.2350,0.9520,0.0000,1.0160,2.7070,0,0.0000,0.0000,0.0000,0.0000,0.0000,0
5926,0.0041,0.0363,0.0113,0.0145,0.1140,0.0004,-0.58,-0.14,-0.13,0,3.748,0.550,3.040,5.158,-0.013,-0.007,1.048,0.000,0.000,0.000,0.0100,-5,1,0.00,0.00,0.00,0.0000,0.0000,0.0000,0.0000,0.0000,0.0000,0.0000,0.00,0.00,0.00,1.2350,0.9520,0.0000,1.0160,2.7070,0,0.0000,0.0000,0.0000,0.0000,0.0000,0
5976,0.0042,0.0407,0.0109,0.0121,0.1144,0.0014,-0.67,-0.07,-0.06,0,3.748,3.220,2.689,-3.456,-0.008,-0.029,1.001,0.000,0.000,0.000,0.0060,5,0,0.00,0.00,0.00,0.0000,0.0000,0.0000,0.0000,0.0000,0.0000,0.0000,0.00,0.00,0.00,1.2490,0.9400,0.0000,1.0150,2.7080,0,0.0000,0.0000,0.0000,0.0000,0.0000,0
6027,0.0039,0.0432,0.0089,0.0083,0.1031,-0.0117,-0.44,-0.02,-0.23,0,3.737,-0.789,3.452,2.168,-0.025,-0.015,0.980,0.000,0.000,0.000,0.0120,6,3,0.00,0.00,0.00,0.0000,0.0000,0.0000,0.0000,0.0000,0.0000,0.0000,0.00,0.00,0.00,1.2490,0.9400,0.0000,1.0150,2.7080,0,0.0000,0.0000,0.0000,0.0000,0.0000,0
6079,0.0045,0.0423,0.0103,0.0098,0.0776,-0.0019,-0.22,-0.03,-0.10,0,3.748,-0.998,-4.581,-5.440,-0.008,-0.024,1.054,0.000,0.000,0.000,0.0130,-3,4,0.00,0.00,0.00,0.0000,0.0000,0.0000,0.0000,0.0000,0.0000,0.0000,0.00,0.00,0.00,1.2410,0.9460,0.0000,1.0160,2.7000,0,0.0000,0.0000,0.0000,0.0000,0.0000,0
6129,0.0043,0.0413,0.0118,0.0079,0.0556,0.0115,-0.12,0.09,-0.24,0,3.737,0.484,-2.384,0.992,-0.010,-0.016,1.054,0.000,0.000,0.000,0.0130,-3,1,0.00,0.00,0.00,0.0000,0.0000,0.0000,0.0000,0.0000,0.0000,0.0000,0.00,0.00,0.00,1.2410,0.9460,0.0000,1.0160,2.7000,0,0.0000,0.0000,0.0000,0.0000,0.0000,0
6180,0.0040,0.0398,0.0129,0.0043,0.0341,0.0152,0.17,0.06,-0.19,0,3.748,-3.204,2.169,1.749,-0.001,-0.019,0.981,0.000,0.000,0.000,0.0140,-26,8,0.00,0.00,0.00,0.0000,0.0000,0.0000,0.0000,0.0000,0.0000,0.0000,0.00,0.00,0.00,1.2440,0.9500,0.0000,1.0160,2.7120,0,0.0000,0.0000,0.0000,0.0000,0.0000,0
6232,0.0075,0.0337,0.0140,0.0213,-0.0061,0.0121,0.11,-0.03,-0.22,0,3.732,2.016,-0.524,-2.826,-0.002,-0.020,1.020,0.000,0.000,0.000,0.0090,1,0,0.00,0.00,0.00,0.0000,0.0000,0.0000,0.0000,0.0000,0.0000,0.0000,0.00,0.00,0.00,1.2440,0.9500,0.0000,1.0160,2.7120,0,0.0000,0.0000,0.0000,0.0000,0.0000,0
6283,0.0058,0.0394,0.0125,0.0089,0.0182,0.0055,0.15,-0.01,-0.29,0,3.737,-2.945,-0.992,-5.096,-0.013,-0.001,0.995,0.000,0.000,0.000,0.0120,3,0,0.00,0.00,0.00,0.0000,0.0000,0.0000,0.0000,0.0000,0.0000,0.0000,0.00,0.00,0.00,1.2490,0.9490,0.0000,1.0160,2.7020,0,0.0000,0.0000,0.0000,0.0000,0.0000,0
6333,0.0057,0.0397,0.0124,0.0062,0.0158,0.0075,0.17,0.02,-0.51,0,3.727,0.063,-2.355,2.217,-0.014,-0.018,0.993,0.000,0.000,0.000,0.0110,0,0,0.00,0.00,0.00,0.0000,0.0000,0.0000,0.0000,0.0000,0.0000,0.0000,0.00,0.00,0.00,1.2490,0.9490,0.0000,1.0160,2.7020,0,0.0000,0.0000,0.0000,0.0000,0.0000,0
6385,0.0058,0.0386,0.0121,0.0042,0.0047,0.0050,0.24,0.00,-0.37,0,3.737,6.522,2.073,-2.773,-0.010,-0.011,1.006,0.000,0.000,0.000,0.0110,4,1,0.00,0.00,0.00,0.0000,0.0000,0.0000,0.0000,0.0000,0.0000,0.0000,0.00,0.00,0.00,1.2380,0.9490,0.0000,1.0160,2.7090,0,0.0000,0.0000,0.0000,0.0000,0.0000,0
6437,0.0062,0.0399,0.0117,0.0054,0.0083,0.0018,0.13,0.05,-0.44,0,3.727,-2.570,0.866,-0.619,-0.013,-0.014,0.994,0.000,0.000,0.000,0.0100,1,3,0.00,0.00,0.00,0.0000,0.0000,0.0000,0.0000,0.0000,0.0000,0.0000,0.00,0.00,0.00,1.2380,0.9490,0.0000,1.0160,2.7090,0,0.0000,0.0000,0.0000,0.0000,0.0000,0
6488,0.0063,0.0389,0.0110,0.0050,0.0003,-0.0060,0.23,0.04,-0.62,0,3.732,-0.820,-7.362,-0.798,-0.002,-0.019,1.001,0.000,0.000,0.000,0.0090,0,0,0.00,0.00,0.00,0.0000,0.0000,0.0000,0.0000,0.0000,0.0000,0.0000,0.00,0.00,0.00,1.2410,0.9500,0.0000,1.0180,2.7090,0,0.0000,0.0000,0.0000,0.0000,0.0000,0
6539,0.0056,0.0386,0.0101,-0.0001,-0.0032,-0.0047,0.22,0.33,-0.63,0,3.721,-3.178,5.857,5.722,0.003,-0.011,0.966,0.000,0.000,0.000,0.0130,0,0,0.00,0.00,0.00,0.0000,0.0000,0.0000,0.0000,0.0000,0.0000,0.0000,0.00,0.00,0.00,1.2410,0.9500,0.0000,1.0180,2.7090,0,0.0000,0.0000,0.0000,0.0000,0.0000,0
6591,0.0056,0.0384,0.0112,-0.0025,-0.0046,-0.0010,0.20,0.25,-0.53,0,3.727,-6.793,-3.761,-0.125,0.006,-0.018,1.001,0.000,0.000,0.000,0.0070,0,0,0.00,0.00,0.00,0.0000,0.0000,0.0000,0.0000,0.0000,0.0000,0.0000,0.00,0.00,0.00,1.2420,0.9390,0.0000,1.0200,2.7060,0,0.0000,0.0000,0.0000,0.0000,0.0000,0
6642,0.0054,0.0382,0.0093,-0.0043,-0.0067,-0.0080,0.19,0.22,-0.61,0,3.716,7.109,-4.157,6.404,-0.000,-0.004,0.997,0.000,0.000,0.000,0.0090,0,0,0.00,0.00,0.00,0.0000,0.0000,0.0000,0.0000,0.0000,0.0000,0.0000,0.00,0.00,0.00,1.2420,0.9390,0.0000,1.0200,2.7060,0,0.0000,0.0000,0.0000,0.0000,0.0000,0
6694,0.0051,0.0378,0.0089,-0.0054,-0.0085,-0.0101,0.24,0.14,-0.42,0,3.727,-2.101,-6.124,5.804,0.005,-0.010,0.993,0.000,0.000,0.000,0.0080,0,0,0.00,0.00,0.00,0.0000,0.0000,0.0000,0.0000,0.0000,0.0000,0.0000,0.00,0.00,0.00,1.2430,0.9340,0.0000,1.0200,2.7160,0,0.0000,0.0000,0.0000,0.0000,0.0000,0
6745,0.0048,0.0373,0.0083,-0.0065,-0.0103,-0.0065,0.24,0.26,-0.17,0,3.716,-2.813,-7.268,-2.799,0.009,-0.013,1.013,0.000,0.000,0.000,0.0090,-6,-1,0.00,0.00,0.00,0.0000,0.0000,0.0000,0.0000,0.0000,0.0000,0.0000,0.00,0.00,0.00,1.2430,0.9340,0.0000,1.0200,2.7160,0,0.0000,0.0000,0.0000,0.0000,0.0000,0
6795,0.0128,0.0424,0.0085,0.0238,0.0092,0.0007,-0.01,0.48,-0.21,0,3.727,11.967,-23.268,1.672,0.019,-0.017,0.989,0.000,0.000,0.000,0.0100,-1,-17,0.00,0.00,0.00,0.0000,0.0000,0.0000,0.0000,0.0000,0.0000,0.0000,0.00,0.00,0.00,1.2510,0.9280,0.0000,1.0140,2.7040,0,0.0000,0.0000,0.0000,0.0000,0.0000,0
6846,0.0289,0.0508,0.0090,0.0761,0.0380,0.0058,-0.07,0.48,-0.25,0,3.716,6.125,-15.351,-1.423,-0.001,-0.011,1.036,0.000,0.000,0.000,0.0090,-4,0,0.00,0.00,0.00,0.0000,0.0000,0.0000,0.0000,0.0000,0.0000,0.0000,0.00,0.00,0.00,1.2510,0.9280,0.0000,1.0140,2.7040,0,0.0000,0.0000,0.0000,0.0000,0.0000,0
6897,0.0408,0.0535,0.0089,0.1002,0.0423,-0.0005,-0.06,0.96,-0.30,0,3.721,0.798,-14.899,-0.411,0.015,-0.007,0.996,0.000,0.000,0.000,0.0120,1,1,0.00,0.00,0.00,0.0000,0.0000,0.0000,0.0000,0.0000,0.0000,0.0000,0.00,0.00,0.00,1.2620,0.0000,0.0000,1.0130,2.7060,0,0.0000,0.0000,0.0000,0.0000,0.0000,0
6948,0.0328,0.0579,0.0108,0.0443,0.0507,0.0154,0.09,1.96,-0.30,0,3.711,18.095,-17.378,-7.378,0.007,0.003,1.040,0.000,0.000,0.000,0.0120,-15,16,0.00,0.00,0.00,0.0000,0.0000,0.0000,0.0000,0.0000,0.0000,0.0000,0.00,0.00,0.00,1.2620,0.0000,0.0000,1.0130,2.7060,0,0.0000,0.0000,0.0000,0.0000,0.0000,0
7000,0.0229,0.0571,0.0117,-0.0189,0.0385,0.0238,0.11,3.65,-0.56,0,3.727,22.695,-1.922,-2.300,0.022,-0.009,0.987,0.000,0.000,0.000,0.0070,0,4,0.00,0.00,0.00,0.0000,0.0000,0.0000,0.0000,0.0000,0.0000,0.0000,0.00,0.00,0.00,1.2900,0.2190,0.0000,1.0160,2.7170,0,0.0000,0.0000,0.0000,0.0000,0.0000,0
7051,-0.0029,0.0674,0.0076,-0.1451,0.0698,-0.0051,1.10,4.74,-0.61,0,3.711,43.423,39.654,5.009,0.014,-0.016,0.976,0.000,0.000,0.000,0.0000,3,38,0.00,0.00,0.00,0.0000,0.0000,0.0000,0.0000,0.0000,0.0000,0.0000,0.00,0.00,0.00,1.2900,0.2190,0.0000,1.0160,2.7170,0,0.0000,0.0000,0.0000,0.0000,0.0000,0
7103,-0.0449,0.0724,-0.0042,-0.3219,0.0677,-0.0787,3.14,3.58,-0.44,0,3.716,4.140,68.281,-0.136,0.007,-0.006,0.957,0.000,0.000,0.000,0.0010,13,38,0.00,0.00,0.00,0.0000,0.0000,0.0000,0.0000,0.0000,0.0000,0.0000,0.00,0.00,0.00,1.2960,0.0000,0.9480,0.9330,2.7100,0,0.0000,0.0000,0.0000,0.0000,0.0000,0
7154,-0.0720,0.0623,-0.0091,-0.4013,-0.0135,-0.1055,4.54,1.19,-0.39,0,3.690,-94.803,32.340,0.219,-0.006,-0.012,0.991,0.000,0.000,0.000,0.0110,37,27,0.00,0.00,0.00,0.0000,0.0000,0.0000,0.0000,0.0000,0.0000,0.0000,0.00,0.00,0.00,1.2960,0.0000,0.9480,0.9330,2.7100,0,0.0000,0.0000,0.0000,0.0000,0.0000,0
7205,-0.1129,0.0200,-0.0176,-0.5039,-0.2311,-0.1229,1.19,-0.43,-0.36,0,3.700,69.584,-0.167,-1.019,-0.010,-0.015,1.009,0.000,0.000,0.000,0.0140,7,6,0.00,0.00,0.00,0.0000,0.0000,0.0000,0.0000,0.0000,0.0000,0.0000,0.00,0.00,0.00,1.2240,0.9660,0.0000,1.0250,2.7100,0,0.0000,0.0000,0.0000,0.0000,0.0000,0
7255,-0.1386,-0.0182,-0.0122,-0.4916,-0.3615,-0.0159,2.84,-2.36,-0.76,0,3.706,-100.719,130.599,-15.348,-0.027,-0.025,0.996,0.000,0.000,0.000,0.0030,12,-3,0.00,0.00,0.00,0.0000,0.0000,0.0000,0.0000,0.0000,0.0000,0.0000,0.00,0.00,0.00,1.2240,0.9660,0.0000,1.0250,2.7100,0,0.0000,0.0000,0.0000,0.0000,0.0000,0
7306,-0.1435,-0.0404,-0.0011,-0.3681,-0.4049,0.0549,0.88,-7.70,-1.29,0,3.711,-144.544,66.044,-9.153,-0.027,-0.036,0.987,0.000,0.000,0.000,0.0000,25,-33,0.00,0.00,0.00,0.0000,0.0000,0.0000,0.0000,0.0000,0.0000,0.0000,0.00,0.00,0.00,0.0000,0.0000,0.0000,1.0380,2.7390,0,0.0000,0.0000,0.0000,0.0000,0.0000,0
7358,-0.1277,-0.0545,0.0062,-0.1359,-0.3811,0.1039,-4.40,-10.66,-1.77,0,3.706,-149.278,6.452,4.133,-0.029,-0.032,0.991,0.000,0.000,0.000,0.0000,2,-27,0.00,0.00,0.00,0.0000,0.0000,0.0000,0.0000,0.0000,0.0000,0.0000,0.00,0.00,0.00,0.0000,0.0000,0.0000,1.0380,2.7390,0,0.0000,0.0000,0.0000,0.0000,0.0000,0
7408,-0.0827,-0.0581,-0.0017,0.1943,-0.2818,0.0303,-11.77,-12.14,-2.05,0,3.721,-76.799,-81.786,3.345,-0.005,-0.012,0.923,0.000,0.000,0.000,0.0000,-41,-99,0.00,0.00,0.00,0.0000,0.0000,0.0000,0.0000,0.0000,0.0000,0.0000,0.00,0.00,0.00,0.1840,0.0000,0.0000,1.2140,2.8230,0,0.0000,0.0000,0.0000,0.0000,0.0000,0
7460,-0.0331,-0.0400,-0.0205,0.4696,-0.0568,-0.1152,-17.30,-10.17,-1.85,0,3.711,105.708,-193.486,-6.609,0.005,-0.012,0.917,0.000,0.000,0.000,0.0010,-63,-74,0.00,0.00,0.00,0.0000,0.0000,0.0000,0.0000,0.0000,0.0000,0.0000,0.00,0.00,0.00,0.1840,0.0000,0.0000,1.2140,2.8230,0,0.0000,0.0000,0.0000,0.0000,0.0000,0
7510,0.0058,-0.0163,-0.0269,0.6022,0.1719,-0.1672,-12.97,-0.53,-0.67,0,3.679,251.844,-224.072,-10.694,0.009,-0.041,0.945,0.000,0.000,0.000,0.0000,-23,33,0.00,0.00,0.00,0.0000,0.0000,0.0000,0.0000,0.0000,0.0000,0.0000,0.00,0.00,0.00,0.0000,0.0000,0.0000,0.0000,2.7800,0,0.0000,0.0000,0.0000,0.0000,0.0000,0
7561,0.0340,-0.0119,-0.0168,0.5855,0.2324,-0.1152,-0.32,11.46,-0.73,0,3.584,-192.255,275.133,39.185,0.047,-0.045,0.977,0.000,0.000,0.000,0.0000,37,-26,0.00,0.00,0.00,0.0000,0.0000,0.0000,0.0000,0.0000,0.0000,0.0000,0.00,0.00,0.00,0.0000,0.0000,0.0000,0.0000,2.7800,0,0.0000,0.0000,0.0000,0.0000,0.0000,0
7613,0.0553,-0.0088,-0.0096,0.4638,0.1909,0.0025,-7.15,0.59,1.18,0,3.721,21.943,-14.129,4.123,0.013,-0.099,1.289,0.000,0.000,0.000,0.0000,4,10,0.00,0.00,0.00,0.0000,0.0000,0.0000,0.0000,0.0000,0.0000,0.0000,0.00,0.00,0.00,0.0000,0.0000,0.0000,0.0000,2.7390,0,0.0000,0.0000,0.0000,0.0000,0.0000,0
7663,0.0832,-0.0224,0.0009,0.4719,0.1206,0.1462,-8.78,-0.32,0.86,0,3.700,183.825,-245.025,-8.641,0.007,-0.029,0.961,0.000,0.000,0.000,0.0000,0,-5,0.00,0.00,0.00,0.0000,0.0000,0.0000,0.0000,0.0000,0.0000,0.0000,0.00,0.00,0.00,0.0000,0.0000,0.0000,0.0000,2.7390,0,0.0000,0.0000,0.0000,0.0000,0.0000,0
7714,0.0880,-0.0244,0.0124,0.3713,0.1351,0.1735,0.23,11.34,0.75,0,3.679,-98.532,-78.912,47.198,-0.001,-0.115,0.988,0.000,0.000,0.000,0.0000,-5,-5,0.00,0.00,0.00,0.0000,0.0000,0.0000,0.0000,0.0000,0.0000,0.0000,0.00,0.00,0.00,0.0000,0.0000,0.7410,1.1810,2.7550,0,0.0000,0.0000,0.0000,0.0000,0.0000,0
7765,0.0690,-0.0343,0.0142,0.0932,0.0506,0.1324,-0.51,19.32,0.99,0,3.711,-138.553,47.739,6.305,0.002,-0.014,0.939,0.000,0.000,0.000,0.0080,10,3,0.00,0.00,0.00,0.0000,0.0000,0.0000,0.0000,0.0000,0.0000,0.0000,0.00,0.00,0.00,0.0000,0.0000,0.7410,1.1810,2.7550,0,0.0000,0.0000,0.0000,0.0000,0.0000,0
7816,0.0769,-0.0330,0.0164,-0.0186,0.0466,0.0637,-6.99,16.95,1.02,0,3.721,24.185,113.812,6.443,0.015,0.003,0.942,0.000,0.000,0.000,0.0220,-3,1,0.00,0.00,0.00,0.0000,0.0000,0.0000,0.0000,0.0000,0.0000,0.0000,0.00,0.00,0.00,1.7740,0.1120,0.0000,1.4290,2.8730,0,0.0000,0.0000,0.0000,0.0000,0.0000,0
7867,0.0729,-0.0449,0.0216,-0.1479,0.0200,0.0337,-5.54,11.26,-0.21,0,3.695,135.901,86.800,5.860,0.025,-0.024,0.928,0.000,0.000,0.000,0.0200,-1,21,0.00,0.00,0.00,0.0000,0.0000,0.0000,0.0000,0.0000,0.0000,0.0000,0.00,0.00,0.00,1.7740,0.1120,0.0000,1.4290,2.8730,0,0.0000,0.0000,0.0000,0.0000,0.0000,0
7918,0.0846,-0.0384,0.0244,-0.1375,0.0819,-0.0036,0.42,6.36,0.24,0,3.695,149.796,132.244,5.381,0.055,-0.110,1.155,0.000,0.000,0.000,0.0040,26,0,0.00,0.00,0.00,0.0000,0.0000,0.0000,0.0000,0.0000,0.0000,0.0000,0.00,0.00,0.00,1.6680,0.2020,0.6040,0.0000,2.7520,0,0.0000,0.0000,0.0000,0.0000,0.0000,0
7969,0.0861,-0.0439,0.0161,-0.1445,0.0298,-0.0279,3.49,-2.07,1.12,0,3.695,-124.352,41.227,22.120,0.015,-0.156,1.220,0.000,0.000,0.000,0.0210,0,0,0.00,0.00,0.00,0.0000,0.0000,0.0000,0.0000,0.0000,0.0000,0.0000,0.00,0.00,0.00,1.6680,0.2020,0.6040,0.0000,2.7520,0,0.0000,0.0000,0.0000,0.0000,0.0000,0
8021,0.0865,-0.0481,0.0196,-0.1054,-0.0390,0.1265,1.29,-1.87,1.02,0,3.716,-105.158,-49.188,-6.838,0.006,-0.038,0.975,0.000,0.000,0.000,0.0230,0,0,0.00,0.00,0.00,0.0000,0.0000,0.0000,0.0000,0.0000,0.0000,0.0000,0.00,0.00,0.00,1.4610,0.0000,0.0000,0.0000,2.7310,0,0.0000,0.0000,0.0000,0.0000,0.0000,0
8072,0.0817,-0.0506,0.0266,-0.0908,-0.0526,0.1537,-3.12,-0.39,0.79,0,3.716,-3.964,-70.908,-5.610,0.016,-0.033,0.891,0.000,0.000,0.000,0.0050,2,-4,0.00,0.00,0.00,0.0000,0.0000,0.0000,0.0000,0.0000,0.0000,0.0000,0.00,0.00,0.00,1.4610,0.0000,0.0000,0.0000,2.7310,0,0.0000,0.0000,0.0000,0.0000,0.0000,0
8122,0.0810,-0.0528,0.0216,-0.0794,-0.0305,0.0686,-3.46,2.76,0.82,0,3.700,53.004,-73.990,0.007,0.015,-0.044,0.951,0.000,0.000,0.000,0.0030,0,-4,0.00,0.00,0.00,0.0000,0.0000,0.0000,0.0000,0.0000,0.0000,0.0000,0.00,0.00,0.00,0.0000,0.0000,0.3820,1.5730,2.7540,0,0.0000,0.0000,0.0000,0.0000,0.0000,0
8174,0.0829,-0.0555,0.0154,-0.0773,-0.0124,-0.0209,-0.11,5.19,0.95,0,3.690,53.555,62.701,0.916,0.042,-0.056,1.120,0.000,0.000,0.000,0.0030,-5,6,0.00,0.00,0.00,0.0000,0.0000,0.0000,0.0000,0.0000,0.0000,0.0000,0.00,0.00,0.00,0.0000,0.0000,0.3820,1.5730,2.7540,0,0.0000,0.0000,0.0000,0.0000,0.0000,0
8225,0.0833,-0.0537,0.0090,-0.1016,0.0002,-0.0619,1.31,3.35,1.18,0,3.690,-56.845,83.008,2.428,0.029,-0.045,1.002,0.000,0.000,0.000,0.0020,21,14,0.00,0.00,0.00,0.0000,0.0000,0.0000,0.0000,0.0000,0.0000,0.0000,0.00,0.00,0.00,1.7720,0.1900,0.4390,0.4570,2.7230,0,0.0000,0.0000,0.0000,0.0000,0.0000,0
8277,0.0799,-0.0597,0.0039,-0.1195,-0.0353,-0.0645,-0.29,-0.86,1.17,0,3.684,50.663,-34.439,-14.965,0.036,-0.056,1.061,0.000,0.000,0.000,0.0090,0,0,0.00,0.00,0.00,0.0000,0.0000,0.0000,0.0000,0.0000,0.0000,0.0000,0.00,0.00,0.00,1.7720,0.1900,0.4390,0.4570,2.7230,0,0.0000,0.0000,0.0000,0.0000,0.0000,0
8327,0.0728,-0.0675,0.0044,-0.1163,-0.0556,-0.0204,0.88,-0.67,0.85,0,3.700,21.738,-26.843,0.123,0.015,-0.075,1.026,0.000,0.000,0.000,0.0130,0,0,0.00,0.00,0.00,0.0000,0.0000,0.0000,0.0000,0.0000,0.0000,0.0000,0.00,0.00,0.00,1.3890,0.0000,0.4100,0.4290,2.7260,0,0.0000,0.0000,0.0000,0.0000,0.0000,0
8378,0.0666,-0.0705,0.0074,-0.1122,-0.0632,0.0017,2.00,0.92,0.79,0,3.700,-45.619,3.367,3.024,0.027,-0.058,1.014,0.000,0.000,0.000,0.0150,0,0,0.00,0.00,0.00,0.0000,0.0000,0.0000,0.0000,0.0000,0.0000,0.0000,0.00,0.00,0.00,1.3890,0.0000,0.4100,0.4290,2.7260,0,0.0000,0.0000,0.0000,0.0000,0.0000,0
8429,0.0604,-0.0742,0.0111,-0.1205,-0.0802,0.0311,0.28,0.59,0.93,0,3.706,-22.370,18.667,0.078,0.008,-0.044,0.963,0.000,0.000,0.000,0.0090,0,0,0.00,0.00,0.00,0.0000,0.0000,0.0000,0.0000,0.0000,0.0000,0.0000,0.00,0.00,0.00,1.6580,0.2380,0.3630,0.5800,2.7310,0,0.0000,0.0000,0.0000,0.0000,0.0000,0
8480,0.0543,-0.0784,0.0113,-0.1251,-0.0829,0.0203,-1.09,-0.23,0.98,0,3.695,11.882,-18.816,-1.658,0.023,-0.058,0.942,0.000,0.000,0.000,0.0060,0,0,0.00,0.00,0.00,0.0000,0.0000,0.0000,0.0000,0.0000,0.0000,0.0000,0.00,0.00,0.00,1.6580,0.2380,0.3630,0.5800,2.7310,0,0.0000,0.0000,0.0000,0.0000,0.0000,0
8531,0.0479,-0.0824,0.0093,-0.1232,-0.0747,-0.0096,-0.22,0.11,1.10,0,3.700,30.909,-21.773,-0.142,0.009,-0.067,0.983,0.000,0.000,0.000,0.0080,0,0,0.00,0.00,0.00,0.0000,0.0000,0.0000,0.0000,0.0000,0.0000,0.0000,0.00,0.00,0.00,0.0000,0.1950,0.2740,0.0000,2.7420,0,0.0000,0.0000,0.0000,0.0000,0.0000,0
8583,0.0418,-0.0860,0.0083,-0.1246,-0.0731,-0.0163,1.43,0.84,1.24,0,3.695,-18.585,47.047,1.622,0.013,-0.053,0.984,0.000,0.000,0.000,0.0070,0,0,0.00,0.00,0.00,0.0000,0.0000,0.0000,0.0000,0.0000,0.0000,0.0000,0.00,0.00,0.00,0.0000,0.1950,0.2740,0.0000,2.7420,0,0.0000,0.0000,0.0000,0.0000,0.0000,0
8634,0.0353,-0.0899,0.0071,-0.1303,-0.0848,-0.0213,0.73,-1.18,1.32,0,3.695,8.839,-20.638,-11.029,0.011,-0.089,1.083,0.000,0.000,0.000,0.0090,0,0,0.00,0.00,0.00,0.0000,0.0000,0.0000,0.0000,0.0000,0.0000,0.0000,0.00,0.00,0.00,0.0000,0.0000,0.1890,0.0000,2.7260,0,0.0000,0.0000,0.0000,0.0000,0.0000,0
8685,0.0291,-0.0944,0.0074,-0.1204,-0.0912,0.0041,0.56,-1.39,1.07,0,3.695,-10.538,12.655,0.504,0.016,-0.069,0.969,0.000,0.000,0.000,0.0110,0,0,0.00,0.00,0.00,0.0000,0.0000,0.0000,0.0000,0.0000,0.0000,0.0000,0.00,0.00,0.00,0.0000,0.0000,0.1890,0.0000,2.7260,0,0.0000,0.0000,0.0000,0.0000,0.0000,0
8736,0.0234,-0.0990,0.0091,-0.1075,-0.0956,0.0093,0.45,-1.80,0.99,0,3.706,6.415,3.727,0.245,0.002,-0.063,1.014,0.000,0.000,0.000,0.0130,0,0,0.00,0.00,0.00,0.0000,0.0000,0.0000,0.0000,0.0000,0.0000,0.0000,0.00,0.00,0.00,0.0000,0.5330,0.0960,1.8670,2.7250,0,0.0000,0.0000,0.0000,0.0000,0.0000,0
8788,0.0185,-0.1039,0.0114,-0.0932,-0.1001,0.0280,0.02,-1.46,0.80,0,3.510,-77.639,-40.162,-23.065,-0.017,-2.010,0.639,0.000,0.000,0.000,0.0100,0,0,0.00,0.00,0.00,0.0000,0.0000,0.0000,0.0000,0.0000,0.0000,0.0000,0.00,0.00,0.00,0.0000,0.5330,0.0960,1.8670,2.7250,0,0.0000,0.0000,0.0000,0.0000,0.0000,0
8838,0.0141,-0.1090,0.0118,-0.0804,-0.1001,0.0036,0.74,-2.44,1.55,0,3.558,155.482,2.112,-40.523,0.069,0.120,0.959,0.000,0.000,0.000,0.0160,0,0,0.00,0.00,0.00,0.0000,0.0000,0.0000,0.0000,0.0000,0.0000,0.0000,0.00,0.00,0.00,0.6880,0.3830,0.0160,1.9540,2.7280,0,0.0000,0.0000,0.0000,0.0000,0.0000,0
8889,0.0104,-0.1140,0.0084,-0.0688,-0.1082,-0.1498,4.90,-1.95,0.55,0,3.605,-44.933,-7.552,-34.300,0.047,0.087,0.967,0.000,0.000,0.000,0.0260,0,0,0.00,0.00,0.00,0.0000,0.0000,0.0000,0.0000,0.0000,0.0000,0.0000,0.00,0.00,0.00,0.6880,0.3830,0.0160,1.9540,2.7280,0,0.0000,0.0000,0.0000,0.0000,0.0000,0
8940,0.0076,-0.1207,0.0150,-0.0472,-0.1585,0.0161,2.28,-2.09,-1.05,0,3.653,-54.029,11.699,-31.634,0.017,0.036,1.006,0.000,0.000,0.000,0.0050,0,0,0.00,0.00,0.00,0.0000,0.0000,0.0000,0.0000,0.0000,0.0000,0.0000,0.00,0.00,0.00,0.7430,0.5450,0.0820,0.0000,2.7030,0,0.0000,0.0000,0.0000,0.0000,0.0000,0
8992,0.0057,-0.1293,0.0113,-0.0298,-0.1784,0.0004,-0.57,-2.05,-2.41,0,3.669,-96.018,6.330,-17.443,0.008,-0.002,0.980,0.000,0.000,0.000,0.0100,0,0,0.00,0.00,0.00,0.0000,0.0000,0.0000,0.0000,0.0000,0.0000,0.0000,0.00,0.00,0.00,0.7430,0.5450,0.0820,0.0000,2.7030,0,0.0000,0.0000,0.0000,0.0000,0.0000,0
9043,0.0047,-0.1383,0.0111,-0.0105,-0.1730,0.0155,-5.19,-2.24,-3.24,0,3.684,-71.543,-8.415,-7.159,-0.002,-0.012,0.964,0.000,0.000,0.000,0.0050,-3,-6,0.00,0.00,0.00,0.0000,0.0000,0.0000,0.0000,0.0000,0.0000,0.0000,0.00,0.00,0.00,0.0000,0.5250,0.1290,2.1970,0.0000,0,0.0000,0.0000,0.0000,0.0000,0.0000,0
9094,0.0389,-0.0974,0.0093,0.0817,-0.0287,0.0040,-9.61,-1.92,-3.83,0,3.674,15.984,-47.715,-1.025,0.010,-0.025,0.977,0.000,0.000,0.000,0.0040,4,-3,0.00,0.00,0.00,0.0000,0.0000,0.0000,0.0000,0.0000,0.0000,0.0000,0.00,0.00,0.00,0.0000,0.5250,0.1290,2.1970,0.0000,0,0.0000,0.0000,0.0000,0.0000,0.0000,0
9144,-0.0079,-0.1006,0.0070,-0.0048,0.0364,-0.0340,-8.36,0.82,-3.35,0,3.684,84.928,-1.837,5.767,-0.001,-0.050,0.984,0.000,0.000,0.000,0.0070,3,1,0.00,0.00,0.00,0.0000,0.0000,0.0000,0.0000,0.0000,0.0000,0.0000,0.00,0.00,0.00,0.0000,0.5050,0.1200,2.2350,0.0000,0,0.0000,0.0000,0.0000,0.0000,0.0000,0
9195,-0.0377,-0.1040,0.0046,-0.0695,0.0899,-0.0675,-5.41,1.59,-3.12,0,3.674,58.596,50.889,7.692,0.004,-0.060,0.942,0.000,0.000,0.000,0.0070,-6,5,0.00,0.00,0.00,0.0000,0.0000,0.0000,0.0000,0.0000,0.0000,0.0000,0.00,0.00,0.00,0.0000,0.5050,0.1200,2.2350,0.0000,0,0.0000,0.0000,0.0000,0.0000,0.0000,0
9246,-0.0383,-0.1223,0.0032,-0.0711,0.0779,-0.0766,-1.95,-0.74,-2.75,0,3.679,77.480,-38.664,-12.181,0.065,-0.052,1.072,0.000,0.000,0.000,0.0090,0,0,0.00,0.00,0.00,0.0000,0.0000,0.0000,0.0000,0.0000,0.0000,0.0000,0.00,0.00,0.00,0.0000,0.5040,0.0990,2.0900,0.0000,0,0.0000,0.0000,0.0000,0.0000,0.0000,0
9298,-0.0395,-0.1278,0.0034,-0.0553,0.0669,-0.0390,1.36,-1.78,-2.58,0,3.684,26.324,17.216,7.421,0.020,-0.042,1.069,0.000,0.000,0.000,0.0140,0,0,0.00,0.00,0.00,0.0000,0.0000,0.0000,0.0000,0.0000,0.0000,0.0000,0.00,0.00,0.00,0.0000,0.5040,0.0990,2.0900,0.0000,0,0.0000,0.0000,0.0000,0.0000,0.0000,0
9349,-0.0424,-0.1231,0.0075,-0.0401,0.0595,0.0219,1.82,-1.70,-2.20,0,3.700,-35.897,2.802,8.372,0.018,-0.041,1.038,0.000,0.000,0.000,0.0160,0,0,0.00,0.00,0.00,0.0000,0.0000,0.0000,0.0000,0.0000,0.0000,0.0000,0.00,0.00,0.00,0.0000,0.4650,0.0650,1.9350,2.7190,0,0.0000,0.0000,0.0000,0.0000,0.0000,0
9400,-0.0442,-0.1199,0.0127,-0.0239,0.0447,0.0659,-0.06,-1.78,-1.87,0,3.695,-82.863,5.696,4.077,0.016,-0.025,1.031,0.000,0.000,0.000,0.0140,0,0,0.00,0.00,0.00,0.0000,0.0000,0.0000,0.0000,0.0000,0.0000,0.0000,0.00,0.00,0.00,0.0000,0.4650,0.0650,1.9350,2.7190,0,0.0000,0.0000,0.0000,0.0000,0.0000,0
9451,-0.0450,-0.1178,0.0163,-0.0075,0.0458,0.0907,-3.72,-1.83,-1.78,0,3.674,-47.280,-29.096,-17.961,0.175,-0.114,1.027,0.000,0.000,0.000,0.0080,-4,-6,0.00,0.00,0.00,0.0000,0.0000,0.0000,0.0000,0.0000,0.0000,0.0000,0.00,0.00,0.00,1.0630,0.4140,0.0460,0.0000,2.7550,0,0.0000,0.0000,0.0000,0.0000,0.0000,0
9503,-0.0410,-0.1187,0.0158,0.0226,0.0638,0.0634,-5.86,-1.69,-2.22,0,3.526,-5.054,0.237,67.444,-0.149,-0.329,0.795,0.000,0.000,0.000,0.0040,-3,-2,0.00,0.00,0.00,0.0000,0.0000,0.0000,0.0000,0.0000,0.0000,0.0000,0.00,0.00,0.00,1.0630,0.4140,0.0460,0.0000,2.7550,0,0.0000,0.0000,0.0000,0.0000,0.0000,0
9554,-0.0299,-0.1308,0.0123,0.0705,0.0560,-0.0124,-6.29,-2.10,-1.86,0,3.426,-14.683,22.387,-158.699,0.022,-0.133,0.936,0.000,0.000,0.000,0.0010,10,-4,0.00,0.00,0.00,0.0000,0.0000,0.0000,0.0000,0.0000,0.0000,0.0000,0.00,0.00,0.00,0.0000,0.2240,0.0260,0.0000,0.0000,0,0.0000,0.0000,0.0000,0.0000,0.0000,0
9605,-0.0325,-0.1382,0.0056,0.0658,0.0576,-0.1156,-6.35,-2.56,-6.21,0,3.568,52.865,-0.287,-6.163,0.033,-0.024,1.006,0.000,0.000,0.000,0.0020,-4,3,0.00,0.00,0.00,0.0000,0.0000,0.0000,0.0000,0.0000,0.0000,0.0000,0.00,0.00,0.00,0.0000,0.2240,0.0260,0.0000,0.0000,0,0.0000,0.0000,0.0000,0.0000,0.0000,0
9656,-0.0262,-0.1643,-0.0001,0.1026,-0.0088,-0.1367,-3.63,-2.66,-7.81,0,3.574,42.540,-16.150,16.989,0.085,-0.125,1.017,0.000,0.000,0.000,0.0050,-7,1,0.00,0.00,0.00,0.0000,0.0000,0.0000,0.0000,0.0000,0.0000,0.0000,0.00,0.00,0.00,0.0000,0.1260,0.0300,0.0000,0.0000,0,0.0000,0.0000,0.0000,0.0000,0.0000,0
9708,-0.0315,-0.1495,-0.0018,0.0835,0.0791,-0.1041,-2.10,-2.29,-7.10,0,3.521,-9.968,3.005,27.335,0.044,-0.156,0.987,0.000,0.000,0.000,0.0030,-5,1,0.00,0.00,0.00,0.0000,0.0000,0.0000,0.0000,0.0000,0.0000,0.0000,0.00,0.00,0.00,0.0000,0.1260,0.0300,0.0000,0.0000,0,0.0000,0.0000,0.0000,0.0000,0.0000,0
9759,-0.0378,-0.1375,-0.0030,0.0480,0.1312,-0.0782,-1.98,-1.75,-6.25,0,3.510,14.569,-5.628,23.694,0.056,-0.164,0.950,0.000,0.000,0.000,0.0080,-5,6,0.00,0.00,0.00,0.0000,0.0000,0.0000,0.0000,0.0000,0.0000,0.0000,0.00,0.00,0.00,0.0000,0.1590,0.0280,2.0940,2.7500,0,0.0000,0.0000,0.0000,0.0000,0.0000,0
9810,-0.0481,-0.1341,0.0001,-0.0118,0.1250,-0.0556,-1.12,-0.94,-5.06,0,3.505,48.727,-1.834,29.375,0.069,-0.164,0.947,0.000,0.000,0.000,0.0060,0,0,0.00,0.00,0.00,0.0000,0.0000,0.0000,0.0000,0.0000,0.0000,0.0000,0.00,0.00,0.00,0.0000,0.1590,0.0280,2.0940,2.7500,0,0.0000,0.0000,0.0000,0.0000,0.0000,0
9861,-0.0569,-0.1382,0.0006,-0.0525,0.0680,-0.0585,1.48,-0.57,-3.52,0,3.521,74.411,5.166,31.800,0.034,-0.160,0.964,0.000,0.000,0.000,0.0100,0,0,0.00,0.00,0.00,0.0000,0.0000,0.0000,0.0000,0.0000,0.0000,0.0000,0.00,0.00,0.00,0.0000,0.2210,0.0330,0.0000,2.7280,0,0.0000,0.0000,0.0000,0.0000,0.0000,0
9912,-0.0591,-0.1345,0.0022,-0.0481,0.0526,-0.0581,5.31,-0.41,-2.00,0,3.600,-13.031,-18.948,-5.541,-0.060,0.073,1.430,0.000,0.000,0.000,0.0190,0,0,0.00,0.00,0.00,0.0000,0.0000,0.0000,0.0000,0.0000,0.0000,0.0000,0.00,0.00,0.00,0.0000,0.2210,0.0330,0.0000,2.7280,0,0.0000,0.0000,0.0000,0.0000,0.0000,0
9964,-0.0611,-0.1324,0.0086,-0.0448,-0.0047,0.0502,6.52,-0.41,-1.86,0,3.653,-56.735,-22.280,-3.321,-0.002,0.032,1.031,0.000,0.000,0.000,0.0160,0,0,0.00,0.00,0.00,0.0000,0.0000,0.0000,0.0000,0.0000,0.0000,0.0000,0.00,0.00,0.00,0.0000,0.3330,0.0350,1.6830,2.7260,0,0.0000,0.0000,0.0000,0.0000,0.0000,0
10016,-0.0633,-0.1340,0.0142,-0.0427,-0.0573,0.0768,3.76,-0.42,-1.92,0,3.637,-65.324,6.155,-7.125,0.063,-0.051,1.083,0.000,0.000,0.000,0.0240,0,0,0.00,0.00,0.00,0.0000,0.0000,0.0000,0.0000,0.0000,0.0000,0.0000,0.00,0.00,0.00,0.0000,0.3330,0.0350,1.6830,2.7260,0,0.0000,0.0000,0.0000,0.0000,0.0000,0
10068,-0.0653,-0.1376,0.0214,-0.0394,-0.0846,0.0924,0.86,-0.48,-2.49,0,3.489,-82.063,-44.713,56.124,-0.570,-0.250,1.070,0.000,0.000,0.000,0.0100,4,-5,0.00,0.00,0.00,0.0000,0.0000,0.0000,0.0000,0.0000,0.0000,0.0000,0.00,0.00,0.00,0.0000,0.2740,0.0330,2.0940,2.7450,0,0.0000,0.0000,0.0000,0.0000,0.0000,0
10118,-0.0672,-0.1418,0.0194,-0.0352,-0.0870,0.0668,-2.03,-0.26,-0.95,0,3.479,-21.758,2.779,-6.153,-0.040,-0.247,0.932,0.000,0.000,0.000,0.0040,4,-5,0.00,0.00,0.00,0.0000,0.0000,0.0000,0.0000,0.0000,0.0000,0.0000,0.00,0.00,0.00,0.0000,0.2740,0.0330,2.0940,2.7450,0,0.0000,0.0000,0.0000,0.0000,0.0000,0
10169,-0.0418,-0.1379,0.0137,0.0902,-0.0361,-0.0124,-3.69,-1.10,-0.09,0,3.494,29.797,-10.769,22.870,-0.088,-0.253,0.935,0.000,0.000,0.000,0.0020,-3,0,0.00,0.00,0.00,0.0000,0.0000,0.0000,0.0000,0.0000,0.0000,0.0000,0.00,0.00,0.00,0.8740,0.3190,0.0260,2.2610,0.0000,0,0.0000,0.0000,0.0000,0.0000,0.0000,0
10221,-0.0422,-0.1427,0.0074,0.0736,-0.0250,-0.0771,-2.66,-0.77,0.76,0,3.537,52.216,-1.698,5.690,-0.036,-0.116,1.029,0.000,0.000,0.000,0.0030,-6,1,0.00,0.00,0.00,0.0000,0.0000,0.0000,0.0000,0.0000,0.0000,0.0000,0.00,0.00,0.00,0.8740,0.3190,0.0260,2.2610,0.0000,0,0.0000,0.0000,0.0000,0.0000,0.0000,0
10271,-0.0611,-0.1406,0.0026,-0.0256,0.0081,-0.0898,-0.28,-0.04,1.26,0,3.547,15.095,8.895,-4.993,-0.028,-0.128,1.040,0.000,0.000,0.000,0.0090,0,0,0.00,0.00,0.00,0.0000,0.0000,0.0000,0.0000,0.0000,0.0000,0.0000,0.00,0.00,0.00,0.0000,0.3740,0.0310,2.2440,2.7440,0,0.0000,0.0000,0.0000,0.0000,0.0000,0
10323,-0.0689,-0.1371,0.0023,-0.0576,0.0219,-0.0538,0.94,0.16,0.91,0,3.547,5.588,0.726,0.013,-0.014,-0.080,0.996,0.000,0.000,0.000,0.0110,0,0,0.00,0.00,0.00,0.0000,0.0000,0.0000,0.0000,0.0000,0.0000,0.0000,0.00,0.00,0.00,0.0000,0.3740,0.0310,2.2440,2.7440,0,0.0000,0.0000,0.0000,0.0000,0.0000,0
