time_ms,vel_x,vel_y,vel_z,roll,pitch,yaw,range_z,gyro_x,gyro_y,gyro_z
0,-1.1285,4.4190,0.0069,-1.77,-0.05,-0.13,0.008,-0.091,-0.205,-0.039
0,-1.1290,4.4218,0.0074,-1.77,-0.05,-0.13,0.008,-0.123,-0.047,0.117
0,-1.1173,4.3254,-0.0017,-1.76,-0.05,-0.13,0.008,0.069,-0.045,-0.112
0,-1.1179,4.3286,-0.0015,-1.76,-0.05,-0.13,0.008,-0.464,0.111,0.139
0,-1.1184,4.3317,-0.0012,-1.76,-0.05,-0.13,0.008,-0.327,0.162,0.215
0,-1.1188,4.3347,-0.0010,-1.75,-0.05,-0.13,0.014,0.077,-0.207,0.047
0,-1.1191,4.3378,-0.0007,-1.76,-0.05,-0.13,0.014,0.004,0.032,-0.038
0,-1.1055,4.3784,0.0091,-1.74,-0.06,-0.13,0.014,-0.343,0.154,0.042
0,-1.1057,4.3814,0.0093,-1.74,-0.06,-0.13,0.014,0.037,-0.081,-0.289
0,-1.1062,4.3845,0.0097,-1.74,-0.06,-0.13,0.014,-0.379,0.057,0.225
0,-1.1062,4.3845,0.0097,-1.74,-0.06,-0.13,0.011,-0.107,0.113,0.036
0,-1.1068,4.3875,0.0100,-1.74,-0.06,-0.13,0.011,-0.213,0.031,-0.091
0,-1.1119,4.3890,0.0074,-1.75,-0.06,-0.13,0.011,-0.005,-0.085,-0.225
1,-1.1119,4.3890,0.0074,-1.75,-0.06,-0.13,0.011,-0.253,0.141,0.108
1,-1.1124,4.3919,0.0079,-1.75,-0.06,-0.13,0.011,-0.230,-0.165,-0.214
1,-1.1130,4.3949,0.0084,-1.75,-0.06,-0.13,0.014,0.048,0.179,0.069
1,-1.1133,4.3981,0.0087,-1.75,-0.06,-0.13,0.014,-0.152,-0.060,0.024
1,-1.1062,4.3974,0.0135,-1.73,-0.06,-0.13,0.014,-0.138,-0.092,0.173
1,-1.1068,4.4004,0.0137,-1.73,-0.06,-0.13,0.014,-0.455,-0.259,0.180
1,-1.1073,4.4033,0.0137,-1.73,-0.06,-0.13,0.014,-0.037,-0.211,-0.087
1,-1.1076,4.4062,0.0139,-1.73,-0.06,-0.13,0.010,-0.108,-0.006,-0.056
1,-1.1078,4.4092,0.0142,-1.73,-0.06,-0.13,0.010,0.060,-0.106,0.000
1,-1.1130,4.3975,0.0057,-1.76,-0.05,-0.12,0.010,-0.176,0.361,0.171
1,-1.1136,4.4006,0.0058,-1.76,-0.05,-0.12,0.010,0.030,0.118,0.052
1,-1.1144,4.4035,0.0061,-1.76,-0.05,-0.12,0.010,-0.292,0.012,0.015
1,-1.1148,4.4065,0.0066,-1.76,-0.06,-0.13,0.013,-0.112,-0.002,0.167
1,-1.1153,4.4095,0.0067,-1.76,-0.06,-0.12,0.013,-0.235,0.018,-0.199
1,-1.1138,4.4122,0.0081,-1.76,-0.06,-0.12,0.013,-0.297,-0.402,0.041
2,-1.1145,4.4151,0.0082,-1.76,-0.06,-0.12,0.013,-0.438,0.010,-0.130
2,-1.1150,4.4180,0.0083,-1.76,-0.06,-0.12,0.013,-0.259,0.065,-0.067
2,-1.1154,4.4213,0.0086,-1.76,-0.06,-0.12,0.011,-0.115,-0.071,0.300
2,-1.1159,4.4245,0.0089,-1.76,-0.06,-0.12,0.011,-0.143,0.027,-0.035
2,-1.1236,4.4297,0.0043,-1.77,-0.05,-0.12,0.011,-0.181,-0.008,0.100
2,-1.1242,4.4326,0.0043,-1.77,-0.05,-0.12,0.011,-0.261,-0.214,-0.288
2,-1.1247,4.4354,0.0046,-1.77,-0.05,-0.12,0.011,-0.306,-0.128,0.183
2,-1.1252,4.4384,0.0047,-1.78,-0.05,-0.12,0.011,-0.095,0.111,-0.208
2,-1.1256,4.4415,0.0049,-1.78,-0.05,-0.12,0.011,-0.014,-0.202,-0.169
2,-1.1350,4.4541,0.0019,-1.79,-0.05,-0.12,0.011,-0.154,0.086,0.026
2,-1.1353,4.4571,0.0022,-1.79,-0.05,-0.12,0.011,0.036,-0.066,0.085
2,-1.1357,4.4602,0.0023,-1.79,-0.05,-0.12,0.011,-0.434,0.033,0.054
2,-1.1362,4.4632,0.0025,-1.79,-0.05,-0.12,0.012,0.176,-0.235,-0.207
2,-1.1366,4.4662,0.0029,-1.79,-0.05,-0.12,0.012,-0.195,-0.021,0.151
2,-1.1361,4.4681,0.0033,-1.79,-0.04,-0.12,0.012,0.010,0.016,-0.106
2,-1.1366,4.4714,0.0038,-1.79,-0.05,-0.12,0.012,-0.054,-0.261,0.056
3,-1.1371,4.4744,0.0045,-1.79,-0.05,-0.12,0.012,-0.397,0.020,-0.106
3,-1.1376,4.4774,0.0049,-1.78,-0.04,-0.12,0.008,-0.226,-0.072,0.060
3,-1.1379,4.4805,0.0050,-1.78,-0.04,-0.12,0.008,0.087,-0.007,-0.178
3,-1.1838,4.5456,-0.0050,-1.83,-0.02,-0.12,0.008,-0.106,0.014,-0.174
3,-1.1843,4.5487,-0.0047,-1.83,-0.02,-0.12,0.008,0.018,-0.111,-0.304
3,-1.1849,4.5519,-0.0045,-1.83,-0.02,-0.12,0.008,-0.287,-0.134,-0.113
3,-1.1854,4.5550,-0.0042,-1.83,-0.02,-0.12,0.011,-0.375,-0.038,0.136
3,-1.1859,4.5582,-0.0038,-1.83,-0.02,-0.12,0.011,-0.161,-0.009,0.188
3,-1.1670,4.5273,-0.0011,-1.81,-0.03,-0.12,0.011,-0.157,0.082,-0.290
3,-1.1676,4.5304,-0.0007,-1.81,-0.03,-0.12,0.011,-0.216,-0.046,-0.209
3,-1.1681,4.5336,-0.0001,-1.81,-0.03,-0.12,0.011,0.002,0.254,0.050
3,-1.1686,4.5368,0.0003,-1.81,-0.03,-0.12,0.011,-0.223,-0.181,-0.001
3,-1.1690,4.5398,0.0004,-1.81,-0.03,-0.12,0.011,-0.364,-0.094,0.144
3,-1.1592,4.5256,0.0020,-1.80,-0.03,-0.12,0.011,-0.355,-0.113,-0.093
3,-1.1597,4.5286,0.0025,-1.80,-0.03,-0.12,0.011,0.101,0.109,0.093
3,-1.1601,4.5317,0.0027,-1.80,-0.03,-0.12,0.011,-0.172,-0.102,0.345
3,-1.1605,4.5347,0.0029,-1.80,-0.03,-0.12,0.011,0.091,0.091,0.027
3,-1.1610,4.5375,0.0032,-1.80,-0.03,-0.12,0.011,-0.199,0.402,0.152
3,-1.1597,4.5379,0.0038,-1.80,-0.03,-0.12,0.011,-0.163,0.059,-0.249
3,-1.1603,4.5410,0.0044,-1.80,-0.03,-0.12,0.011,-0.112,-0.201,-0.030
3,-1.1609,4.5442,0.0047,-1.80,-0.03,-0.12,0.011,-0.234,-0.210,0.226
3,-1.1614,4.5472,0.0050,-1.80,-0.03,-0.12,0.013,0.100,-0.101,-0.116
3,-1.1620,4.5503,0.0053,-1.80,-0.03,-0.12,0.013,-0.016,0.022,0.091
3,-1.1441,4.5380,0.0101,-1.78,-0.04,-0.12,0.013,-0.005,0.003,0.104
4,-1.1444,4.5411,0.0104,-1.78,-0.04,-0.12,0.013,-0.132,-0.146,0.252
4,-1.1447,4.5440,0.0105,-1.78,-0.04,-0.12,0.013,-0.021,-0.154,-0.047
4,-1.1450,4.5469,0.0109,-1.78,-0.04,-0.12,0.012,-0.169,0.102,0.091
4,-1.1455,4.5499,0.0112,-1.78,-0.04,-0.12,0.012,-0.110,0.298,0.044
4,-1.1466,4.5497,0.0107,-1.78,-0.04,-0.12,0.012,0.004,0.175,0.093
4,-1.1471,4.5528,0.0111,-1.78,-0.04,-0.12,0.012,-0.065,-0.028,0.155
4,-1.1477,4.5559,0.0114,-1.78,-0.04,-0.12,0.012,-0.107,-0.023,-0.095
4,-1.1482,4.5589,0.0117,-1.78,-0.04,-0.12,0.010,0.187,-0.029,-0.111
4,-1.1486,4.5619,0.0118,-1.78,-0.04,-0.12,0.010,-0.246,0.061,0.518
4,-1.1338,4.4911,0.0049,-1.78,-0.04,-0.12,0.010,-0.141,-0.051,-0.102
4,-1.1345,4.4943,0.0051,-1.77,-0.04,-0.12,0.010,-0.331,0.009,-0.102
4,-1.1352,4.4972,0.0054,-1.77,-0.04,-0.12,0.010,0.024,0.021,-0.053
4,-1.1359,4.5002,0.0057,-1.77,-0.04,-0.12,0.013,-0.167,0.251,-0.005
4,-1.1364,4.5031,0.0059,-1.77,-0.04,-0.12,0.013,-0.121,-0.429,-0.183
4,-1.1473,4.5477,0.0094,-1.77,-0.04,-0.12,0.013,-0.152,0.332,0.253
4,-1.1477,4.5506,0.0096,-1.77,-0.04,-0.12,0.013,-0.021,0.040,-0.077
4,-1.1481,4.5537,0.0098,-1.77,-0.04,-0.12,0.013,-0.198,0.024,0.093
4,-1.1486,4.5571,0.0100,-1.77,-0.04,-0.12,0.012,-0.567,0.269,0.214
4,-1.1491,4.5601,0.0102,-1.77,-0.04,-0.12,0.012,-0.059,-0.185,0.043
4,-1.1404,4.5266,0.0077,-1.77,-0.04,-0.12,0.012,-0.252,-0.038,-0.199
4,-1.1410,4.5296,0.0080,-1.77,-0.05,-0.12,0.012,-0.038,-0.052,0.022
4,-1.1414,4.5327,0.0079,-1.77,-0.05,-0.12,0.012,-0.282,0.197,-0.086
4,-1.1420,4.5359,0.0081,-1.77,-0.05,-0.12,0.010,0.039,0.215,-0.222
4,-1.1425,4.5390,0.0086,-1.77,-0.05,-0.12,0.010,-0.270,-0.043,0.177
4,-1.1161,4.4324,0.0021,-1.76,-0.05,-0.12,0.010,-0.229,0.022,0.040
4,-1.1168,4.4354,0.0022,-1.76,-0.05,-0.12,0.010,-0.368,-0.007,0.110
4,-1.1174,4.4382,0.0024,-1.76,-0.05,-0.12,0.010,-0.398,-0.222,0.187
4,-1.1178,4.4411,0.0027,-1.76,-0.05,-0.11,0.011,-0.344,0.140,-0.124
4,-1.1183,4.4441,0.0030,-1.76,-0.05,-0.12,0.011,-0.166,-0.054,-0.147
4,-1.1062,4.3991,0.0013,-1.75,-0.05,-0.11,0.011,-0.219,0.204,0.095
4,-1.1067,4.4021,0.0016,-1.75,-0.05,-0.12,0.011,-0.297,-0.136,-0.118
5,-1.1072,4.4049,0.0019,-1.75,-0.05,-0.12,0.011,0.043,-0.124,-0.137
5,-1.1075,4.4077,0.0023,-1.75,-0.06,-0.11,0.013,-0.018,-0.150,0.119
5,-1.1079,4.4107,0.0026,-1.75,-0.05,-0.12,0.013,-0.421,-0.066,0.332
5,-1.1353,4.5144,0.0063,-1.77,-0.05,-0.12,0.013,0.209,-0.106,-0.189
5,-1.1358,4.5176,0.0066,-1.77,-0.04,-0.12,0.013,-0.032,-0.288,-0.410
5,-1.1363,4.5207,0.0069,-1.78,-0.04,-0.11,0.013,-0.163,0.014,-0.137
5,-1.1368,4.5235,0.0074,-1.77,-0.04,-0.11,0.011,-0.380,0.030,0.224
5,-1.1374,4.5264,0.0078,-1.77,-0.04,-0.12,0.011,-0.418,0.037,-0.022
5,-1.1205,4.4533,0.0042,-1.76,-0.05,-0.12,0.011,0.082,0.027,-0.131
5,-1.1207,4.4564,0.0043,-1.76,-0.05,-0.11,0.011,-0.126,-0.097,0.122
5,-1.1210,4.4595,0.0047,-1.76,-0.05,-0.11,0.011,0.054,0.112,0.167
5,-1.1213,4.4626,0.0052,-1.76,-0.05,-0.11,0.010,-0.011,-0.249,0.151
5,-1.1218,4.4656,0.0055,-1.76,-0.05,-0.11,0.010,-0.175,0.137,0.196
5,-1.1018,4.3749,0.0012,-1.74,-0.05,-0.11,0.010,-0.196,-0.046,-0.163
5,-1.1023,4.3779,0.0014,-1.74,-0.05,-0.11,0.010,0.034,-0.171,-0.007
5,-1.1028,4.3811,0.0016,-1.74,-0.05,-0.11,0.010,-0.037,-0.013,-0.217
5,-1.1032,4.3839,0.0019,-1.74,-0.05,-0.11,0.011,0.064,-0.053,-0.292
5,-1.1034,4.3869,0.0021,-1.74,-0.05,-0.11,0.011,-0.196,-0.251,0.398
5,-1.0994,4.3709,0.0014,-1.74,-0.05,-0.11,0.011,-0.232,-0.105,0.194
5,-1.0998,4.3738,0.0015,-1.73,-0.05,-0.11,0.011,-0.372,0.020,-0.109
5,-1.1004,4.3767,0.0017,-1.73,-0.05,-0.11,0.011,-0.049,-0.340,-0.438
5,-1.1010,4.3795,0.0019,-1.73,-0.04,-0.11,0.012,-0.007,-0.034,-0.307
5,-1.1014,4.3823,0.0023,-1.73,-0.04,-0.11,0.012,-0.242,0.177,-0.009
5,-1.1133,4.4359,0.0043,-1.74,-0.04,-0.11,0.012,-0.136,-0.092,0.107
5,-1.1139,4.4390,0.0046,-1.74,-0.04,-0.11,0.012,-0.237,-0.119,0.111
5,-1.1145,4.4423,0.0048,-1.74,-0.04,-0.11,0.012,-0.087,-0.046,0.078
5,-1.1149,4.4453,0.0050,-1.74,-0.04,-0.11,0.011,-0.055,-0.055,-0.109
5,-1.1152,4.4482,0.0052,-1.74,-0.04,-0.11,0.011,-0.222,-0.090,0.276
5,-1.1065,4.4069,0.0034,-1.73,-0.04,-0.11,0.011,-0.209,-0.005,-0.078
5,-1.1070,4.4100,0.0038,-1.74,-0.04,-0.11,0.011,-0.000,0.338,0.074
5,-1.1075,4.4131,0.0041,-1.74,-0.04,-0.11,0.011,-0.236,0.126,-0.018
5,-1.1078,4.4161,0.0043,-1.74,-0.04,-0.11,0.010,-0.467,0.074,0.486
6,-1.1083,4.4193,0.0044,-1.74,-0.04,-0.11,0.010,-0.295,0.146,0.179
6,-1.0946,4.3470,0.0007,-1.72,-0.04,-0.11,0.010,-0.062,-0.168,-0.075
6,-1.0952,4.3499,0.0009,-1.72,-0.04,-0.11,0.010,-0.261,-0.101,0.271
6,-1.0958,4.3528,0.0010,-1.73,-0.05,-0.11,0.010,0.029,-0.095,-0.325
6,-1.0963,4.3557,0.0013,-1.73,-0.04,-0.11,0.012,-0.249,0.197,-0.177
6,-1.0967,4.3587,0.0016,-1.73,-0.04,-0.11,0.012,-0.100,-0.350,-0.006
6,-1.1088,4.4207,0.0045,-1.74,-0.04,-0.11,0.012,0.021,0.236,0.032
6,-1.1092,4.4237,0.0048,-1.74,-0.04,-0.11,0.012,-0.113,0.233,-0.254
6,-1.1098,4.4265,0.0051,-1.74,-0.04,-0.11,0.012,-0.216,0.285,0.077
6,-1.1103,4.4293,0.0055,-1.73,-0.04,-0.11,0.010,-0.022,0.087,0.082
6,-1.1107,4.4322,0.0057,-1.73,-0.04,-0.11,0.010,-0.133,-0.190,-0.184
6,-1.0982,4.3622,0.0019,-1.72,-0.04,-0.11,0.010,-0.249,-0.063,0.187
6,-1.0989,4.3650,0.0023,-1.72,-0.04,-0.11,0.010,-0.216,0.089,-0.164
6,-1.0995,4.3677,0.0026,-1.72,-0.04,-0.11,0.010,0.075,-0.060,-0.193
6,-1.0999,4.3706,0.0029,-1.72,-0.04,-0.11,0.013,-0.257,-0.006,-0.304
6,-1.1003,4.3734,0.0031,-1.72,-0.04,-0.11,0.013,-0.180,-0.236,-0.390
6,-1.1168,4.4686,0.0081,-1.74,-0.04,-0.11,0.013,-0.003,0.112,0.221
6,-1.1173,4.4716,0.0085,-1.73,-0.04,-0.11,0.013,-0.257,-0.274,-0.092
6,-1.1179,4.4745,0.0089,-1.74,-0.04,-0.11,0.013,0.042,-0.003,-0.063
6,-1.1185,4.4773,0.0093,-1.73,-0.04,-0.11,0.010,-0.048,-0.015,-0.169
6,-1.1192,4.4803,0.0096,-1.74,-0.04,-0.11,0.010,0.077,0.174,-0.020
6,-1.1119,4.4170,0.0041,-1.73,-0.04,-0.11,0.010,-0.181,0.360,0.188
6,-1.1125,4.4202,0.0044,-1.73,-0.04,-0.11,0.010,-0.051,0.037,-0.166
6,-1.1132,4.4233,0.0048,-1.73,-0.04,-0.11,0.010,-0.145,-0.086,-0.140
6,-1.1138,4.4262,0.0052,-1.73,-0.05,-0.11,0.011,-0.129,0.094,0.002
6,-1.1144,4.4291,0.0056,-1.73,-0.05,-0.11,0.011,0.017,-0.006,-0.169
6,-1.1143,4.4176,0.0044,-1.73,-0.05,-0.11,0.011,-0.268,-0.109,0.062
6,-1.1148,4.4204,0.0047,-1.73,-0.05,-0.11,0.011,-0.082,0.032,0.021
6,-1.1152,4.4233,0.0048,-1.73,-0.05,-0.11,0.011,-0.367,-0.047,0.051
6,-1.1156,4.4263,0.0050,-1.73,-0.05,-0.11,0.010,-0.136,0.220,-0.116
7,-1.1159,4.4292,0.0053,-1.73,-0.05,-0.11,0.010,-0.288,0.046,0.195
7,-1.1164,4.4038,0.0020,-1.73,-0.05,-0.11,0.010,-0.225,-0.004,-0.052
7,-1.1169,4.4068,0.0023,-1.73,-0.05,-0.11,0.010,-0.132,0.109,-0.242
7,-1.1172,4.4097,0.0025,-1.73,-0.05,-0.11,0.010,-0.237,0.025,0.087
7,-1.1175,4.4126,0.0028,-1.73,-0.05,-0.12,0.010,0.112,-0.164,-0.193
7,-1.1179,4.4153,0.0033,-1.73,-0.05,-0.12,0.010,0.042,-0.265,-0.158
7,-1.1188,4.3957,0.0010,-1.73,-0.05,-0.11,0.010,-0.227,-0.008,-0.033
7,-1.1194,4.3986,0.0012,-1.73,-0.05,-0.12,0.010,-0.289,0.184,0.314
7,-1.1202,4.4014,0.0013,-1.73,-0.05,-0.12,0.010,-0.038,-0.240,-0.259
7,-1.1209,4.4045,0.0015,-1.73,-0.05,-0.12,0.009,-0.040,-0.045,-0.119
7,-1.1214,4.4076,0.0019,-1.73,-0.05,-0.12,0.009,-0.314,0.232,0.104
7,-1.1223,4.3754,-0.0015,-1.73,-0.05,-0.12,0.009,-0.158,0.024,0.146
7,-1.1227,4.3783,-0.0010,-1.73,-0.05,-0.12,0.009,-0.232,0.038,0.171
7,-1.1232,4.3813,-0.0007,-1.73,-0.05,-0.12,0.009,-0.035,-0.210,-0.280
7,-1.1237,4.3843,-0.0007,-1.73,-0.05,-0.12,0.012,0.013,0.302,-0.042
8,-1.1242,4.3873,-0.0007,-1.73,-0.05,-0.11,0.012,-0.173,0.072,0.006
8,-1.1252,4.4497,0.0048,-1.74,-0.05,-0.12,0.012,-0.141,-0.149,-0.504
8,-1.1257,4.4528,0.0051,-1.74,-0.05,-0.12,0.012,-0.260,0.339,-0.257
8,-1.1259,4.4558,0.0055,-1.74,-0.05,-0.12,0.012,-0.036,0.235,-0.129
8,-1.1262,4.4588,0.0058,-1.74,-0.05,-0.12,0.010,-0.044,0.341,0.279
8,-1.1269,4.4617,0.0061,-1.74,-0.05,-0.12,0.010,-0.210,-0.080,0.064
8,-1.1272,4.4439,0.0038,-1.74,-0.05,-0.12,0.010,0.148,-0.236,-0.177
8,-1.1279,4.4467,0.0042,-1.74,-0.06,-0.12,0.010,-0.483,-0.096,0.154
8,-1.1283,4.4497,0.0047,-1.74,-0.06,-0.12,0.010,-0.100,-0.086,0.052
8,-1.1288,4.4526,0.0048,-1.73,-0.05,-0.12,0.011,-0.168,-0.175,-0.109
8,-1.1294,4.4554,0.0048,-1.74,-0.05,-0.12,0.011,-0.008,-0.061,-0.186
8,-1.1300,4.4602,0.0052,-1.74,-0.05,-0.12,0.011,-0.301,-0.140,-0.043
8,-1.1307,4.4632,0.0055,-1.74,-0.05,-0.12,0.011,-0.100,0.063,-0.163
8,-1.1312,4.4661,0.0060,-1.74,-0.05,-0.12,0.011,-0.247,-0.085,0.235
8,-1.1317,4.4690,0.0066,-1.74,-0.05,-0.12,0.009,-0.063,0.202,0.070
8,-1.1321,4.4720,0.0069,-1.73,-0.05,-0.13,0.009,-0.069,0.215,0.214
8,-1.1312,4.4448,0.0028,-1.73,-0.05,-0.12,0.009,-0.101,0.271,0.001
8,-1.1317,4.4478,0.0031,-1.73,-0.05,-0.12,0.009,-0.056,0.406,-0.020
8,-1.1320,4.4507,0.0033,-1.73,-0.05,-0.12,0.009,-0.147,0.132,-0.261
9,-1.1324,4.4535,0.0035,-1.73,-0.05,-0.12,0.015,-0.087,0.055,-0.163
9,-1.1330,4.4563,0.0038,-1.73,-0.05,-0.12,0.015,0.098,0.064,-0.562
9,-1.1386,4.5393,0.0155,-1.73,-0.06,-0.12,0.015,-0.499,0.287,0.529
9,-1.1389,4.5423,0.0160,-1.72,-0.06,-0.12,0.015,-0.145,0.344,0.099
9,-1.1394,4.5451,0.0164,-1.72,-0.06,-0.13,0.015,-0.147,-0.300,-0.046
9,-1.1398,4.5481,0.0167,-1.72,-0.06,-0.12,0.017,-0.279,0.002,0.179
9,-1.1403,4.5511,0.0171,-1.72,-0.06,-0.13,0.017,-0.091,-0.007,0.011
9,-1.1478,4.6030,0.0261,-1.71,-0.07,-0.13,0.017,-0.375,-0.082,-0.003
9,-1.1482,4.6059,0.0262,-1.71,-0.07,-0.12,0.017,-0.139,-0.296,0.302
9,-1.1488,4.6087,0.0262,-1.71,-0.07,-0.13,0.017,0.149,0.025,0.027
9,-1.1494,4.6116,0.0264,-1.71,-0.06,-0.13,0.012,-0.168,0.018,0.018
9,-1.1499,4.6146,0.0266,-1.71,-0.06,-0.12,0.012,-0.090,-0.006,-0.114
9,-1.1360,4.5661,0.0161,-1.74,-0.06,-0.12,0.012,-0.166,0.098,0.236
9,-1.1365,4.5692,0.0163,-1.74,-0.06,-0.12,0.012,0.059,-0.238,-0.314
9,-1.1370,4.5723,0.0168,-1.73,-0.06,-0.12,0.012,-0.473,-0.010,-0.109
9,-1.1373,4.5753,0.0171,-1.73,-0.06,-0.12,0.010,-0.276,0.052,0.079
9,-1.1375,4.5781,0.0173,-1.73,-0.06,-0.12,0.010,0.018,-0.167,-0.022
9,-1.1260,4.5567,0.0061,-1.77,-0.05,-0.12,0.010,0.077,0.137,0.035
9,-1.1262,4.5598,0.0063,-1.77,-0.05,-0.12,0.010,-0.275,-0.126,0.183
9,-1.1264,4.5627,0.0064,-1.77,-0.05,-0.13,0.010,0.037,-0.024,-0.274
9,-1.1268,4.5655,0.0064,-1.77,-0.05,-0.13,0.012,-0.139,0.178,0.108
9,-1.1273,4.5686,0.0066,-1.77,-0.05,-0.13,0.012,-0.225,-0.176,0.028
9,-1.1296,4.5928,0.0034,-1.79,-0.05,-0.13,0.012,-0.170,-0.157,-0.063
9,-1.1301,4.5960,0.0037,-1.79,-0.05,-0.13,0.012,-0.046,-0.118,-0.007
9,-1.1307,4.5989,0.0039,-1.79,-0.05,-0.13,0.012,-0.162,0.188,-0.466
9,-1.1312,4.6020,0.0042,-1.79,-0.05,-0.13,0.010,0.009,-0.124,0.005
9,-1.1316,4.6050,0.0046,-1.78,-0.05,-0.13,0.010,-0.289,-0.184,-0.282
9,-1.1441,4.6861,-0.0022,-1.83,-0.04,-0.13,0.010,-0.044,-0.177,0.171
9,-1.1445,4.6893,-0.0020,-1.83,-0.04,-0.13,0.010,-0.015,-0.143,0.125
9,-1.1450,4.6924,-0.0018,-1.83,-0.04,-0.13,0.010,-0.208,-0.073,-0.133
9,-1.1453,4.6956,-0.0015,-1.83,-0.04,-0.13,0.009,0.075,0.344,0.156
9,-1.1457,4.6989,-0.0012,-1.82,-0.04,-0.13,0.009,-0.136,0.061,-0.185
10,-1.1826,4.8729,-0.0079,-1.90,-0.03,-0.13,0.009,-0.214,0.008,-0.175
10,-1.1831,4.8760,-0.0076,-1.89,-0.03,-0.13,0.009,-0.354,-0.064,0.160
10,-1.1836,4.8791,-0.0072,-1.89,-0.03,-0.13,0.009,-0.252,0.079,-0.086
10,-1.1841,4.8822,-0.0069,-1.89,-0.03,-0.13,0.012,-0.084,0.025,-0.006
10,-1.1845,4.8853,-0.0066,-1.89,-0.03,-0.13,0.012,-0.220,-0.225,-0.317
10,-1.1359,4.6869,-0.0016,-1.82,-0.04,-0.13,0.012,-0.082,-0.261,-0.163
10,-1.1367,4.6902,-0.0013,-1.81,-0.05,-0.13,0.012,-0.165,-0.183,0.078
10,-1.1373,4.6933,-0.0011,-1.81,-0.04,-0.14,0.012,-0.107,0.043,-0.197
10,-1.1379,4.6965,-0.0008,-1.81,-0.04,-0.14,0.011,-0.223,0.201,0.221
10,-1.1386,4.6996,-0.0005,-1.81,-0.04,-0.14,0.011,0.192,-0.335,-0.071
10,-1.1366,4.6920,-0.0002,-1.81,-0.04,-0.14,0.011,-0.234,-0.201,-0.086
10,-1.1369,4.6951,0.0003,-1.81,-0.04,-0.14,0.011,-0.266,-0.102,-0.056
10,-1.1374,4.6981,0.0006,-1.81,-0.04,-0.14,0.011,-0.109,0.113,0.079
10,-1.1380,4.7011,0.0006,-1.81,-0.04,-0.14,0.012,-0.120,0.099,0.025
10,-1.1387,4.7043,0.0008,-1.81,-0.04,-0.14,0.012,-0.182,0.053,-0.035
10,-1.1289,4.6612,0.0035,-1.79,-0.04,-0.14,0.012,-0.213,-0.219,-0.071
10,-1.1295,4.6643,0.0038,-1.79,-0.05,-0.14,0.012,-0.430,0.245,0.297
10,-1.1299,4.6674,0.0041,-1.79,-0.05,-0.14,0.012,-0.091,-0.244,-0.093
10,-1.1305,4.6706,0.0043,-1.79,-0.04,-0.14,0.010,0.080,0.009,0.112
10,-1.1309,4.6736,0.0044,-1.79,-0.04,-0.13,0.010,-0.042,0.273,0.157
10,-1.1305,4.6774,0.0006,-1.80,-0.04,-0.13,0.010,-0.215,0.039,-0.231
10,-1.1309,4.6805,0.0009,-1.80,-0.04,-0.13,0.010,-0.322,0.011,0.077
10,-1.1316,4.6835,0.0013,-1.80,-0.04,-0.13,0.010,0.004,-0.213,-0.271
10,-1.1322,4.6864,0.0017,-1.80,-0.04,-0.13,0.012,-0.179,0.230,0.013
10,-1.1329,4.6894,0.0020,-1.80,-0.04,-0.13,0.012,-0.130,0.111,-0.151
10,-1.1374,4.7077,0.0046,-1.80,-0.04,-0.13,0.012,-0.309,0.052,0.046
10,-1.1379,4.7107,0.0051,-1.80,-0.04,-0.13,0.012,-0.166,-0.091,0.029
10,-1.1383,4.7140,0.0056,-1.80,-0.04,-0.13,0.012,0.125,0.027,-0.171
10,-1.1386,4.7169,0.0059,-1.80,-0.05,-0.13,0.008,0.044,-0.348,-0.190
10,-1.1389,4.7198,0.0060,-1.80,-0.04,-0.13,0.008,-0.059,-0.125,0.113
10,-1.1187,4.6233,-0.0036,-1.80,-0.04,-0.13,0.008,-0.249,0.151,0.133
10,-1.1193,4.6263,-0.0035,-1.80,-0.04,-0.13,0.008,-0.023,0.116,0.087
10,-1.1197,4.6293,-0.0034,-1.80,-0.04,-0.13,0.008,-0.125,-0.086,-0.112
10,-1.1202,4.6323,-0.0032,-1.80,-0.04,-0.13,0.010,-0.081,0.507,0.107
11,-1.1205,4.6354,-0.0030,-1.79,-0.04,-0.13,0.010,-0.104,-0.135,-0.044
11,-1.1219,4.6427,-0.0025,-1.79,-0.04,-0.13,0.010,0.143,-0.179,-0.168
11,-1.1223,4.6458,-0.0024,-1.79,-0.04,-0.13,0.010,0.116,0.146,-0.115
11,-1.1229,4.6489,-0.0022,-1.79,-0.04,-0.13,0.010,-0.447,0.338,-0.021
11,-1.1233,4.6520,-0.0018,-1.79,-0.04,-0.13,0.012,0.039,0.378,-0.133
11,-1.1237,4.6551,-0.0015,-1.79,-0.04,-0.14,0.012,-0.224,0.207,0.124
11,-1.1442,4.7607,0.0045,-1.81,-0.04,-0.14,0.012,-0.113,0.075,-0.025
11,-1.1447,4.7639,0.0049,-1.81,-0.04,-0.14,0.012,-0.374,-0.153,0.317
11,-1.1453,4.7672,0.0053,-1.81,-0.04,-0.13,0.012,-0.236,-0.253,0.059
11,-1.1458,4.7703,0.0057,-1.81,-0.04,-0.13,0.011,-0.043,-0.001,-0.166
11,-1.1465,4.7735,0.0061,-1.81,-0.04,-0.13,0.011,-0.219,-0.014,-0.004
11,-1.1471,4.7761,0.0062,-1.81,-0.04,-0.13,0.011,0.014,0.108,-0.096
11,-1.1477,4.7794,0.0061,-1.81,-0.04,-0.13,0.011,-0.288,-0.137,0.140
11,-1.1482,4.7825,0.0062,-1.81,-0.04,-0.13,0.011,-0.201,-0.065,0.111
11,-1.1488,4.7855,0.0064,-1.81,-0.04,-0.14,0.012,-0.183,0.018,-0.249
11,-1.1492,4.7884,0.0067,-1.81,-0.04,-0.14,0.012,-0.315,0.206,0.343
11,-1.1491,4.7995,0.0083,-1.81,-0.04,-0.13,0.012,-0.252,0.111,-0.112
11,-1.1497,4.8026,0.0086,-1.81,-0.04,-0.14,0.012,0.148,0.056,-0.222
11,-1.1501,4.8055,0.0088,-1.81,-0.04,-0.13,0.012,-0.097,-0.248,-0.314
11,-1.1505,4.8084,0.0089,-1.81,-0.04,-0.13,0.012,-0.200,0.085,-0.009
11,-1.1508,4.8113,0.0092,-1.81,-0.04,-0.13,0.012,-0.014,0.217,0.040
11,-1.1514,4.8143,0.0095,-1.81,-0.04,-0.13,0.012,-0.367,0.181,0.201
11,-1.1518,4.8173,0.0097,-1.81,-0.04,-0.14,0.012,-0.370,-0.204,-0.134
11,-1.1523,4.8203,0.0098,-1.81,-0.04,-0.13,0.012,-0.185,-0.118,-0.162
11,-1.1527,4.8233,0.0102,-1.81,-0.04,-0.13,0.011,-0.076,-0.213,0.095
11,-1.1532,4.8265,0.0104,-1.81,-0.04,-0.13,0.011,0.214,0.182,-0.316
11,-1.1609,4.8256,0.0066,-1.82,-0.03,-0.14,0.011,-0.264,-0.389,0.062
11,-1.1614,4.8288,0.0068,-1.82,-0.03,-0.14,0.011,0.042,-0.114,0.046
11,-1.1620,4.8319,0.0069,-1.82,-0.03,-0.14,0.011,-0.062,0.089,0.193
11,-1.1624,4.8350,0.0070,-1.82,-0.03,-0.14,0.011,-0.334,-0.005,0.174
11,-1.1628,4.8381,0.0074,-1.82,-0.03,-0.14,0.011,-0.073,-0.151,0.017
11,-1.1708,4.8438,0.0051,-1.83,-0.03,-0.13,0.011,-0.140,-0.016,-0.267
11,-1.1713,4.8469,0.0053,-1.83,-0.03,-0.13,0.011,-0.061,0.118,-0.030
11,-1.1718,4.8503,0.0056,-1.82,-0.03,-0.13,0.011,-0.107,0.052,-0.010
12,-1.1724,4.8534,0.0058,-1.82,-0.03,-0.14,0.010,-0.239,0.082,-0.201
12,-1.1729,4.8566,0.0060,-1.82,-0.03,-0.14,0.010,-0.147,-0.129,-0.098
12,-1.1946,4.8777,0.0016,-1.84,-0.02,-0.14,0.010,0.128,0.153,0.065
12,-1.1950,4.8808,0.0018,-1.84,-0.02,-0.14,0.010,-0.365,-0.396,-0.043
12,-1.1954,4.8839,0.0023,-1.84,-0.02,-0.14,0.010,-0.174,-0.111,0.115
12,-1.1957,4.8869,0.0028,-1.84,-0.02,-0.14,0.009,-0.199,-0.077,0.183
12,-1.1964,4.8900,0.0031,-1.84,-0.02,-0.14,0.009,-0.166,0.031,0.078
12,-0.0001,-0.0000,0.0000,-0.00,0.00,-0.00,0.009,-0.238,0.129,-0.147
12,-0.0006,-0.0001,0.0003,-0.00,0.00,0.00,0.009,-0.401,-0.159,0.128
12,-0.0013,-0.0001,0.0007,-0.00,0.00,0.00,0.009,-0.068,-0.084,0.143
12,-0.0017,-0.0002,0.0010,-0.01,-0.00,0.00,0.014,-0.109,0.018,-0.021
12,-0.0021,-0.0001,0.0012,-0.01,0.00,0.00,0.014,0.159,0.064,-0.229
12,-0.0025,-0.0002,0.0014,-0.01,-0.00,0.00,0.014,0.005,-0.004,0.298
12,-0.0028,-0.0002,0.0016,-0.01,0.00,0.00,0.014,-0.287,0.086,0.193
12,-0.0034,-0.0002,0.0018,-0.01,-0.00,0.00,0.014,-0.139,-0.135,0.216
12,-0.0039,-0.0000,0.0019,-0.01,-0.00,0.00,0.014,-0.170,-0.001,0.183
12,-0.0044,0.0002,0.0019,-0.01,0.00,0.00,0.014,-0.265,-0.130,0.045
12,-0.0048,0.0002,0.0019,-0.01,0.00,0.00,0.014,-0.012,0.091,0.076
12,-0.0053,0.0002,0.0021,-0.02,0.00,0.00,0.014,0.072,0.201,0.329
12,-0.0058,0.0001,0.0022,-0.02,0.00,0.00,0.014,-0.127,0.050,0.248
12,-0.0064,0.0000,0.0023,-0.02,0.00,0.00,0.010,-0.086,-0.108,0.226
12,-0.0069,0.0001,0.0024,-0.02,0.00,0.01,0.010,-0.326,-0.240,-0.214
12,-0.0073,0.0001,-0.0035,-0.02,0.00,0.00,0.010,-0.230,0.333,0.082
12,-0.0080,0.0001,-0.0033,-0.02,0.00,0.01,0.010,-0.223,-0.125,0.127
12,-0.0085,0.0003,-0.0032,-0.03,0.00,0.01,0.010,-0.232,0.002,-0.042
12,-0.0087,0.0004,-0.0030,-0.03,-0.00,0.00,0.012,-0.266,-0.164,0.151
12,-0.0092,0.0002,-0.0029,-0.03,-0.00,0.01,0.012,-0.041,0.034,-0.170
12,-0.0099,0.0001,-0.0034,-0.03,-0.00,0.00,0.012,-0.153,-0.249,0.122
12,-0.0106,0.0002,-0.0032,-0.04,0.00,0.01,0.012,-0.101,-0.105,0.248
12,-0.0113,0.0003,-0.0031,-0.04,0.00,0.00,0.012,-0.162,0.163,0.211
12,-0.0118,0.0004,-0.0031,-0.04,0.00,0.01,0.011,-0.130,0.097,0.069
12,-0.0121,0.0006,-0.0029,-0.04,0.00,0.01,0.011,-0.155,-0.088,-0.020
12,-0.0127,0.0007,-0.0052,-0.04,0.00,0.01,0.011,-0.088,0.011,-0.356
12,-0.0133,0.0007,-0.0051,-0.04,0.00,0.01,0.011,0.044,-0.058,0.097
12,-0.0138,0.0007,-0.0049,-0.05,0.00,0.01,0.011,-0.028,-0.206,-0.093
12,-0.0144,0.0007,-0.0048,-0.05,0.00,0.00,0.015,-0.153,-0.074,-0.059
13,-0.0149,0.0008,-0.0049,-0.05,0.00,0.00,0.015,-0.132,0.001,0.147
13,-0.0155,0.0010,0.0040,-0.05,0.00,0.00,0.015,-0.162,0.052,0.042
13,-0.0161,0.0011,0.0040,-0.05,0.00,0.00,0.015,-0.004,0.084,0.293
13,-0.0165,0.0011,0.0043,-0.05,0.00,0.00,0.015,-0.092,0.065,0.071
13,-0.0170,0.0012,0.0046,-0.05,0.00,0.00,0.011,-0.425,-0.030,0.084
13,-0.0174,0.0012,0.0045,-0.05,0.00,0.00,0.011,-0.092,0.071,0.095
13,-0.0183,0.0015,-0.0007,-0.06,0.00,0.01,0.011,-0.100,0.181,0.097
13,-0.0193,0.0019,-0.0004,-0.06,0.00,0.01,0.011,-0.324,-0.193,0.237
13,-0.0197,0.0022,-0.0003,-0.06,0.00,0.01,0.011,0.009,-0.180,0.052
13,-0.0200,0.0023,-0.0001,-0.06,0.00,0.01,0.012,-0.311,-0.116,-0.079
13,-0.0205,0.0025,0.0002,-0.06,0.00,0.01,0.012,-0.137,0.080,0.119
13,-0.0212,0.0025,0.0001,-0.06,0.01,0.01,0.012,-0.324,0.198,0.025
13,-0.0218,0.0025,0.0005,-0.07,0.01,0.01,0.012,-0.135,0.192,0.012
13,-0.0223,0.0027,0.0008,-0.07,0.01,0.01,0.012,-0.384,-0.139,-0.067
13,-0.0229,0.0028,0.0010,-0.07,0.01,0.01,0.010,0.039,-0.248,-0.083
13,-0.0236,0.0029,0.0011,-0.07,0.00,0.01,0.010,-0.386,-0.204,0.175
13,-0.0246,0.0031,-0.0038,-0.08,0.01,0.01,0.010,-0.205,-0.034,-0.166
13,-0.0251,0.0033,-0.0038,-0.08,0.01,0.01,0.010,-0.177,-0.023,0.362
13,-0.0255,0.0033,-0.0037,-0.08,0.01,0.01,0.010,-0.261,0.368,0.261
13,-0.0259,0.0034,-0.0036,-0.08,0.01,0.01,0.007,-0.200,0.109,-0.008
13,-0.0263,0.0035,-0.0035,-0.08,0.01,0.01,0.007,-0.221,-0.027,0.199
13,-0.0271,0.0037,-0.0124,-0.09,0.01,0.01,0.007,-0.212,-0.251,-0.085
21,-0.0275,0.0041,-0.0122,-0.09,0.01,0.01,0.007,-0.133,-0.060,-0.121
32,-0.0279,0.0044,-0.0121,-0.09,0.01,0.01,0.007,-0.365,0.026,0.096
41,-0.0284,0.0045,-0.0119,-0.09,0.01,0.01,0.011,-0.355,0.046,-0.137
52,-0.0290,0.0045,-0.0118,-0.09,0.01,0.01,0.011,-0.537,-0.316,0.046
62,-0.0295,0.0047,-0.0064,-0.09,0.01,0.01,0.011,-0.166,0.257,0.183
71,-0.0303,0.0048,-0.0062,-0.09,0.01,0.01,0.011,-0.262,0.155,0.183
82,-0.0311,0.0049,-0.0061,-0.10,0.01,0.01,0.011,-0.011,0.125,0.041
92,-0.0317,0.0051,-0.0060,-0.10,0.01,0.01,0.010,-0.045,0.058,0.170
101,-0.0322,0.0052,-0.0059,-0.10,0.01,0.01,0.010,-0.047,-0.214,-0.326
111,-0.0328,0.0054,-0.0043,-0.10,0.01,0.01,0.010,-0.374,-0.111,-0.268
122,-0.0333,0.0055,-0.0043,-0.10,0.01,0.01,0.010,0.135,0.024,-0.130
132,-0.0339,0.0057,-0.0042,-0.10,0.01,0.01,0.010,-0.158,0.095,-0.045
141,-0.0345,0.0057,-0.0041,-0.10,0.01,0.01,0.016,-0.001,-0.012,-0.055
151,-0.0351,0.0059,-0.0040,-0.10,0.01,0.01,0.016,-0.439,-0.092,0.216
161,-0.0354,0.0060,0.0103,-0.11,0.02,0.01,0.016,-0.149,0.006,0.090
172,-0.0360,0.0061,0.0103,-0.11,0.02,0.01,0.016,0.134,0.095,-0.331
182,-0.0366,0.0060,0.0105,-0.11,0.02,0.00,0.016,0.243,0.148,-0.570
192,-0.0374,0.0060,0.0108,-0.11,0.02,0.01,0.009,-0.421,-0.016,0.558
202,-0.0382,0.0062,0.0110,-0.11,0.02,0.00,0.009,-0.336,0.073,0.137
212,-0.0391,0.0065,0.0033,-0.11,0.01,0.00,0.009,-0.174,0.090,-0.160
221,-0.0396,0.0067,0.0031,-0.11,0.01,0.00,0.009,0.069,0.029,-0.485
231,-0.0403,0.0070,0.0031,-0.11,0.02,0.00,0.009,-0.044,-0.147,0.071
241,-0.0409,0.0074,0.0034,-0.11,0.01,0.00,0.010,-0.308,0.219,0.120
252,-0.0414,0.0076,0.0035,-0.12,0.01,0.00,0.010,-0.045,-0.107,0.061
261,-0.0421,0.0079,0.0008,-0.12,0.01,0.00,0.010,0.035,0.194,-0.141
271,-0.0427,0.0082,0.0010,-0.12,0.01,0.00,0.010,-0.154,0.226,0.394
281,-0.0434,0.0086,0.0012,-0.12,0.01,0.00,0.010,-0.193,-0.072,-0.253
292,-0.0440,0.0088,0.0013,-0.12,0.01,0.00,0.011,-0.169,0.284,0.011
302,-0.0447,0.0090,0.0014,-0.12,0.01,0.00,0.011,-0.450,0.109,-0.096
312,-0.0452,0.0092,0.0020,-0.12,0.01,0.00,0.011,-0.042,0.085,-0.196
321,-0.0457,0.0094,0.0021,-0.12,0.01,0.00,0.011,-0.324,0.102,0.011
331,-0.0463,0.0097,0.0023,-0.13,0.01,0.00,0.011,-0.187,0.162,0.111
342,-0.0469,0.0102,0.0027,-0.13,0.01,0.00,0.011,-0.121,-0.114,-0.044
351,-0.0472,0.0106,0.0028,-0.13,0.01,0.00,0.011,-0.240,-0.075,-0.074
362,-0.0477,0.0109,0.0028,-0.13,0.01,0.00,0.011,-0.140,0.057,0.169
372,-0.0484,0.0111,0.0029,-0.13,0.01,0.00,0.011,-0.227,0.296,-0.131
381,-0.0489,0.0112,0.0031,-0.14,0.01,0.00,0.011,-0.142,0.046,0.125
391,-0.0494,0.0115,0.0035,-0.14,0.01,0.00,0.009,-0.087,-0.137,-0.055
401,-0.0499,0.0118,0.0037,-0.14,0.01,0.00,0.009,-0.212,-0.067,-0.073
411,-0.0507,0.0121,-0.0010,-0.14,0.01,0.00,0.009,-0.379,-0.021,-0.150
421,-0.0515,0.0125,-0.0009,-0.14,0.01,0.00,0.009,-0.081,-0.092,-0.005
431,-0.0523,0.0128,-0.0008,-0.14,0.01,0.00,0.009,0.120,-0.327,-0.122
441,-0.0528,0.0129,-0.0006,-0.15,0.01,0.00,0.015,0.183,0.176,-0.246
451,-0.0534,0.0130,-0.0004,-0.15,0.01,0.00,0.015,0.060,-0.133,-0.053
462,-0.0536,0.0129,0.0106,-0.15,0.01,0.00,0.015,-0.239,-0.408,0.137
471,-0.0543,0.0131,0.0107,-0.15,0.01,0.00,0.015,-0.087,0.065,-0.136
481,-0.0550,0.0133,0.0109,-0.15,0.01,-0.00,0.015,0.126,0.020,-0.251
491,-0.0555,0.0134,0.0111,-0.15,0.01,0.00,0.011,-0.194,0.348,-0.069
501,-0.0561,0.0137,0.0113,-0.15,0.01,-0.00,0.011,0.021,-0.022,-0.339
512,-0.0570,0.0139,0.0076,-0.15,0.01,-0.00,0.011,-0.352,0.151,-0.116
521,-0.0578,0.0142,0.0077,-0.15,0.01,-0.00,0.011,-0.105,0.019,-0.026
531,-0.0586,0.0144,0.0078,-0.16,0.01,-0.00,0.011,-0.218,0.108,-0.074
541,-0.0591,0.0146,0.0079,-0.16,0.01,-0.00,0.013,-0.263,0.081,-0.122
551,-0.0597,0.0147,0.0082,-0.16,0.01,-0.00,0.013,-0.071,0.013,0.063
561,-0.0602,0.0148,0.0097,-0.16,0.01,-0.00,0.013,-0.004,-0.232,0.150
572,-0.0607,0.0150,0.0099,-0.16,0.01,-0.00,0.013,-0.129,0.047,-0.262
581,-0.0612,0.0152,0.0101,-0.16,0.01,-0.00,0.013,-0.304,-0.155,0.056
591,-0.0616,0.0154,0.0102,-0.17,0.01,-0.00,0.013,0.053,-0.019,-0.075
601,-0.0620,0.0157,0.0103,-0.17,0.01,-0.00,0.013,-0.068,-0.109,-0.210
611,-0.0626,0.0161,0.0100,-0.17,0.01,-0.00,0.013,-0.111,-0.085,0.215
621,-0.0632,0.0166,0.0100,-0.17,0.01,-0.00,0.013,-0.546,-0.024,0.235
631,-0.0638,0.0168,0.0101,-0.17,0.01,-0.00,0.013,-0.323,-0.072,-0.198
641,-0.0645,0.0171,0.0102,-0.17,0.01,-0.00,0.012,-0.444,-0.069,0.334
651,-0.0651,0.0173,0.0103,-0.17,0.01,-0.00,0.012,-0.160,0.139,0.009
661,-0.0659,0.0175,0.0071,-0.18,0.01,-0.00,0.012,0.015,-0.032,0.015
671,-0.0662,0.0178,0.0072,-0.18,0.01,-0.00,0.012,-0.046,-0.176,-0.003
681,-0.0667,0.0182,0.0074,-0.18,0.01,-0.00,0.012,-0.361,-0.106,0.047
691,-0.0671,0.0186,0.0075,-0.18,0.01,-0.00,0.011,-0.041,-0.170,-0.316
701,-0.0676,0.0191,0.0077,-0.18,0.01,-0.00,0.011,-0.318,0.184,-0.144
711,-0.0686,0.0196,0.0029,-0.18,0.02,-0.00,0.011,0.023,-0.138,-0.268
721,-0.0689,0.0200,0.0030,-0.18,0.02,-0.01,0.011,-0.075,-0.024,0.294
731,-0.0693,0.0201,0.0031,-0.18,0.01,-0.01,0.011,-0.263,0.495,0.196
741,-0.0699,0.0203,0.0033,-0.18,0.01,-0.01,0.012,-0.194,0.008,0.064
751,-0.0704,0.0206,0.0036,-0.19,0.01,-0.01,0.012,0.127,0.157,-0.274
761,-0.0712,0.0208,0.0025,-0.19,0.01,-0.01,0.012,-0.314,-0.016,-0.124
771,-0.0719,0.0210,0.0027,-0.19,0.01,-0.01,0.012,-0.121,-0.413,0.026
781,-0.0725,0.0213,0.0029,-0.19,0.01,-0.01,0.012,0.190,-0.112,0.168
791,-0.0730,0.0216,0.0032,-0.19,0.01,-0.01,0.012,-0.051,-0.028,-0.210
801,-0.0730,0.0216,0.0032,-0.19,0.01,-0.01,0.012,-0.046,0.038,-0.257
811,-0.0738,0.0219,0.0024,-0.19,0.01,-0.00,0.012,-0.060,-0.032,-0.109
821,-0.0741,0.0221,0.0025,-0.19,0.01,-0.01,0.012,-0.335,0.235,-0.036
831,-0.0745,0.0222,0.0027,-0.20,0.01,-0.01,0.012,-0.344,-0.129,0.234
841,-0.0751,0.0224,0.0029,-0.20,0.01,-0.00,0.010,-0.117,0.253,0.021
851,-0.0755,0.0227,0.0028,-0.20,0.01,-0.00,0.010,-0.204,-0.211,-0.411
861,-0.0764,0.0232,-0.0024,-0.20,0.01,-0.00,0.010,-0.337,0.145,0.416
871,-0.0770,0.0236,-0.0021,-0.20,0.01,-0.00,0.010,-0.242,0.148,-0.064
881,-0.0776,0.0240,-0.0019,-0.21,0.01,-0.00,0.010,-0.142,0.158,-0.089
891,-0.0781,0.0244,-0.0015,-0.21,0.01,-0.01,0.013,0.056,-0.216,-0.248
901,-0.0788,0.0246,-0.0011,-0.21,0.01,-0.00,0.013,-0.177,-0.254,0.188
911,-0.0794,0.0248,0.0030,-0.21,0.01,-0.00,0.013,-0.186,0.042,-0.086
921,-0.0800,0.0251,0.0031,-0.21,0.01,-0.00,0.013,-0.291,-0.245,0.017
931,-0.0803,0.0255,0.0031,-0.21,0.01,-0.01,0.013,-0.090,0.016,-0.064
941,-0.0809,0.0259,0.0032,-0.21,0.01,-0.01,0.008,-0.337,0.093,0.052
951,-0.0814,0.0260,0.0034,-0.21,0.01,-0.00,0.008,-0.050,-0.020,0.097
961,-0.0827,0.0267,-0.0057,-0.22,0.01,-0.01,0.008,-0.200,0.394,0.061
971,-0.0834,0.0271,-0.0057,-0.22,0.01,-0.01,0.008,-0.338,0.085,0.048
981,-0.0839,0.0274,-0.0056,-0.22,0.01,-0.01,0.008,-0.028,-0.047,-0.198
991,-0.0843,0.0276,-0.0053,-0.22,0.01,-0.01,0.010,-0.193,0.160,-0.144
1001,-0.0847,0.0279,-0.0052,-0.22,0.01,-0.01,0.010,0.007,0.188,0.054
1011,-0.0853,0.0282,-0.0054,-0.23,0.01,-0.01,0.010,-0.309,-0.167,-0.130
1021,-0.0859,0.0286,-0.0052,-0.23,0.01,-0.01,0.010,-0.056,-0.015,-0.141
1031,-0.0866,0.0289,-0.0052,-0.23,0.00,-0.01,0.010,-0.077,0.130,0.098
1041,-0.0874,0.0292,-0.0052,-0.23,0.00,-0.01,0.012,-0.054,0.177,0.145
1050,-0.0882,0.0298,-0.0052,-0.23,0.00,-0.01,0.012,-0.214,0.063,0.066
1062,-0.0884,0.0303,-0.0004,-0.23,0.00,-0.01,0.012,0.046,0.278,-0.054
1071,-0.0889,0.0305,-0.0003,-0.23,0.00,-0.01,0.012,-0.286,-0.045,-0.082
1081,-0.0895,0.0309,-0.0002,-0.23,0.00,-0.01,0.012,-0.326,0.038,0.509
1091,-0.0898,0.0313,-0.0000,-0.23,0.00,-0.01,0.010,-0.145,-0.183,-0.112
1101,-0.0903,0.0318,0.0003,-0.23,-0.00,-0.01,0.010,-0.154,-0.279,-0.132
1112,-0.0911,0.0322,-0.0011,-0.24,-0.00,-0.01,0.010,0.020,0.299,-0.025
1121,-0.0916,0.0326,-0.0008,-0.24,0.00,-0.01,0.010,-0.097,-0.138,-0.071
1131,-0.0922,0.0330,-0.0006,-0.24,0.00,-0.01,0.010,-0.286,0.047,0.231
1141,-0.0927,0.0334,-0.0005,-0.24,0.00,-0.01,0.009,0.192,-0.103,-0.115
1151,-0.0932,0.0337,-0.0004,-0.24,0.00,-0.01,0.009,-0.200,0.140,-0.132
1161,-0.0941,0.0344,-0.0036,-0.24,0.00,-0.00,0.009,-0.233,0.094,-0.012
1171,-0.0946,0.0347,-0.0036,-0.24,0.00,-0.00,0.009,-0.176,-0.216,-0.109
1181,-0.0951,0.0350,-0.0034,-0.24,0.00,-0.00,0.009,-0.316,0.247,-0.160
1191,-0.0956,0.0353,-0.0033,-0.25,0.00,-0.00,0.011,-0.070,0.073,0.245
1201,-0.0963,0.0356,-0.0032,-0.25,0.00,-0.01,0.011,-0.091,0.149,-0.031
1211,-0.0966,0.0358,0.0001,-0.25,-0.00,-0.01,0.011,-0.128,-0.125,0.102
1221,-0.0969,0.0362,0.0002,-0.25,-0.00,-0.00,0.011,-0.367,0.100,0.316
1230,-0.0975,0.0365,0.0002,-0.25,-0.00,-0.00,0.011,-0.126,-0.018,-0.273
1241,-0.0980,0.0369,0.0002,-0.25,-0.00,-0.00,0.007,-0.361,0.218,-0.215
1251,-0.0984,0.0374,0.0002,-0.25,-0.00,-0.00,0.007,-0.158,-0.022,-0.023
1261,-0.0996,0.0383,-0.0070,-0.25,-0.00,-0.00,0.007,-0.225,-0.162,0.128
1270,-0.1000,0.0387,-0.0068,-0.26,-0.00,-0.01,0.007,0.208,0.155,-0.122
1281,-0.1006,0.0391,-0.0065,-0.26,-0.01,-0.00,0.007,-0.237,-0.308,0.042
1291,-0.1012,0.0396,-0.0062,-0.26,-0.00,-0.01,0.010,-0.327,0.431,0.510
1301,-0.1016,0.0401,-0.0060,-0.26,-0.01,-0.01,0.010,-0.295,-0.108,-0.122
1310,-0.1019,0.0404,-0.0025,-0.26,-0.00,-0.00,0.010,-0.276,0.151,0.189
1321,-0.1024,0.0408,-0.0025,-0.26,-0.01,-0.00,0.010,0.032,0.154,-0.001
1331,-0.1029,0.0412,-0.0025,-0.26,-0.00,-0.00,0.010,-0.098,-0.009,0.272
1340,-0.1034,0.0417,-0.0023,-0.26,-0.01,-0.00,0.009,-0.247,-0.030,-0.047
1351,-0.1039,0.0421,-0.0021,-0.26,-0.01,-0.00,0.009,0.012,0.196,0.090
1360,-0.1045,0.0426,-0.0021,-0.27,-0.01,-0.00,0.009,-0.222,-0.011,-0.110
1371,-0.1049,0.0432,-0.0019,-0.27,-0.00,-0.00,0.009,-0.370,-0.097,0.046
1381,-0.1052,0.0436,-0.0017,-0.27,-0.00,-0.00,0.009,-0.263,0.215,0.209
1390,-0.1058,0.0440,-0.0016,-0.27,-0.01,-0.00,0.013,-0.199,0.160,0.102
1400,-0.1064,0.0444,-0.0013,-0.27,-0.01,-0.00,0.013,-0.087,0.084,0.266
1410,-0.1063,0.0444,0.0073,-0.27,-0.01,-0.00,0.013,-0.409,-0.087,-0.143
1421,-0.1069,0.0449,0.0075,-0.27,-0.01,-0.00,0.013,-0.106,-0.088,-0.239
1431,-0.1074,0.0456,0.0076,-0.28,-0.01,0.00,0.013,-0.317,0.090,0.061
1441,-0.1081,0.0461,0.0078,-0.28,-0.01,-0.00,0.008,-0.137,-0.105,0.037
1450,-0.1085,0.0467,0.0080,-0.28,-0.01,-0.00,0.008,-0.171,-0.180,-0.187
1461,-0.1097,0.0478,0.0015,-0.28,-0.01,-0.00,0.008,-0.015,-0.094,-0.202
1471,-0.1102,0.0485,0.0017,-0.28,-0.01,-0.00,0.008,-0.379,-0.154,-0.025
1481,-0.1109,0.0490,0.0020,-0.28,-0.01,-0.00,0.008,-0.381,-0.331,-0.083
0,-0.1115,0.0495,0.0022,-0.28,-0.01,-0.00,0.009,-0.203,0.101,-0.126
10,-0.1120,0.0502,0.0025,-0.29,-0.01,-0.00,0.009,-0.983,-0.123,0.190
19,-0.1125,0.0509,0.0010,-0.29,-0.01,-0.00,0.009,0.075,-0.006,-0.257
29,-0.1128,0.0513,0.0010,-0.29,-0.01,-0.00,0.009,0.212,0.831,0.626
39,-0.1128,0.0518,0.0011,-0.30,-0.01,0.00,0.009,-0.436,1.409,1.073
50,-0.1128,0.0524,0.0015,-0.30,-0.01,-0.00,0.011,0.914,1.904,0.831
60,-0.1128,0.0529,0.0020,-0.31,-0.02,-0.00,0.011,-0.153,1.375,0.625
69,-0.1124,0.0532,0.0051,-0.30,-0.02,-0.00,0.011,-0.499,-0.168,0.086
80,-0.1124,0.0537,0.0060,-0.30,-0.04,-0.01,0.011,-0.067,0.572,0.505
90,-0.1123,0.0542,0.0065,-0.30,-0.05,-0.00,0.011,1.032,0.870,-0.659
100,-0.1122,0.0547,0.0062,-0.30,-0.05,-0.00,0.011,-1.006,-2.226,-0.244
109,-0.1121,0.0552,0.0068,-0.29,-0.06,-0.00,0.011,2.304,0.029,-1.727
120,-0.1119,0.0556,0.0079,-0.29,-0.07,-0.00,0.011,-2.075,2.128,-1.970
130,-0.1118,0.0561,0.0085,-0.29,-0.05,-0.01,0.011,0.171,-2.509,-1.253
139,-0.1117,0.0566,0.0088,-0.29,-0.04,-0.02,0.011,2.455,-4.227,1.541
149,-0.1116,0.0571,0.0091,-0.30,-0.06,-0.03,0.009,-2.287,2.151,2.910
160,-0.1115,0.0576,0.0104,-0.30,-0.03,-0.05,0.009,3.548,-2.539,-0.458
169,-0.1119,0.0586,0.0048,-0.29,0.00,-0.04,0.009,0.500,-8.647,2.048
179,-0.1119,0.0591,0.0041,-0.30,0.01,-0.01,0.009,-4.340,3.160,4.604
190,-0.1119,0.0596,0.0057,-0.30,0.01,-0.01,0.009,-0.569,3.343,7.030
200,-0.1119,0.0602,0.0078,-0.28,0.10,0.01,0.009,-0.627,-0.598,8.500
210,-0.1121,0.0606,0.0095,-0.32,0.10,0.05,0.009,-2.862,-3.854,7.208
219,-0.1124,0.0616,0.0105,-0.33,0.06,0.11,0.009,0.788,-8.532,5.854
229,-0.1125,0.0622,0.0168,-0.33,0.06,0.19,0.009,8.625,-11.317,3.428
239,-0.1127,0.0628,0.0254,-0.34,0.09,0.26,0.009,16.188,-18.103,-0.887
250,-0.1128,0.0634,0.0362,-0.34,0.15,0.33,0.012,7.813,-16.091,-2.836
260,-0.1132,0.0641,0.0490,-0.29,0.26,0.37,0.012,-5.010,-3.289,-2.517
269,-0.1137,0.0645,0.0650,-0.16,0.41,0.38,0.012,-18.272,6.099,-0.199
279,-0.1145,0.0648,0.0787,-0.04,0.59,0.36,0.012,-17.233,8.986,2.957
289,-0.1157,0.0649,0.0912,-0.07,0.66,0.33,0.012,-2.754,6.432,3.365
300,-0.1170,0.0650,0.1061,-0.23,0.62,0.32,0.000,14.743,5.141,0.314
310,-0.1182,0.0655,0.1227,-0.39,0.53,0.34,0.000,20.193,7.996,2.247
320,-0.1211,0.0710,0.1025,-0.48,0.46,0.38,0.000,26.602,7.377,-0.244
329,-0.1221,0.0719,0.1182,-0.37,0.42,0.39,0.000,38.670,14.722,0.776
339,-0.1229,0.0726,0.1316,-0.18,0.35,0.40,0.000,37.162,20.905,1.678
349,-0.1235,0.0729,0.1438,0.06,0.27,0.41,0.000,33.544,28.211,0.212
359,-0.1240,0.0727,0.1566,0.42,0.13,0.41,0.000,29.504,33.515,-0.230
370,-0.1279,0.0785,0.1331,0.79,-0.04,0.42,0.000,25.051,37.876,-2.421
380,-0.1277,0.0769,0.1445,1.15,-0.31,0.43,0.000,17.902,36.033,-2.423
389,-0.1271,0.0746,0.1572,1.46,-0.63,0.44,0.000,9.201,27.458,-0.801
399,-0.1257,0.0717,0.1723,1.70,-1.00,0.43,0.010,5.784,21.642,0.690
410,-0.1236,0.0683,0.1867,1.90,-1.37,0.42,0.010,5.783,21.110,1.366
419,-0.1229,0.0677,0.1866,2.01,-1.66,0.41,0.010,-3.526,28.785,1.150
429,-0.1197,0.0639,0.1971,2.07,-1.89,0.42,0.010,-9.904,29.475,1.160
439,-0.1161,0.0600,0.2059,2.13,-2.10,0.44,0.010,-12.018,28.296,2.954
449,-0.1121,0.0561,0.2133,2.13,-2.37,0.46,0.024,-18.437,22.778,3.613
460,-0.1078,0.0523,0.2192,2.06,-2.66,0.48,0.024,-21.816,17.021,3.686
469,-0.1034,0.0494,0.2214,1.93,-2.95,0.51,0.024,-20.917,8.175,3.533
479,-0.0979,0.0459,0.2281,1.77,-3.19,0.55,0.024,-16.710,0.742,2.082
489,-0.0914,0.0425,0.2355,1.54,-3.39,0.60,0.024,-10.274,-7.263,1.699
500,-0.0852,0.0398,0.2420,1.33,-3.49,0.64,0.048,-1.821,-10.147,1.029
509,-0.0789,0.0374,0.2474,1.16,-3.51,0.66,0.048,4.862,-13.532,0.924
519,-0.0732,0.0333,0.2799,1.05,-3.45,0.68,0.048,11.545,-12.645,0.762
529,-0.0671,0.0315,0.2822,1.01,-3.36,0.69,0.048,20.606,-12.904,0.985
539,-0.0613,0.0299,0.2830,1.04,-3.23,0.70,0.048,18.466,-13.676,-0.180
550,-0.0557,0.0281,0.2835,1.15,-3.09,0.70,0.066,26.356,-16.207,-0.182
559,-0.0504,0.0262,0.2830,1.34,-2.96,0.70,0.066,21.722,-11.796,2.140
569,-0.0525,0.0266,0.3033,1.52,-2.81,0.70,0.066,12.592,-4.622,2.849
579,-0.0477,0.0241,0.3022,1.77,-2.65,0.69,0.066,2.914,2.995,3.507
590,-0.0432,0.0212,0.3001,2.00,-2.53,0.71,0.066,-6.419,6.444,2.877
599,-0.0390,0.0179,0.2971,2.13,-2.47,0.73,0.090,-18.477,11.469,3.330
609,-0.0348,0.0144,0.2939,2.18,-2.49,0.77,0.090,-19.041,11.859,3.404
619,-0.0489,0.0192,0.3273,2.11,-2.50,0.80,0.090,-20.502,13.215,4.498
630,-0.0447,0.0159,0.3228,1.95,-2.60,0.84,0.090,-22.234,12.989,4.917
639,-0.0404,0.0127,0.3179,1.77,-2.73,0.88,0.090,-22.709,7.816,4.930
649,-0.0360,0.0099,0.3129,1.56,-2.86,0.93,0.103,-16.697,6.180,4.127
659,-0.0313,0.0074,0.3077,1.36,-2.99,0.98,0.103,-15.405,-3.867,4.907
669,-0.0308,0.0080,0.3122,1.13,-3.07,1.03,0.103,-10.962,-11.176,4.857
679,-0.0258,0.0062,0.3071,0.94,-3.13,1.08,0.103,-11.203,-19.511,6.369
689,-0.0207,0.0048,0.3016,0.79,-3.10,1.13,0.103,-9.527,-25.626,5.270
699,-0.0157,0.0036,0.2956,0.67,-3.00,1.17,0.124,-3.563,-26.404,5.126
709,-0.0108,0.0026,0.2891,0.57,-2.81,1.23,0.124,-2.056,-27.997,4.680
719,-0.0178,0.0091,0.3056,0.46,-2.53,1.28,0.124,-3.019,-27.340,4.538
729,-0.0137,0.0084,0.2980,0.42,-2.27,1.33,0.124,-3.991,-24.722,4.333
739,-0.0101,0.0079,0.2906,0.39,-1.98,1.38,0.124,-1.164,-20.026,4.746
749,-0.0069,0.0073,0.2833,0.36,-1.71,1.42,0.131,0.244,-18.607,4.480
759,-0.0041,0.0068,0.2760,0.34,-1.47,1.46,0.131,0.523,-14.369,2.860
770,0.0016,0.0047,0.2604,0.33,-1.26,1.51,0.131,-4.024,-9.240,3.939
779,0.0037,0.0042,0.2527,0.33,-1.07,1.55,0.131,-2.348,-8.766,2.852
789,0.0054,0.0037,0.2444,0.33,-0.92,1.58,0.131,-2.964,-2.276,3.843
799,0.0068,0.0032,0.2358,0.30,-0.82,1.62,0.140,2.248,-3.814,2.970
809,0.0081,0.0028,0.2270,0.28,-0.74,1.65,0.140,0.249,-1.033,3.498
819,0.0120,0.0013,0.2125,0.25,-0.71,1.68,0.140,1.518,-1.850,1.689
829,0.0131,0.0010,0.2042,0.27,-0.67,1.71,0.140,1.036,-0.582,1.846
839,0.0142,0.0006,0.1962,0.28,-0.65,1.75,0.140,-1.749,-1.260,1.440
849,0.0153,0.0002,0.1883,0.29,-0.64,1.77,0.146,-4.413,-4.199,1.631
859,0.0163,-0.0003,0.1802,0.30,-0.63,1.79,0.146,-4.488,-4.912,1.012
869,0.0263,-0.0036,0.1552,0.30,-0.64,1.80,0.146,-6.321,-5.739,0.981
879,0.0273,-0.0041,0.1477,0.26,-0.60,1.82,0.146,-4.814,-7.010,1.122
889,0.0283,-0.0045,0.1403,0.21,-0.55,1.83,0.146,-5.510,-9.142,0.382
899,0.0292,-0.0048,0.1321,0.15,-0.49,1.84,0.154,-6.186,-8.937,1.352
909,0.0300,-0.0050,0.1243,0.09,-0.42,1.85,0.154,-5.268,-9.582,0.121
919,0.0335,-0.0060,0.1123,0.04,-0.34,1.85,0.154,-6.851,-8.987,0.615
929,0.0341,-0.0061,0.1048,-0.02,-0.25,1.87,0.154,-6.461,-9.115,0.637
939,0.0345,-0.0061,0.0978,-0.07,-0.16,1.87,0.154,-6.925,-9.084,1.085
949,0.0347,-0.0060,0.0914,-0.14,-0.07,1.88,0.159,-6.216,-9.322,1.036
959,0.0348,-0.0057,0.0854,-0.20,0.02,1.89,0.159,-6.764,-9.313,0.563
969,0.0384,-0.0065,0.0747,-0.27,0.11,1.90,0.159,-5.367,-9.596,1.661
979,0.0383,-0.0061,0.0691,-0.34,0.20,1.91,0.159,-5.330,-8.251,1.050
989,0.0379,-0.0056,0.0632,-0.40,0.29,1.92,0.159,-1.840,-8.711,1.168
999,0.0374,-0.0049,0.0575,-0.45,0.38,1.93,0.160,-0.333,-9.069,1.027
1009,0.0368,-0.0042,0.0525,-0.49,0.47,1.94,0.160,3.366,-7.232,0.419
1019,0.0404,-0.0047,0.0417,-0.50,0.55,1.95,0.160,1.663,-8.035,0.511
1029,0.0395,-0.0039,0.0373,-0.50,0.64,1.96,0.160,0.115,-8.782,1.038
1039,0.0384,-0.0031,0.0331,-0.48,0.72,1.97,0.160,2.838,-6.877,0.560
1049,0.0372,-0.0024,0.0291,-0.46,0.80,1.97,0.164,2.620,-6.355,0.621
1059,0.0359,-0.0016,0.0251,-0.46,0.88,1.99,0.164,2.628,-6.968,0.544
1069,0.0338,-0.0008,0.0222,-0.44,0.96,1.99,0.164,1.344,-7.104,1.405
1079,0.0322,-0.0001,0.0186,-0.42,1.03,2.00,0.164,0.843,-6.669,1.649
1089,0.0305,0.0005,0.0150,-0.40,1.10,2.01,0.164,2.151,-7.215,0.951
1098,0.0287,0.0011,0.0114,-0.38,1.17,2.02,0.165,0.726,-6.282,1.226
1109,0.0267,0.0017,0.0080,-0.38,1.24,2.04,0.165,-0.045,-6.000,1.965
1119,0.0239,0.0024,0.0060,-0.37,1.31,2.06,0.165,-0.245,-4.909,2.404
1129,0.0217,0.0029,0.0031,-0.36,1.38,2.07,0.165,-0.385,-4.241,2.210
1139,0.0194,0.0034,0.0005,-0.35,1.44,2.09,0.165,2.782,-4.824,1.928
1149,0.0170,0.0039,-0.0021,-0.34,1.50,2.12,0.153,2.939,-3.764,3.929
1158,0.0145,0.0044,-0.0049,-0.33,1.54,2.14,0.153,1.139,-1.817,2.187
1168,0.0199,0.0041,-0.0341,-0.31,1.57,2.17,0.153,1.102,0.799,4.295
1179,0.0173,0.0045,-0.0364,-0.28,1.60,2.20,0.153,3.500,-1.125,3.478
1189,0.0146,0.0049,-0.0384,-0.26,1.62,2.22,0.153,1.492,1.528,3.760
1199,0.0118,0.0052,-0.0403,-0.25,1.62,2.26,0.153,1.215,1.724,1.648
1209,0.0091,0.0056,-0.0421,-0.23,1.63,2.30,0.153,0.100,2.009,2.039
1219,0.0083,0.0060,-0.0548,-0.21,1.61,2.34,0.153,1.455,2.440,2.646
1229,0.0056,0.0063,-0.0566,-0.22,1.59,2.36,0.153,-2.128,3.023,2.823
1239,0.0029,0.0065,-0.0578,-0.22,1.57,2.39,0.153,-2.128,3.183,2.350
1249,0.0002,0.0068,-0.0584,-0.22,1.54,2.42,0.149,0.171,3.079,1.505
1259,-0.0024,0.0070,-0.0588,-0.24,1.51,2.45,0.149,0.350,3.688,1.791
1268,-0.0054,0.0079,-0.0675,-0.26,1.48,2.47,0.149,-0.729,2.939,2.205
1279,-0.0079,0.0083,-0.0678,-0.26,1.45,2.49,0.149,-0.556,5.021,1.822
1288,-0.0104,0.0086,-0.0680,-0.26,1.41,2.51,0.149,2.054,5.670,1.750
1298,-0.0128,0.0089,-0.0680,-0.26,1.38,2.53,0.149,2.479,5.481,2.097
1309,-0.0152,0.0093,-0.0680,-0.26,1.33,2.55,0.149,1.979,7.173,2.028
1319,-0.0172,0.0095,-0.0664,-0.25,1.27,2.56,0.149,4.350,7.854,1.196
1329,-0.0196,0.0098,-0.0658,-0.22,1.21,2.59,0.149,3.989,9.265,1.269
1339,-0.0217,0.0101,-0.0651,-0.20,1.14,2.60,0.149,6.861,10.635,0.902
1349,-0.0237,0.0104,-0.0641,-0.15,1.06,2.62,0.157,5.717,12.394,1.348
1358,-0.0255,0.0105,-0.0629,-0.12,0.97,2.63,0.157,4.585,11.339,1.410
1369,-0.0145,0.0069,-0.0329,-0.05,0.84,2.64,0.157,3.653,12.232,1.115
1379,-0.0160,0.0069,-0.0317,0.01,0.72,2.65,0.157,3.681,12.643,0.797
1388,-0.0172,0.0068,-0.0302,0.05,0.60,2.66,0.157,2.549,11.217,0.521
1398,-0.0183,0.0067,-0.0290,0.08,0.48,2.67,0.143,2.424,10.092,0.087
1408,-0.0191,0.0065,-0.0278,0.12,0.35,2.68,0.143,2.736,11.806,0.268
1419,-0.0241,0.0073,-0.0394,0.14,0.25,2.69,0.143,1.428,7.813,0.357
1429,-0.0246,0.0070,-0.0382,0.17,0.15,2.69,0.143,1.782,8.677,-0.410
1438,-0.0248,0.0067,-0.0371,0.20,0.04,2.69,0.143,3.274,7.520,-1.237
1449,-0.0248,0.0064,-0.0363,0.21,-0.05,2.69,0.152,1.497,5.734,-0.456
1459,-0.0247,0.0060,-0.0355,0.23,-0.13,2.69,0.152,2.041,5.783,-1.108
1469,-0.0182,0.0050,-0.0163,0.27,-0.21,2.68,0.152,1.412,5.654,-0.800
1478,-0.0179,0.0046,-0.0154,0.28,-0.27,2.67,0.152,-0.336,3.903,-0.666
1489,-0.0174,0.0041,-0.0145,0.30,-0.33,2.66,0.152,1.273,5.240,-1.603
1498,-0.0168,0.0036,-0.0136,0.31,-0.38,2.65,0.143,0.092,4.611,-1.557
1509,-0.0161,0.0031,-0.0128,0.32,-0.42,2.64,0.143,-0.631,3.883,-1.433
1518,-0.0171,0.0025,-0.0208,0.33,-0.47,2.62,0.143,1.038,5.267,-2.465
1528,-0.0163,0.0020,-0.0199,0.33,-0.52,2.61,0.143,1.157,5.438,-2.716
1538,-0.0153,0.0014,-0.0191,0.33,-0.56,2.59,0.143,1.146,5.123,-3.408
1548,-0.0143,0.0009,-0.0182,0.34,-0.62,2.57,0.152,2.249,4.806,-4.308
1558,-0.0133,0.0004,-0.0177,0.35,-0.67,2.54,0.152,-0.106,4.706,-4.343
1568,-0.0114,0.0012,0.0004,0.35,-0.72,2.51,0.152,0.050,5.263,-4.737
1578,-0.0102,0.0007,0.0007,0.36,-0.77,2.47,0.152,-0.611,3.308,-5.770
1588,-0.0088,0.0001,0.0014,0.37,-0.81,2.42,0.152,0.405,2.426,-5.091
1598,-0.0074,-0.0005,0.0021,0.37,-0.86,2.37,0.141,-0.672,2.928,-5.991
1608,-0.0059,-0.0010,0.0023,0.37,-0.89,2.31,0.141,-0.356,2.592,-5.871
1618,-0.0031,-0.0032,-0.0115,0.37,-0.92,2.26,0.141,-0.326,1.503,-6.775
1628,-0.0015,-0.0038,-0.0113,0.36,-0.96,2.20,0.141,1.817,-0.259,-7.299
1638,0.0002,-0.0043,-0.0109,0.35,-0.98,2.14,0.141,-0.040,-1.160,-6.482
1648,0.0019,-0.0049,-0.0108,0.35,-1.00,2.07,0.150,4.880,-2.606,-7.059
1659,0.0036,-0.0054,-0.0106,0.36,-1.00,2.00,0.150,1.083,-4.273,-7.532
1669,0.0018,-0.0038,0.0027,0.37,-0.98,1.93,0.150,0.996,-3.531,-8.762
1678,0.0035,-0.0043,0.0032,0.40,-0.96,1.86,0.150,2.015,-3.504,-9.017
1688,0.0052,-0.0050,0.0033,0.42,-0.92,1.79,0.150,0.593,-4.383,-8.507
1698,0.0067,-0.0056,0.0034,0.43,-0.88,1.70,0.139,-0.065,-3.100,-9.266
1708,0.0083,-0.0064,0.0037,0.44,-0.84,1.61,0.139,0.041,-3.576,-9.784
1718,0.0154,-0.0099,-0.0126,0.46,-0.81,1.52,0.139,0.729,-3.501,-10.136
1728,0.0169,-0.0107,-0.0128,0.47,-0.78,1.43,0.139,0.439,-2.039,-9.749
1738,0.0182,-0.0114,-0.0126,0.46,-0.74,1.34,0.139,-1.238,-1.234,-9.707
1748,0.0196,-0.0123,-0.0121,0.47,-0.71,1.23,0.142,1.421,-1.860,-10.612
1758,0.0209,-0.0131,-0.0116,0.47,-0.69,1.13,0.142,-2.520,-2.623,-9.687
1768,0.0234,-0.0144,-0.0132,0.47,-0.68,1.03,0.142,-1.164,-2.676,-10.354
1779,0.0246,-0.0152,-0.0124,0.48,-0.66,0.93,0.142,-0.954,-4.487,-9.681
1789,0.0257,-0.0160,-0.0117,0.46,-0.64,0.83,0.142,-1.720,-4.890,-9.308
1798,0.0268,-0.0168,-0.0113,0.45,-0.61,0.72,0.143,-2.454,-5.787,-9.200
1808,0.0279,-0.0176,-0.0106,0.44,-0.57,0.63,0.143,-3.366,-8.302,-8.895
1819,0.0277,-0.0178,-0.0073,0.41,-0.52,0.53,0.143,-2.680,-8.999,-8.518
1828,0.0286,-0.0185,-0.0060,0.39,-0.46,0.44,0.143,-3.836,-9.732,-8.436
1838,0.0294,-0.0192,-0.0048,0.36,-0.38,0.35,0.143,-3.804,-10.183,-8.075
1848,0.0300,-0.0198,-0.0036,0.33,-0.29,0.26,0.139,-3.544,-9.635,-8.325
1858,0.0305,-0.0204,-0.0022,0.30,-0.19,0.18,0.139,-3.866,-10.219,-8.140
1868,0.0358,-0.0232,-0.0084,0.27,-0.10,0.10,0.139,-3.503,-9.476,-7.627
1878,0.0360,-0.0237,-0.0072,0.23,-0.00,0.02,0.139,-2.325,-9.368,-7.364
1888,0.0360,-0.0241,-0.0056,0.19,0.10,-0.06,0.139,-3.423,-7.526,-6.723
1898,0.0358,-0.0244,-0.0038,0.16,0.19,-0.14,0.141,-3.334,-7.710,-6.387
1908,0.0355,-0.0247,-0.0024,0.13,0.28,-0.21,0.141,-3.124,-7.093,-5.943
1919,0.0343,-0.0246,-0.0005,0.10,0.36,-0.28,0.141,-2.644,-7.333,-5.882
1929,0.0337,-0.0248,0.0008,0.06,0.43,-0.34,0.141,-2.337,-7.459,-6.294
1938,0.0329,-0.0249,0.0024,0.03,0.50,-0.40,0.141,-2.874,-7.209,-5.846
1949,0.0321,-0.0249,0.0040,-0.01,0.58,-0.46,0.140,-4.048,-8.140,-5.775
1958,0.0311,-0.0249,0.0053,-0.04,0.65,-0.52,0.140,-4.378,-8.081,-4.523
1968,0.0312,-0.0255,0.0044,-0.07,0.73,-0.58,0.140,-5.668,-9.162,-4.074
1978,0.0300,-0.0254,0.0058,-0.12,0.81,-0.63,0.140,-6.152,-9.714,-3.981
1988,0.0286,-0.0252,0.0071,-0.16,0.89,-0.68,0.140,-3.991,-10.253,-5.104
1998,0.0270,-0.0249,0.0086,-0.22,0.99,-0.73,0.131,-4.671,-7.019,-3.419
2008,0.0253,-0.0245,0.0100,-0.28,1.09,-0.77,0.131,-4.211,-8.751,-5.394
2018,0.0342,-0.0306,-0.0091,-0.30,1.16,-0.82,0.131,0.475,-8.225,-4.226
2028,0.0321,-0.0301,-0.0078,-0.35,1.24,-0.86,0.131,-2.463,-3.892,-3.193
2038,0.0300,-0.0294,-0.0065,-0.39,1.32,-0.91,0.131,-3.625,-3.137,-4.570
2048,0.0277,-0.0287,-0.0055,-0.38,1.40,-0.95,0.136,-1.957,-0.518,-3.070
2058,0.0253,-0.0280,-0.0045,-0.41,1.44,-0.99,0.136,-0.951,-0.184,-2.781
2068,0.0234,-0.0277,-0.0043,-0.44,1.47,-1.03,0.136,-2.523,2.466,-1.986
2078,0.0208,-0.0268,-0.0026,-0.47,1.48,-1.06,0.136,-2.728,3.416,-1.451
2088,0.0182,-0.0260,-0.0012,-0.48,1.48,-1.09,0.136,-3.982,3.906,-0.763
2098,0.0157,-0.0251,-0.0001,-0.50,1.45,-1.11,0.134,-6.472,4.468,0.119
2108,0.0132,-0.0242,0.0008,-0.54,1.42,-1.12,0.134,-7.003,4.592,0.346
2118,0.0124,-0.0249,-0.0029,-0.58,1.38,-1.13,0.134,-6.343,4.329,1.176
2128,0.0100,-0.0238,-0.0021,-0.64,1.33,-1.13,0.134,-4.654,3.619,1.198
2138,0.0077,-0.0227,-0.0012,-0.71,1.29,-1.12,0.134,-2.629,2.208,1.923
2148,0.0055,-0.0214,-0.0001,-0.78,1.24,-1.11,0.133,-0.054,0.637,2.687
2158,0.0034,-0.0200,0.0012,-0.82,1.21,-1.10,0.133,3.383,-0.462,2.509
2168,0.0015,-0.0198,-0.0023,-0.84,1.19,-1.08,0.133,4.721,-0.898,2.169
2178,-0.0007,-0.0181,-0.0001,-0.84,1.18,-1.05,0.133,6.835,-0.358,0.778
2188,-0.0028,-0.0166,0.0017,-0.80,1.19,-1.03,0.133,3.301,0.947,1.628
2198,-0.0048,-0.0152,0.0032,-0.76,1.19,-1.01,0.134,3.146,3.171,1.242
2208,-0.0069,-0.0138,0.0046,-0.71,1.19,-1.00,0.134,0.138,4.827,0.987
2218,-0.0090,-0.0126,0.0054,-0.68,1.18,-0.98,0.134,-0.187,6.820,0.901
2228,-0.0111,-0.0114,0.0067,-0.65,1.15,-0.97,0.134,2.645,7.063,0.657
2238,-0.0130,-0.0103,0.0081,-0.64,1.09,-0.96,0.134,-0.643,7.804,1.323
2248,-0.0149,-0.0091,0.0093,-0.64,1.03,-0.94,0.137,-1.619,8.255,1.101
2258,-0.0167,-0.0080,0.0105,-0.63,0.95,-0.94,0.137,-1.986,8.501,0.997
2268,-0.0160,-0.0071,0.0170,-0.64,0.87,-0.93,0.137,-1.491,8.110,0.741
2278,-0.0175,-0.0060,0.0182,-0.65,0.79,-0.92,0.137,1.649,9.228,0.584
2288,-0.0189,-0.0048,0.0196,-0.66,0.70,-0.91,0.137,1.622,9.353,0.284
2298,-0.0200,-0.0037,0.0208,-0.67,0.61,-0.90,0.136,0.376,8.431,0.709
2308,-0.0211,-0.0025,0.0219,-0.67,0.52,-0.89,0.136,1.036,8.054,0.763
2318,-0.0227,-0.0011,0.0217,-0.65,0.43,-0.89,0.136,1.444,7.461,0.419
2328,-0.0234,0.0000,0.0225,-0.64,0.34,-0.89,0.136,3.940,6.641,0.047
2338,-0.0239,0.0011,0.0233,-0.61,0.27,-0.89,0.136,2.055,5.427,0.875
2348,-0.0244,0.0022,0.0244,-0.60,0.20,-0.88,0.143,4.573,4.890,0.356
2358,-0.0247,0.0032,0.0254,-0.57,0.13,-0.88,0.143,3.686,4.665,1.002
2368,-0.0165,0.0001,0.0387,-0.53,0.07,-0.87,0.143,4.109,4.081,0.382
2378,-0.0166,0.0011,0.0396,-0.50,0.02,-0.87,0.143,5.196,5.017,0.179
2388,-0.0166,0.0019,0.0402,-0.46,-0.03,-0.86,0.143,3.332,5.032,0.574
2399,-0.0165,0.0027,0.0408,-0.41,-0.08,-0.86,0.146,4.961,5.016,0.082
2408,-0.0164,0.0034,0.0414,-0.37,-0.13,-0.85,0.146,2.719,5.063,-0.034
2418,-0.0116,0.0009,0.0511,-0.33,-0.18,-0.85,0.146,1.981,4.436,-0.109
2428,-0.0113,0.0015,0.0514,-0.29,-0.23,-0.85,0.146,4.835,4.096,0.273
2438,-0.0109,0.0020,0.0518,-0.26,-0.29,-0.85,0.146,2.437,2.667,0.013
2448,-0.0104,0.0024,0.0523,-0.23,-0.33,-0.85,0.153,0.978,1.370,-0.090
2458,-0.0098,0.0028,0.0526,-0.19,-0.37,-0.85,0.153,0.617,1.056,-0.544
2468,-0.0064,-0.0008,0.0676,-0.16,-0.40,-0.85,0.153,3.152,-0.327,-0.497
2478,-0.0057,-0.0006,0.0677,-0.14,-0.41,-0.86,0.153,3.894,-1.947,-0.758
2488,-0.0050,-0.0003,0.0678,-0.12,-0.41,-0.86,0.153,1.483,-3.791,-0.492
2499,-0.0043,-0.0002,0.0678,-0.08,-0.41,-0.87,0.146,1.141,-5.129,-0.686
2508,-0.0036,-0.0000,0.0673,-0.06,-0.38,-0.87,0.146,1.652,-4.459,-0.085
2518,-0.0012,0.0016,0.0530,-0.04,-0.34,-0.88,0.146,-2.078,-6.813,-0.611
2528,-0.0007,0.0016,0.0523,-0.04,-0.29,-0.88,0.146,4.532,-6.137,-1.128
2537,-0.0002,0.0017,0.0514,-0.03,-0.23,-0.89,0.146,-1.846,-3.927,-1.348
2548,0.0002,0.0017,0.0502,-0.04,-0.17,-0.90,0.155,1.986,-4.440,-0.062
2559,0.0005,0.0018,0.0491,-0.02,-0.11,-0.91,0.155,-4.044,0.001,1.520
2568,-0.0014,0.0016,0.0542,-0.02,-0.07,-0.92,0.155,1.139,-1.286,-2.056
2578,-0.0013,0.0017,0.0534,-0.01,-0.04,-0.92,0.155,3.349,1.661,-0.009
2588,-0.0012,0.0017,0.0526,-0.05,-0.03,-0.91,0.155,-1.763,3.374,-0.570
2598,-0.0011,0.0018,0.0513,-0.04,-0.02,-0.92,0.161,2.138,3.036,0.406
2608,-0.0011,0.0018,0.0498,-0.03,-0.04,-0.92,0.161,1.227,2.815,-0.005
2618,-0.0058,0.0021,0.0593,-0.03,-0.06,-0.93,0.161,2.665,4.335,1.005
2628,-0.0057,0.0021,0.0579,-0.01,-0.10,-0.93,0.161,1.187,3.810,1.241
2638,-0.0055,0.0022,0.0563,0.00,-0.14,-0.92,0.161,-1.305,0.609,1.863
2648,-0.0053,0.0022,0.0548,0.02,-0.18,-0.91,0.156,-1.149,-0.291,1.910
2658,-0.0050,0.0021,0.0535,0.03,-0.21,-0.90,0.156,-0.794,-1.668,2.108
2668,-0.0010,0.0016,0.0410,0.02,-0.22,-0.88,0.156,0.880,-1.979,1.689
2678,-0.0006,0.0015,0.0396,0.03,-0.21,-0.87,0.156,-1.146,-2.522,2.307
2688,-0.0002,0.0015,0.0381,0.02,-0.19,-0.85,0.156,-4.505,-3.059,3.181
2698,0.0001,0.0015,0.0365,0.03,-0.16,-0.83,0.154,-2.806,-4.639,2.916
2708,0.0003,0.0014,0.0350,0.00,-0.12,-0.81,0.154,-1.071,-1.276,1.440
2718,0.0050,0.0005,0.0180,-0.05,-0.09,-0.78,0.154,-5.440,-1.416,2.989
2728,0.0051,0.0006,0.0165,-0.09,-0.06,-0.75,0.154,-3.188,-2.672,2.349
2738,0.0052,0.0008,0.0152,-0.09,-0.04,-0.73,0.154,-3.984,-2.359,3.349
2748,0.0053,0.0009,0.0139,-0.15,-0.02,-0.70,0.151,-4.721,-1.634,3.676
2758,0.0053,0.0012,0.0130,-0.17,0.02,-0.68,0.151,-4.123,-3.795,2.903
2768,0.0114,0.0001,-0.0056,-0.20,0.03,-0.65,0.151,0.241,-1.999,2.924
2778,0.0114,0.0005,-0.0068,-0.24,0.05,-0.61,0.151,-2.364,-3.826,2.884
2787,0.0113,0.0009,-0.0080,-0.27,0.08,-0.58,0.151,0.042,-2.816,3.146
2799,0.0112,0.0013,-0.0089,-0.28,0.11,-0.55,0.156,0.596,-2.673,2.955
2808,0.0110,0.0018,-0.0098,-0.30,0.14,-0.52,0.156,0.797,-2.142,2.561
2818,0.0098,0.0025,-0.0088,-0.30,0.17,-0.49,0.156,-0.101,-3.161,3.004
2828,0.0095,0.0030,-0.0097,-0.30,0.20,-0.46,0.156,1.055,-2.858,2.780
2837,0.0092,0.0035,-0.0104,-0.29,0.22,-0.44,0.156,-1.754,-4.152,2.796
2847,0.0088,0.0040,-0.0108,-0.30,0.26,-0.41,0.155,0.581,-3.640,2.416
2858,0.0083,0.0046,-0.0110,-0.30,0.29,-0.38,0.155,-1.162,-4.365,2.383
2868,0.0079,0.0051,-0.0113,-0.31,0.32,-0.35,0.155,-1.122,-4.561,2.402
2878,0.0073,0.0056,-0.0118,-0.32,0.36,-0.33,0.155,-0.553,-3.996,2.194
2887,0.0067,0.0061,-0.0122,-0.32,0.40,-0.30,0.155,-0.821,-4.800,1.999
2898,0.0060,0.0067,-0.0124,-0.34,0.44,-0.28,0.153,-1.022,-4.168,2.219
2908,0.0053,0.0073,-0.0126,-0.35,0.49,-0.25,0.153,-0.344,-3.839,2.512
2917,0.0058,0.0079,-0.0160,-0.37,0.53,-0.23,0.153,0.258,-2.614,2.078
2927,0.0049,0.0085,-0.0162,-0.37,0.57,-0.20,0.153,0.619,-1.795,2.086
2938,0.0040,0.0091,-0.0161,-0.38,0.60,-0.18,0.153,-0.752,-0.500,2.142
2947,0.0029,0.0098,-0.0162,-0.38,0.62,-0.16,0.151,1.927,-0.333,1.524
2957,0.0019,0.0104,-0.0166,-0.36,0.63,-0.14,0.151,-1.765,0.901,2.865
2967,0.0022,0.0113,-0.0209,-0.35,0.63,-0.12,0.151,1.293,0.145,3.115
2977,0.0011,0.0120,-0.0207,-0.35,0.64,-0.10,0.151,4.781,0.688,2.411
2988,0.0001,0.0126,-0.0207,-0.35,0.63,-0.07,0.151,2.235,2.184,2.896
2998,-0.0010,0.0132,-0.0209,-0.32,0.63,-0.05,0.147,3.281,3.211,2.416
3008,-0.0022,0.0138,-0.0211,-0.29,0.62,-0.02,0.147,5.640,3.808,2.926
3018,-0.0018,0.0156,-0.0302,-0.28,0.59,0.01,0.147,5.363,4.669,2.998
3027,-0.0028,0.0161,-0.0302,-0.23,0.57,0.04,0.147,3.086,5.073,2.742
3037,-0.0038,0.0165,-0.0302,-0.18,0.53,0.06,0.147,1.446,4.930,2.297
3048,-0.0047,0.0168,-0.0302,-0.14,0.48,0.09,0.146,6.116,5.056,1.068
3057,-0.0055,0.0170,-0.0305,-0.11,0.43,0.12,0.146,4.105,4.086,1.310
3067,-0.0063,0.0182,-0.0346,-0.09,0.38,0.14,0.146,6.405,3.934,0.322
3077,-0.0069,0.0183,-0.0341,-0.04,0.33,0.15,0.146,7.482,1.775,0.349
3088,-0.0075,0.0184,-0.0338,0.01,0.29,0.16,0.146,5.896,-1.941,1.234
3098,-0.0080,0.0184,-0.0335,0.06,0.26,0.16,0.149,9.348,-5.027,1.042
3107,-0.0084,0.0183,-0.0324,0.14,0.25,0.17,0.149,7.349,-9.122,2.226
3117,-0.0077,0.0158,-0.0225,0.21,0.28,0.18,0.149,5.400,-9.594,2.309
3127,-0.0082,0.0154,-0.0205,0.30,0.36,0.19,0.149,6.593,-8.864,2.282
3138,-0.0088,0.0149,-0.0188,0.37,0.45,0.21,0.149,3.620,-7.648,2.568
3147,-0.0096,0.0143,-0.0172,0.43,0.55,0.23,0.148,2.687,-6.891,3.008
3157,-0.0106,0.0135,-0.0158,0.48,0.63,0.26,0.148,0.854,-4.397,2.980
3167,-0.0106,0.0117,-0.0098,0.51,0.70,0.29,0.148,-4.702,-1.582,2.689
3177,-0.0118,0.0108,-0.0085,0.54,0.76,0.32,0.148,-7.269,0.733,2.804
3188,-0.0131,0.0098,-0.0075,0.53,0.78,0.34,0.148,-9.758,3.037,2.495
3198,-0.0144,0.0089,-0.0063,0.48,0.80,0.37,0.156,-10.076,5.838,2.510
3207,-0.0158,0.0081,-0.0053,0.40,0.78,0.39,0.156,-9.899,8.358,1.732
3217,-0.0105,0.0051,0.0170,0.31,0.72,0.42,0.156,-7.499,11.358,1.629
3227,-0.0117,0.0046,0.0178,0.20,0.64,0.44,0.156,-6.230,11.424,1.723
3237,-0.0128,0.0043,0.0187,0.11,0.55,0.46,0.156,-3.346,13.894,0.437
3247,-0.0137,0.0040,0.0195,0.04,0.44,0.47,0.153,-3.092,13.743,0.479
3257,-0.0145,0.0040,0.0198,0.00,0.31,0.48,0.153,-1.136,12.968,0.861
3266,-0.0142,0.0043,0.0236,-0.04,0.17,0.49,0.153,3.855,11.593,0.801
3277,-0.0145,0.0044,0.0234,-0.06,0.03,0.49,0.153,5.261,8.973,1.042
3286,-0.0146,0.0045,0.0232,-0.05,-0.09,0.50,0.153,3.517,6.756,1.752
3296,-0.0144,0.0045,0.0221,-0.01,-0.20,0.51,0.159,5.549,4.623,0.745
3308,-0.0141,0.0046,0.0210,0.04,-0.28,0.52,0.159,3.501,2.145,1.250
3317,-0.0116,0.0070,0.0327,0.08,-0.34,0.54,0.159,1.546,-0.858,0.769
3327,-0.0110,0.0069,0.0315,0.12,-0.37,0.55,0.159,-0.797,-2.355,-0.176
3336,-0.0103,0.0066,0.0299,0.14,-0.38,0.56,0.159,-1.529,-4.026,-0.723
3347,-0.0097,0.0064,0.0283,0.15,-0.36,0.56,0.150,-2.554,-3.495,-0.260
3357,-0.0091,0.0062,0.0271,0.14,-0.33,0.55,0.150,-0.947,-2.019,-1.724
3367,-0.0094,0.0027,0.0105,0.12,-0.30,0.55,0.150,-2.330,0.516,-2.020
3377,-0.0089,0.0025,0.0090,0.10,-0.27,0.54,0.150,0.462,0.917,-3.015
3387,-0.0084,0.0023,0.0073,0.09,-0.26,0.51,0.150,-1.255,1.399,-1.954
3397,-0.0080,0.0022,0.0057,0.09,-0.26,0.49,0.153,-0.319,1.619,-2.065
3407,-0.0076,0.0020,0.0043,0.08,-0.28,0.46,0.153,0.376,2.483,-1.386
3417,-0.0069,0.0010,-0.0003,0.08,-0.29,0.44,0.153,2.711,0.761,-1.775
3427,-0.0064,0.0009,-0.0013,0.08,-0.31,0.42,0.153,4.296,-0.296,-1.931
3438,-0.0059,0.0007,-0.0026,0.10,-0.33,0.41,0.153,6.933,-1.100,-1.268
3447,-0.0053,0.0006,-0.0033,0.13,-0.33,0.39,0.144,5.393,-2.999,-0.846
3457,-0.0047,0.0004,-0.0036,0.19,-0.32,0.38,0.144,4.827,-4.116,-1.386
3467,-0.0013,-0.0060,-0.0261,0.26,-0.31,0.37,0.144,4.261,-5.190,-1.262
3477,-0.0008,-0.0065,-0.0272,0.30,-0.27,0.36,0.144,1.761,-5.922,-1.433
3487,-0.0003,-0.0070,-0.0279,0.35,-0.23,0.34,0.144,-2.020,-6.231,-1.607
3496,0.0001,-0.0076,-0.0280,0.37,-0.17,0.33,0.145,-5.189,-6.006,-1.902
3506,0.0004,-0.0082,-0.0282,0.35,-0.11,0.32,0.145,-5.977,-5.261,-2.067
3517,0.0027,-0.0123,-0.0362,0.32,-0.05,0.30,0.145,-7.688,-2.625,-1.849
3527,0.0027,-0.0123,-0.0362,0.32,-0.05,0.30,0.145,-8.575,-1.048,-1.782
3537,0.0028,-0.0128,-0.0363,0.26,0.00,0.28,0.145,-7.195,0.414,-2.428
3547,0.0028,-0.0133,-0.0359,0.19,0.04,0.26,0.139,-3.075,-1.707,-2.692
3557,0.0027,-0.0136,-0.0355,0.11,0.06,0.24,0.139,-3.078,-3.292,-1.815
3567,0.0080,-0.0222,-0.0490,0.04,0.05,0.22,0.139,-6.665,-5.629,-1.515
3576,0.0079,-0.0222,-0.0482,-0.01,0.06,0.20,0.139,-8.256,-9.195,-1.978
3587,0.0078,-0.0222,-0.0472,-0.04,0.08,0.18,0.139,-9.404,-11.695,-2.315
3597,0.0077,-0.0222,-0.0463,-0.08,0.13,0.16,0.140,-12.599,-12.996,-3.810
3607,0.0074,-0.0220,-0.0452,-0.16,0.20,0.14,0.140,-18.160,-15.601,-5.372
3617,0.0074,-0.0222,-0.0439,-0.26,0.31,0.12,0.140,-20.130,-15.604,-7.450
3627,0.0068,-0.0217,-0.0421,-0.36,0.44,0.09,0.140,-27.587,-15.548,-8.686
3636,0.0060,-0.0211,-0.0402,-0.52,0.58,0.04,0.140,-29.710,-12.471,-11.144
3646,0.0050,-0.0202,-0.0378,-0.71,0.74,-0.02,0.137,-27.253,-10.719,-13.023
3656,0.0037,-0.0189,-0.0349,-0.96,0.90,-0.10,0.137,-25.271,-8.058,-15.030
3667,0.0036,-0.0197,-0.0341,-1.24,1.04,-0.20,0.137,-27.727,-3.278,-16.146
3677,0.0018,-0.0175,-0.0306,-1.52,1.17,-0.32,0.137,-25.332,1.036,-17.883
3687,-0.0002,-0.0148,-0.0275,-1.79,1.27,-0.45,0.137,-25.340,5.311,-19.663
3697,-0.0025,-0.0115,-0.0242,-2.06,1.33,-0.60,0.130,-20.994,7.971,-21.537
3707,-0.0048,-0.0078,-0.0203,-2.32,1.35,-0.77,0.130,-12.744,9.225,-22.569
3716,-0.0011,-0.0140,-0.0302,-2.55,1.31,-0.96,0.130,-3.816,10.379,-24.846
3726,-0.0033,-0.0094,-0.0264,-2.79,1.25,-1.17,0.130,0.792,14.295,-26.367
3736,-0.0054,-0.0044,-0.0225,-2.95,1.18,-1.39,0.130,11.775,16.000,-29.763
3746,-0.0074,0.0010,-0.0184,-3.03,1.09,-1.63,0.147,22.565,14.169,-33.555
3756,-0.0091,0.0064,-0.0145,-3.03,0.97,-1.90,0.147,27.409,12.172,-38.957
3766,-0.0213,0.0283,0.0204,-2.97,0.85,-2.18,0.147,25.641,6.113,-44.057
3776,-0.0226,0.0337,0.0243,-2.77,0.72,-2.51,0.147,21.099,-0.964,-49.284
3787,-0.0236,0.0386,0.0285,-2.52,0.60,-2.88,0.147,13.803,-5.765,-54.322
3796,-0.0244,0.0432,0.0331,-2.26,0.53,-3.30,0.146,8.854,-5.552,-56.293
3806,-0.0251,0.0473,0.0381,-2.02,0.52,-3.77,0.146,3.712,1.110,-59.251
3817,-0.0231,0.0441,0.0556,-1.84,0.57,-4.29,0.146,8.077,8.014,-61.833
3826,-0.0238,0.0474,0.0598,-1.74,0.65,-4.84,0.146,22.767,16.126,-65.812
3836,-0.0247,0.0506,0.0636,-1.67,0.69,-5.42,0.146,26.866,25.985,-69.211
3846,-0.0256,0.0536,0.0661,-1.61,0.65,-6.02,0.137,45.687,35.258,-75.950
3856,-0.0264,0.0566,0.0675,-1.43,0.55,-6.66,0.137,47.385,37.731,-76.578
3866,-0.0382,0.0821,0.0493,-1.18,0.35,-7.41,0.137,57.985,41.530,-79.080
3876,-0.0385,0.0842,0.0509,-0.83,0.05,-8.14,0.137,69.180,39.449,-79.446
3887,-0.0383,0.0856,0.0523,-0.35,-0.30,-8.91,0.137,85.313,27.735,-77.738
3897,-0.0377,0.0861,0.0540,0.18,-0.70,-9.69,0.142,91.331,15.522,-76.493
3906,-0.0366,0.0856,0.0555,0.82,-1.11,-10.48,0.142,94.643,-1.184,-74.324
3916,-0.0429,0.0977,0.0496,1.56,-1.46,-11.25,0.142,97.302,-20.009,-70.222
3927,-0.0411,0.0945,0.0496,2.42,-1.68,-12.01,0.142,144.315,-53.242,-176.277
3936,-0.0392,0.0899,0.0487,3.33,-1.80,-12.75,0.142,297.432,-22.048,-357.956
3946,-0.0375,0.0838,0.0472,4.29,-1.73,-13.48,0.155,174.498,267.402,-362.477
3956,-0.0365,0.0761,0.0454,5.29,-1.44,-14.42,0.155,150.990,443.636,-394.676
3966,0.0051,0.0139,0.0563,7.84,-1.58,-17.76,0.155,113.716,540.189,-390.001
3976,0.0031,0.0108,0.0005,9.97,-3.68,-21.09,0.155,139.999,359.987,-286.916
