time_s,cmd,imu_z,height,delta_x,delta_y,squal,vx,vy
0.001129,0.000000,,,,,,,
0.010135,0.000000,,,,,,,
0.020118,0.000000,,41.0,,,,,
0.030088,0.000000,,41.0,,-2,63,0.12451090663671494,0.09583566337823868
0.040113,0.000000,,41.0,,1,103,0.11957896500825882,0.09451419115066528
0.050103,0.000000,,41.0,,1,94,0.11528316140174866,0.0933404415845871
0.060099,0.000000,,41.0,-6,5,95,0.10608917474746704,0.10020957887172699
0.070079,0.000000,,42.0,6,-7,63,0.11669980734586716,0.09179018437862396
0.080685,0.000000,,42.0,,-1,67,0.11527527123689651,0.08986172080039978
0.090080,0.000000,,42.0,,2,97,0.11054618656635284,0.08891366422176361
0.100465,0.000000,,42.0,,1,92,0.10717682540416718,0.0884251594543457
0.110091,0.000000,,42.0,-1,-2,87,0.10873762518167496,0.09019427746534348
0.120092,0.000000,,43.0,-3,7,94,0.09785378724336624,0.09308343380689621
0.130082,0.000000,,43.0,2,-7,101,0.1048901230096817,0.08934596180915833
0.140564,0.000000,,43.0,1,1,94,0.10201405733823776,0.08710122108459473
0.150089,0.000000,,43.0,,1,93,0.10027135163545609,0.08684448152780533
0.160095,0.000000,,43.0,-1,-2,94,0.10388103127479553,0.08861644566059113
0.170089,0.000000,,43.0,2,,53,0.1049739271402359,0.08603397756814957
0.180875,0.000000,,43.0,,,55,0.10764171183109283,0.08782748132944107
0.190181,0.000000,,43.0,,1,94,0.10614512860774994,0.08737710863351822
0.200249,0.000000,,43.0,-8,3,104,0.10190728306770325,0.09742387384176254
0.210094,0.000000,,43.0,6,-4,95,0.10870856791734695,0.08987925201654434
0.220094,0.000000,,41.0,-3,7,92,0.0993141159415245,0.09238775819540024
0.230093,0.000000,,41.0,2,-7,96,0.10899811238050461,0.09068144112825394
0.240197,0.000000,,41.0,,,95,0.11299530416727066,0.09401874989271164
0.250085,0.000000,,41.0,1,,94,0.11207904666662216,0.0918840765953064
0.260104,0.000000,,41.0,,,94,0.11723865568637848,0.0952078104019165
0.270862,0.000000,,44.0,,,54,0.11928059905767441,0.09125133603811264
0.280093,0.000000,,44.0,,,54,0.11928059905767441,0.09125133603811264
0.290076,0.000000,,44.0,-3,,95,0.1165311187505722,0.0948188453912735
0.300082,0.000000,,44.0,,,94,0.11927678436040878,0.09859419614076614
0.310078,0.000000,,44.0,2,1,94,0.11458604782819748,0.094272181391716
0.320089,0.000000,,42.0,,,94,0.11761465668678284,0.09802442044019699
0.330198,0.000000,,42.0,-1,-1,94,0.11578191071748734,0.09824446588754654
0.340188,0.000000,,42.0,1,1,93,0.11198161542415619,0.0953712910413742
0.350086,0.000000,,42.0,-2,1,99,0.10818945616483688,0.09648865461349487
0.360306,0.000000,,42.0,2,,96,0.10740507394075394,0.09134526550769806
0.370085,0.000000,,43.0,,-2,58,0.10973592847585678,0.08971009403467178
0.380087,0.000000,,43.0,1,,59,0.10633426159620285,0.08479347825050354
0.390090,0.000000,,43.0,-3,,99,0.1044018417596817,0.08821196109056473
0.400084,0.000000,,43.0,,,94,0.10744800418615341,0.09165621548891068
0.410076,0.000000,,43.0,,,93,0.111310213804245,0.09552240371704102
0.420075,0.000000,,41.0,3,1,99,0.10849746316671371,0.08939904719591141
0.430078,0.000000,,41.0,,-2,54,0.11056967079639435,0.08914182335138321
0.440075,0.000000,,41.0,-2,,100,0.1095115914940834,0.09178285300731659
0.450090,0.000000,,41.0,1,2,94,0.10645230859518051,0.09015718102455139
0.460272,0.000000,,41.0,2,,55,0.10800138115882874,0.0887594223022461
0.470085,0.000000,,38.0,2,,55,0.10800138115882874,0.0887594223022461
0.480205,0.000000,,38.0,,,61,0.11415582150220871,0.09293973445892334
0.490076,0.000000,,38.0,,1,101,0.11353377997875214,0.09245076030492783
0.500074,0.000000,,38.0,,,91,0.11919587105512619,0.09638272970914841
0.510075,0.000000,,38.0,-2,-1,105,0.12089768052101135,0.0992051213979721
0.520073,0.000000,,45.0,,,75,0.12702229619026184,0.10302852094173431
0.530926,0.000000,,45.0,2,,58,0.12138194590806961,0.09385780990123749
0.540076,0.000000,,45.0,-2,,105,0.12018672376871109,0.09599829465150833
0.550078,0.000000,,45.0,1,1,97,0.11663220077753067,0.09325431287288666
0.560075,0.000000,,45.0,1,,96,0.11455386877059937,0.09055332094430923
0.570201,0.000000,,46.0,-1,-1,56,0.11499898880720139,0.09105552732944489
0.580101,0.000000,,46.0,1,,67,0.10935503244400024,0.08399797976016998
0.590076,0.000000,,46.0,,,96,0.11214125901460648,0.08533338457345963
0.600285,0.000000,,46.0,,,96,0.11214125901460648,0.08533338457345963
0.610091,0.000000,,46.0,,,85,0.11551149934530258,0.08779671788215637
0.620089,0.000000,,45.0,,1,92,0.11102395504713058,0.0867379754781723
0.630836,0.000000,,45.0,,,77,0.11122708022594452,0.08888348191976547
0.640083,0.000000,,45.0,,,96,0.1144934818148613,0.09380283951759338
0.650084,0.000000,,45.0,,,97,0.11868782341480255,0.0987430214881897
0.660084,0.000000,,45.0,,-1,52,0.11907047778367996,0.10318732261657715
0.670083,0.000000,,45.0,,-1,59,0.11426371335983276,0.10038279742002487
0.680852,0.000000,,45.0,,1,95,0.11007563024759293,0.09848077595233917
0.690094,0.000000,,45.0,,1,95,0.11007563024759293,0.09848077595233917
0.700099,0.000000,,45.0,,1,99,0.10786350071430206,0.09587819874286652
0.710119,0.000000,,45.0,,,92,0.11369124799966812,0.09830259531736374
0.720098,0.000000,,40.0,-3,6,95,0.10222598165273666,0.09894540160894394
0.730094,0.000000,,40.0,3,-4,98,0.11035777628421783,0.0950806587934494
0.740083,0.000000,,40.0,,,91,0.11750565469264984,0.09721262753009796
0.750844,0.000000,,40.0,,,91,0.11750565469264984,0.09721262753009796
0.760839,0.000000,,40.0,,,96,0.12286089360713959,0.10070424526929855
0.770082,0.000000,,44.0,,,58,0.12402363121509552,0.10173772275447845
0.780090,0.000000,,44.0,,,58,0.12402363121509552,0.10173772275447845
0.790090,0.000000,,44.0,,1,95,0.11902660876512527,0.09985963255167007
0.800094,0.000000,,44.0,,,95,0.12400481104850769,0.1038486510515213
0.810078,0.000000,,44.0,,2,92,0.11904549598693848,0.10160249471664429
0.820085,0.000000,,44.0,,,91,0.12454190850257874,0.10555262118577957
0.830086,0.000000,,44.0,,-1,100,0.1213609129190445,0.10152601450681686
0.840708,0.000000,,44.0,-3,4,94,0.11019879579544067,0.10336471349000931
0.850197,0.000000,,44.0,,,91,0.11328726261854172,0.10693421214818954
0.860082,0.000000,,44.0,3,-3,99,0.116797536611557,0.10046453773975372
0.870369,0.000000,,40.0,,-3,50,0.1203179880976677,0.09946180880069733
0.880087,0.000000,,40.0,,,57,0.1260041743516922,0.10406655818223953
0.890086,0.000000,,40.0,,1,95,0.12196655571460724,0.10180753469467163
0.900094,0.000000,,40.0,,-1,94,0.121954545378685,0.10038407146930695
0.910085,0.000000,,40.0,,1,95,0.11634116619825363,0.09605024009943008
0.920084,0.000000,,42.0,,-2,57,0.1174561083316803,0.09366494417190552
0.930086,0.000000,,42.0,-3,6,98,0.10786280781030655,0.09634726494550705
0.940086,0.000000,,42.0,-3,6,98,0.10786280781030655,0.09634726494550705
0.950633,0.000000,,42.0,-1,,91,0.10814795643091202,0.09723983705043793
0.960952,0.000000,,42.0,4,-7,50,0.1218944787979126,0.09467057883739471
0.970105,0.000000,,45.0,4,-7,50,0.1218944787979126,0.09467057883739471
0.980088,0.000000,,45.0,,1,93,0.11841334402561188,0.0928073525428772
0.990086,0.000000,,45.0,,1,93,0.11841334402561188,0.0928073525428772
1.000149,0.000167,,45.0,,,98,0.12226438522338867,0.09624558687210083
1.010085,0.000333,,45.0,3,-5,68,0.11842762678861618,0.09280391037464142
1.020084,0.000500,,42.0,3,-5,68,0.11842762678861618,0.09280391037464142
1.030084,0.000667,,42.0,,3,104,0.11350706219673157,0.09137662500143051
1.040110,0.000833,,42.0,-3,4,92,0.1054408997297287,0.09501097351312637
1.050242,0.001000,,42.0,-3,4,92,0.1054408997297287,0.09501097351312637
1.060135,0.001167,,42.0,-1,1,99,0.1023269072175026,0.09588392078876495
1.070304,0.001333,,45.0,,-2,64,0.10724542289972305,0.08642907440662384
1.080160,0.001500,,45.0,,-2,64,0.10724542289972305,0.08642907440662384
1.090121,0.001667,,45.0,,,99,0.11133770644664764,0.087738536298275
1.100084,0.001833,,45.0,,,99,0.11133770644664764,0.087738536298275
1.110085,0.002000,,45.0,,2,93,0.11145332455635071,0.08957141637802124
1.120111,0.002167,,42.0,,2,93,0.11145332455635071,0.08957141637802124
1.130083,0.002333,,42.0,-3,6,96,0.1042863056063652,0.0918552502989769
1.140086,0.002500,,42.0,3,-3,95,0.10804498940706253,0.08791980892419815
1.150076,0.002667,,42.0,3,-3,95,0.10804498940706253,0.08791980892419815
1.160075,0.002833,,42.0,,-2,56,0.10957479476928711,0.0885828360915184
1.170088,0.003000,,43.0,,,56,0.11238328367471695,0.09023552387952805
1.180121,0.003167,,43.0,,2,92,0.10913022607564926,0.08898880332708359
1.190120,0.003333,,43.0,-4,3,103,0.10398759692907333,0.09348563849925995
1.200067,0.003500,,43.0,-4,3,103,0.10398759692907333,0.09348563849925995
1.210084,0.003667,,43.0,4,-4,97,0.10899075865745544,0.08774072676897049
1.220087,0.003833,,43.0,-4,4,94,0.10177677869796753,0.09234064072370529
1.230081,0.004000,,43.0,,3,92,0.09895019978284836,0.09071390330791473
1.240125,0.004167,,43.0,,3,92,0.09895019978284836,0.09071390330791473
1.250087,0.004333,,43.0,4,-2,96,0.10552992671728134,0.08852928131818771
1.260077,0.004500,,43.0,1,-2,54,0.10848920047283173,0.08728489279747009
1.270076,0.004667,,44.0,,,55,0.11109740287065506,0.08827850967645645
1.280082,0.004833,,44.0,-4,4,95,0.10571686178445816,0.09270104020833969
1.290081,0.005000,,44.0,4,-4,97,0.11211192607879639,0.08698541671037674
1.300083,0.005167,,44.0,4,-4,97,0.11211192607879639,0.08698541671037674
1.310184,0.005333,,44.0,1,,93,0.10312020033597946,0.09073672443628311
1.320078,0.005500,,42.0,-1,,95,0.1022191047668457,0.09115317463874817
1.330079,0.005667,,42.0,-1,,95,0.1022191047668457,0.09115317463874817
1.340080,0.005833,,42.0,-1,2,94,0.1024540588259697,0.09006191045045853
1.350084,0.006000,,42.0,4,-2,96,0.10437783598899841,0.08551795780658722
1.360077,0.006167,,42.0,-5,2,86,0.10040048509836197,0.0918627381324768
1.370084,0.006333,,47.0,5,-5,57,0.10192136466503143,0.08130595088005066
1.380074,0.006500,,47.0,-5,6,95,0.09369351714849472,0.08639465272426605
1.390079,0.006667,,47.0,,,96,0.09836167842149734,0.08982261270284653
1.400084,0.006833,,47.0,,,96,0.09836167842149734,0.08982261270284653
1.410080,0.007000,,47.0,,,95,0.10602807253599167,0.09695427864789963
1.420098,0.007167,,42.0,5,-6,54,0.11490949988365173,0.09018348157405853
1.430079,0.007333,,42.0,-4,5,96,0.10759447515010834,0.09494589269161224
1.440077,0.007500,,42.0,,-7,93,0.11895058304071426,0.09594691544771194
1.450082,0.007667,,42.0,,-7,93,0.11895058304071426,0.09594691544771194
1.460081,0.007833,,42.0,5,-6,49,0.11676494777202606,0.08881453424692154
1.470135,0.008000,,43.0,,,62,0.12031607329845428,0.09153299033641815
1.480125,0.008167,,43.0,-3,6,97,0.1095932126045227,0.09405742585659027
1.490104,0.008333,,43.0,-2,,90,0.10842042416334152,0.09625696390867233
1.500111,0.008500,,43.0,-2,,90,0.10842042416334152,0.09625696390867233
1.510122,0.008667,,43.0,5,-6,53,0.11637592315673828,0.08806619793176651
1.520087,0.008833,,43.0,,,63,0.11990364640951157,0.09020790457725525
1.530088,0.009000,,43.0,-4,6,100,0.10952165722846985,0.09431013464927673
1.540079,0.009167,,43.0,3,-5,91,0.11578596383333206,0.0906415730714798
1.550075,0.009333,,43.0,1,1,95,0.11303374171257019,0.08887674659490585
1.560086,0.009500,,43.0,,-3,52,0.11597586423158646,0.08957384526729584
1.570085,0.009667,,43.0,,,61,0.11868245899677277,0.09206661581993103
1.580109,0.009833,,43.0,,2,94,0.11505215615034103,0.09118378162384033
1.590084,0.010000,,43.0,-5,4,102,0.10829116404056549,0.09716689586639404
1.600094,0.010167,,43.0,-5,4,102,0.10829116404056549,0.09716689586639404
1.610091,0.010333,,43.0,5,-2,92,0.11581722646951675,0.09293920546770096
1.620083,0.010500,,43.0,,-3,80,0.11848942190408707,0.09158412367105484
1.630083,0.010667,,43.0,,,92,0.1232459545135498,0.09550688415765762
1.640086,0.010833,,43.0,-4,5,95,0.11278585344552994,0.09878473728895187
1.650084,0.011000,,43.0,-1,,92,0.11089429259300232,0.09872772544622421
1.660083,0.011167,,43.0,5,-7,52,0.1212848499417305,0.09149235486984253
1.670085,0.011333,,40.0,,1,51,0.12000763416290283,0.09093901515007019
1.680124,0.011500,,40.0,-5,6,91,0.11042821407318115,0.09636101126670837
1.690083,0.011667,,40.0,,1,103,0.10829516500234604,0.09527063369750977
1.700085,0.011833,,40.0,,1,103,0.10829516500234604,0.09527063369750977
1.710131,0.012000,,40.0,-1,,99,0.103943832218647,0.09043322503566742
1.720110,0.012167,,44.0,,,95,0.10851989686489105,0.09368419647216797
1.730082,0.012333,,44.0,,,93,0.11340144276618958,0.09713045507669449
1.740120,0.012500,,44.0,,,99,0.11745481938123703,0.1008051335811615
1.750082,0.012667,,44.0,,,93,0.1210666224360466,0.10505219548940659
1.760079,0.012833,,44.0,5,-6,53,0.12863406538963318,0.09709959477186203
1.770072,0.013000,,44.0,,-2,63,0.12579065561294556,0.09381093829870224
1.780067,0.013167,,44.0,-8,4,94,0.11736045777797699,0.10452734678983688
1.790068,0.013333,,44.0,7,-1,96,0.11851420253515244,0.0927995890378952
1.800074,0.013500,,44.0,-4,4,92,0.11172020435333252,0.09706499427556992
1.810123,0.013667,,44.0,,1,96,0.1096777468919754,0.09583421796560287
1.820133,0.013833,,44.0,4,-7,59,0.11739308387041092,0.08836239576339722
1.830209,0.014000,,44.0,-2,2,91,0.11318877339363098,0.09032600373029709
1.840132,0.014167,,44.0,2,,91,0.11176057159900665,0.08757031708955765
1.850151,0.014333,,44.0,-2,5,94,0.10275518149137497,0.08975815773010254
1.860134,0.014500,,44.0,3,-5,89,0.10939513146877289,0.08683093637228012
1.870130,0.014667,,44.0,,-1,60,0.10889510810375214,0.08498985320329666
1.880131,0.014833,,44.0,-5,5,92,0.10187410563230515,0.09016741812229156
1.890142,0.015000,,44.0,,,95,0.10637234151363373,0.09331749379634857
1.900125,0.015167,,44.0,-2,1,101,0.10492003709077835,0.09491676837205887
1.910124,0.015333,,44.0,1,,94,0.1054796576499939,0.09266272187232971
1.920136,0.015500,,42.0,5,-6,56,0.11388061195611954,0.08606226742267609
1.930123,0.015667,,42.0,-4,6,93,0.10478204488754272,0.09014546126127243
1.940132,0.015833,,42.0,,,96,0.10878478735685349,0.09367544949054718
1.950130,0.016000,,42.0,,,97,0.07541787624359131,0.06449263542890549
1.960135,0.016167,,42.0,5,-6,59,0.0514240600168705,0.02957778610289097
1.970155,0.016333,,43.0,,,64,0.01569400541484356,-0.0018240120261907578
1.980135,0.016500,,43.0,-4,5,98,-0.02066185139119625,-0.02099478617310524
1.990131,0.016667,,43.0,-1,1,100,-0.048584435135126114,-0.04264293983578682
2.000124,0.016833,,43.0,4,-3,81,-0.06875339150428772,-0.06933704018592834
2.010133,0.017000,,43.0,1,-3,58,-0.08846671134233475,-0.09077853709459305
2.020152,0.017167,,42.0,,,59,-0.12788136303424835,-0.1254216730594635
2.030121,0.017333,,42.0,-5,6,98,-0.1569555103778839,-0.13618294894695282
2.040337,0.017500,,42.0,,,94,-0.18971477448940277,-0.16476161777973175
2.050264,0.017667,,42.0,,,100,-0.22556625306606293,-0.1960410475730896
2.060122,0.017833,,42.0,5,-4,54,-0.23558485507965088,-0.21713018417358398
2.070081,0.018000,,42.0,,-1,55,-0.26591864228248596,-0.24383585155010223
2.080076,0.018167,,42.0,-3,5,96,-0.28829243779182434,-0.2519382834434509
2.090073,0.018333,,42.0,3,-3,105,-0.2994241714477539,-0.26883840560913086
2.100076,0.018500,,42.0,,,105,-0.33140695095062256,-0.2967304289340973
2.110094,0.018667,,42.0,,,96,-0.39338812232017517,-0.3510662317276001
2.120079,0.018833,,45.0,,,100,-0.4239402413368225,-0.37771856784820557
2.130075,0.019000,,45.0,1,,94,-0.4302581250667572,-0.38408687710762024
2.140076,0.019167,,45.0,,,92,-0.4617871642112732,-0.41157644987106323
2.150074,0.019333,,45.0,2,2,97,-0.4748944640159607,-0.42181992530822754
2.160080,0.019500,,45.0,7,-4,57,-0.4801371991634369,-0.44147762656211853
2.170076,0.019667,,41.0,,,60,-0.539581835269928,-0.4938335418701172
2.180073,0.019833,,41.0,-2,4,96,-0.554516613483429,-0.49522531032562256
2.190072,0.020000,,41.0,-1,,102,-0.5671513080596924,-0.5015630722045898
2.200074,0.020167,,41.0,-1,,91,-0.5790114402770996,-0.5081325173377991
2.210085,0.020333,,41.0,-1,,96,-0.5914645791053772,-0.5158266425132751
2.220075,0.020500,,42.0,,-2,105,-0.6139165163040161,-0.5370959639549255
2.230086,0.020667,,42.0,,1,96,-0.6212392449378967,-0.5413734912872314
2.240082,0.020833,,42.0,-1,1,96,-0.6323577761650085,-0.5473012328147888
2.250113,0.021000,,42.0,-1,,93,-0.6443324089050293,-0.555260181427002
2.260079,0.021167,,42.0,2,-4,59,-0.6543630957603455,-0.5708300471305847
2.270076,0.021333,,40.0,,,61,-0.6859226226806641,-0.5981966853141785
2.280074,0.021500,,40.0,-1,4,102,-0.700019896030426,-0.6028899550437927
2.290082,0.021667,,40.0,,,98,-0.729317307472229,-0.6281147003173828
2.300122,0.021833,,40.0,,1,103,-0.7454683780670166,-0.638827383518219
2.310094,0.022000,,40.0,-2,-1,102,-0.7634096145629883,-0.6501721739768982
2.320080,0.022167,,43.0,3,-2,56,-0.7701969146728516,-0.662071168422699
2.330077,0.022333,,43.0,-4,1,103,-0.7812929153442383,-0.6623207330703735
2.340074,0.022500,,43.0,,,101,-0.8090059757232666,-0.6860288977622986
2.350077,0.022667,,43.0,,2,101,-0.8233579993247986,-0.6940765976905823
2.360073,0.022833,,43.0,3,-4,59,-0.8327979445457458,-0.7104262709617615
2.370075,0.023000,,41.0,,,61,-0.8392899036407471,-0.7158575057983398
2.380075,0.023167,,41.0,,4,100,-0.8469185829162598,-0.715502142906189
2.390074,0.023333,,41.0,-4,,98,-0.8560889959335327,-0.7150582671165466
2.400074,0.023500,,41.0,,,101,-0.8822604417800903,-0.7373120784759521
2.410084,0.023667,,41.0,,-1,90,-0.8946474194526672,-0.7473165392875671
2.420083,0.023833,,44.0,4,-4,64,-0.8629799485206604,-0.7315347790718079
2.430075,0.024000,,44.0,-2,3,103,-0.8685437440872192,-0.7277110815048218
2.440090,0.024167,,44.0,,1,98,-0.8779217004776001,-0.7323674559593201
2.450118,0.024333,,44.0,-2,,101,-0.8848123550415039,-0.7335473895072937
2.460096,0.024500,,44.0,4,-4,60,-0.8919321298599243,-0.7496053576469421
2.470079,0.024667,,42.0,,,59,-0.8490124344825745,-0.7130112648010254
2.480074,0.024833,,42.0,-5,4,100,-0.8561530709266663,-0.702687680721283
2.490068,0.025000,,42.0,2,,99,-0.855165958404541,-0.7047260999679565
2.500072,0.025167,,42.0,-1,,87,-0.8565301895141602,-0.7036440968513489
2.510075,0.025333,,42.0,4,-3,57,-0.8545514345169067,-0.7127087116241455
2.520067,0.025500,,42.0,,-1,65,-0.7640493512153625,-0.6373691558837891
2.530068,0.025667,,42.0,-3,5,98,-0.7642427682876587,-0.6263327598571777
2.540092,0.025833,,42.0,,,103,-0.7856689691543579,-0.6444295048713684
2.550083,0.026000,,42.0,,-1,97,-0.7836203575134277,-0.6438196301460266
2.560081,0.026167,,42.0,3,-3,51,-0.7804198861122131,-0.649931013584137
2.570081,0.026333,,44.0,,-1,57,-0.692100465297699,-0.5761151909828186
2.580082,0.026500,,44.0,-2,4,100,-0.6892615556716919,-0.5648924708366394
2.590084,0.026667,,44.0,,,101,-0.7082709670066833,-0.580919623374939
2.600081,0.026833,,44.0,,,103,-0.7272241115570068,-0.5968999266624451
2.610094,0.027000,,44.0,,1,93,-0.7266768217086792,-0.5945656299591064
2.620083,0.027167,,42.0,,-1,100,-0.6505160331726074,-0.5321744084358215
2.630129,0.027333,,42.0,,1,100,-0.6406373977661133,-0.5229003429412842
2.640091,0.027500,,42.0,,,97,-0.6583174467086792,-0.5377989411354065
2.650075,0.027667,,42.0,1,,99,-0.6503305435180664,-0.5327840447425842
2.660074,0.027833,,42.0,2,-3,56,-0.6410021781921387,-0.5320917963981628
2.670070,0.028000,,43.0,,-1,58,-0.5749306678771973,-0.47786614298820496
2.680248,0.028167,,43.0,-3,4,97,-0.569103479385376,-0.4630764126777649
2.690125,0.028333,,43.0,,-1,99,-0.557328462600708,-0.45529213547706604
2.700126,0.028500,,43.0,-1,1,96,-0.5503222346305847,-0.44705402851104736
2.710104,0.028667,,43.0,1,,103,-0.5436015725135803,-0.44361957907676697
2.720098,0.028833,,42.0,,,102,-0.5171880125999451,-0.42195701599121094
2.730092,0.029000,,42.0,-1,,94,-0.5058889985084534,-0.41112715005874634
2.740097,0.029167,,42.0,1,,100,-0.49465855956077576,-0.40375635027885437
2.750099,0.029333,,42.0,-1,,97,-0.48563989996910095,-0.3949258029460907
2.760091,0.029500,,42.0,3,-5,51,-0.47032472491264343,-0.39379164576530457
2.770126,0.029667,,44.0,,,58,-0.46544891595840454,-0.3900907039642334
2.780117,0.029833,,44.0,-4,4,99,-0.45939400792121887,-0.37375882267951965
2.790087,0.030000,,44.0,,,97,-0.4728970229625702,-0.3852958679199219
2.800089,0.030167,,44.0,1,,96,-0.46160435676574707,-0.3782491981983185
2.810085,0.030333,,44.0,-2,,101,-0.45327436923980713,-0.368134468793869
2.820093,0.030500,,43.0,5,-4,61,-0.43174928426742554,-0.364052414894104
2.830079,0.030667,,43.0,-2,4,100,-0.42619219422340393,-0.35094326734542847
2.840085,0.030833,,43.0,-3,,95,-0.4166525900363922,-0.3382759988307953
2.850080,0.031000,,43.0,1,1,94,-0.40756022930145264,-0.3317888379096985
2.860084,0.031167,,43.0,,-1,68,-0.3976025879383087,-0.3253728449344635
2.870078,0.031333,,44.0,3,-4,61,-0.3874025344848633,-0.3269793391227722
2.880084,0.031500,,44.0,-5,5,103,-0.3846827745437622,-0.31154319643974304
2.890081,0.031667,,44.0,3,,100,-0.37417054176330566,-0.30818048119544983
2.900081,0.031833,,44.0,,,103,-0.38536903262138367,-0.3179544508457184
2.910166,0.032000,,44.0,-3,-1,79,-0.376535564661026,-0.30704575777053833
2.920090,0.032167,,41.0,6,-2,54,-0.3731827735900879,-0.31672459840774536
2.930113,0.032333,,41.0,-2,1,105,-0.36546894907951355,-0.3060312271118164
2.940139,0.032500,,41.0,-1,2,97,-0.35810115933418274,-0.29632368683815
2.950077,0.032667,,41.0,-2,,99,-0.34919285774230957,-0.2861483097076416
2.960075,0.032833,,41.0,5,-6,59,-0.33173897862434387,-0.28655025362968445
2.970078,0.033000,,45.0,,,59,-0.36337628960609436,-0.3137674033641815
2.980108,0.033167,,45.0,-5,6,99,-0.3613230288028717,-0.2960185408592224
2.990126,0.033333,,45.0,1,,96,-0.3502022325992584,-0.28853413462638855
3.000180,0.033500,,45.0,,-1,86,-0.33914774656295776,-0.28044116497039795
3.010089,0.033667,,45.0,4,-4,60,-0.34285059571266174,-0.2943016588687897
3.020093,0.033833,,41.0,-3,4,91,-0.3377877473831177,-0.28050848841667175
3.030083,0.034000,,41.0,,,97,-0.3377877473831177,-0.28050848841667175
3.040081,0.034167,,41.0,,1,98,-0.3282771706581116,-0.2717285454273224
3.050081,0.034333,,41.0,,,100,-0.33717799186706543,-0.2793186902999878
3.060077,0.034500,,41.0,3,-3,58,-0.32204416394233704,-0.2751517593860626
3.070078,0.034667,,45.0,,-1,56,-0.33291909098625183,-0.28515759110450745
3.080076,0.034833,,45.0,-5,4,103,-0.32810062170028687,-0.2681150436401367
3.090078,0.035000,,45.0,,-1,105,-0.3158703148365021,-0.25932687520980835
3.100085,0.035167,,45.0,2,,102,-0.3052305579185486,-0.25376689434051514
3.110076,0.035333,,45.0,-1,,103,-0.29648497700691223,-0.24505537748336792
3.120080,0.035500,,43.0,,,100,-0.3243752717971802,-0.2685864269733429
3.130076,0.035667,,43.0,,,102,-0.3324347734451294,-0.2754514217376709
3.140078,0.035833,,43.0,,,98,-0.34040969610214233,-0.282250314950943
3.150077,0.036000,,43.0,,1,102,-0.32832494378089905,-0.2709710896015167
3.160079,0.036167,,43.0,4,-3,57,-0.31076887249946594,-0.2666604518890381
3.170082,0.036333,,42.0,,-2,60,-0.31438249349594116,-0.2716374695301056
3.180144,0.036500,,42.0,-4,4,94,-0.30825182795524597,-0.25458812713623047
3.190077,0.036667,,42.0,,,104,-0.31548312306404114,-0.2607109248638153
3.200116,0.036833,,42.0,,1,98,-0.3039163053035736,-0.2501835227012634
3.210090,0.037000,,42.0,1,,101,-0.30624690651893616,-0.254231721162796
3.220098,0.037167,,39.0,,-1,95,-0.29197147488594055,-0.24373845756053925
3.230088,0.037333,,39.0,-2,,98,-0.2809089422225952,-0.2313959151506424
3.240093,0.037500,,39.0,2,,100,-0.26974502205848694,-0.22515301406383514
3.250092,0.037667,,39.0,,1,99,-0.2612327039241791,-0.21663504838943481
3.260104,0.037833,,39.0,3,-5,59,-0.24520479142665863,-0.21289032697677612
3.270103,0.038000,,41.0,,,60,-0.27281445264816284,-0.23640453815460205
3.280112,0.038167,,41.0,-3,3,103,-0.2660658657550812,-0.2222738415002823
3.290085,0.038333,,41.0,,2,99,-0.2578314244747162,-0.2133953869342804
3.300102,0.038500,,41.0,,,95,-0.26924389600753784,-0.22294218838214874
3.310106,0.038667,,41.0,,,101,-0.26924389600753784,-0.22294218838214874
3.320081,0.038833,,44.0,3,-5,52,-0.27651503682136536,-0.24036233127117157
3.330079,0.039000,,44.0,-3,5,96,-0.26615574955940247,-0.22006015479564667
3.340094,0.039167,,44.0,,,98,-0.2770799696445465,-0.22926190495491028
3.350080,0.039333,,44.0,,,98,-0.2770799696445465,-0.22926190495491028
3.360095,0.039500,,44.0,3,-6,53,-0.25420230627059937,-0.22304074466228485
3.370087,0.039667,,42.0,,,57,-0.279685378074646,-0.2448299378156662
3.380083,0.039833,,42.0,-5,5,96,-0.27302390336990356,-0.22314992547035217
3.390091,0.040000,,42.0,1,1,98,-0.2595894932746887,-0.21276913583278656
3.400168,0.040167,,42.0,1,-1,104,-0.24458876252174377,-0.20345430076122284
3.410083,0.040333,,42.0,,,83,-0.24936991930007935,-0.20754416286945343
3.420091,0.040500,,43.0,2,-4,56,-0.24869492650032043,-0.2154281735420227
3.430089,0.040667,,43.0,-1,3,105,-0.24015697836875916,-0.20239435136318207
3.440090,0.040833,,43.0,-1,1,97,-0.22952203452587128,-0.19056956470012665
3.450094,0.041000,,43.0,-1,1,97,-0.21990694105625153,-0.1799796223640442
3.460089,0.041167,,43.0,4,-6,54,-0.20079614222049713,-0.17704534530639648
3.470079,0.041333,,43.0,,,62,-0.2247879058122635,-0.19747991859912872
3.480106,0.041500,,43.0,-3,5,97,-0.22082172334194183,-0.1832381933927536
3.490086,0.041667,,43.0,,,101,-0.22481782734394073,-0.18660449981689453
3.500086,0.041833,,43.0,,,97,-0.22882503271102905,-0.19000837206840515
3.510126,0.042000,,43.0,-1,1,100,-0.21810904145240784,-0.17800457775592804
3.520075,0.042167,,43.0,4,-5,62,-0.2158680558204651,-0.18894149363040924
3.530109,0.042333,,43.0,-5,4,103,-0.21103191375732422,-0.17171496152877808
3.540076,0.042500,,43.0,,,94,-0.2146710753440857,-0.17470285296440125
3.550099,0.042667,,43.0,2,1,94,-0.20408593118190765,-0.16821733117103577
3.560088,0.042833,,43.0,4,-5,51,-0.18602539598941803,-0.16522008180618286
3.570076,0.043000,,44.0,,,61,-0.20774850249290466,-0.18367739021778107
3.580083,0.043167,,44.0,-3,5,99,-0.2041032761335373,-0.16963087022304535
3.590080,0.043333,,44.0,,,106,-0.20742881298065186,-0.1724027842283249
3.600094,0.043500,,44.0,-1,-1,96,-0.1946161538362503,-0.1613358110189438
3.610087,0.043667,,44.0,,1,96,-0.18546095490455627,-0.1526438444852829
3.620299,0.043833,,43.0,,-1,107,-0.18993209302425385,-0.1576758474111557
3.630086,0.044000,,43.0,-2,1,100,-0.18152950704097748,-0.14662544429302216
3.640078,0.044167,,43.0,2,,99,-0.17206618189811707,-0.14187897741794586
3.650077,0.044333,,43.0,-2,,97,-0.16384616494178772,-0.1321776807308197
3.660077,0.044500,,43.0,5,-6,53,-0.14774201810359955,-0.13206474483013153
3.670087,0.044667,,39.0,,,59,-0.16499197483062744,-0.14667461812496185
3.680094,0.044833,,39.0,-2,5,103,-0.16366665065288544,-0.1366119235754013
3.690084,0.045000,,39.0,-1,,103,-0.15571923553943634,-0.12837150692939758
3.700075,0.045167,,39.0,,1,101,-0.14943449199199677,-0.12202153354883194
3.710077,0.045333,,39.0,-2,,97,-0.14264093339443207,-0.11355726420879364
3.720080,0.045500,,47.0,3,,101,-0.1512092798948288,-0.12474207580089569
3.730141,0.045667,,47.0,-1,,96,-0.14429152011871338,-0.11763711273670197
3.740092,0.045833,,47.0,,-1,103,-0.13643847405910492,-0.1120159849524498
3.750085,0.046000,,47.0,-2,,95,-0.13053366541862488,-0.10443796217441559
3.760086,0.046167,,47.0,5,-4,52,-0.1194285899400711,-0.10554203391075134
3.770079,0.046333,,41.0,1,,52,-0.12836094200611115,-0.11385554075241089
3.780076,0.046500,,41.0,-4,4,102,-0.12763680517673492,-0.10408107191324234
3.790075,0.046667,,41.0,-1,,98,-0.1218411922454834,-0.09820853173732758
3.800264,0.046833,,41.0,,,99,-0.1238257959485054,-0.09968413412570953
3.810133,0.047000,,41.0,,,100,-0.13741473853588104,-0.11071786284446716
3.820134,0.047167,,40.0,4,-5,57,-0.12322411686182022,-0.10972373932600021
3.830228,0.047333,,40.0,-2,5,99,-0.1233488917350769,-0.10148831456899643
3.840300,0.047500,,40.0,,,98,-0.1250232607126236,-0.10275068134069443
3.850141,0.047667,,40.0,-1,,99,-0.11822190135717392,-0.09588153660297394
3.860147,0.047833,,40.0,3,-5,52,-0.10526852309703827,-0.0945611372590065
3.870131,0.048000,,44.0,1,,62,-0.11313464492559433,-0.1021408662199974
3.880145,0.048167,,44.0,-4,5,99,-0.11421450972557068,-0.09195226430892944
3.890129,0.048333,,44.0,-2,,98,-0.1089516431093216,-0.08479978889226913
3.900305,0.048500,,44.0,2,,105,-0.10342969745397568,-0.0829707533121109
3.910120,0.048667,,44.0,3,-3,78,-0.09464001655578613,-0.08229530602693558
3.920077,0.048833,,42.0,1,-1,61,-0.09923819452524185,-0.08796268701553345
3.930077,0.049000,,42.0,-3,4,102,-0.09956169128417969,-0.0803670659661293
3.940074,0.049167,,42.0,-1,,93,-0.09504418075084686,-0.07536929845809937
3.950074,0.049333,,42.0,,1,96,-0.09165798127651215,-0.0718713030219078
3.960097,0.049500,,42.0,3,-5,57,-0.08139531314373016,-0.07173414528369904
3.970098,0.049667,,41.0,1,,62,-0.08816397935152054,-0.07835925370454788
3.980090,0.049833,,41.0,-2,5,98,-0.08972520381212234,-0.07275025546550751
3.990083,0.050000,,41.0,-2,-1,107,-0.08459417521953583,-0.0671723410487175
4.000079,0.050000,,41.0,,,96,-0.08551264554262161,-0.06786245852708817
4.010076,0.050000,,41.0,,1,96,-0.08256351202726364,-0.06476648151874542
4.020077,0.050000,,44.0,,-1,97,-0.08614443987607956,-0.06887398660182953
4.030074,0.050000,,44.0,,1,98,-0.08306282758712769,-0.06583214551210403
4.040082,0.050000,,44.0,,,95,-0.08385360240936279,-0.06650387495756149
4.050079,0.050000,,44.0,,,97,-0.08463994413614273,-0.06720461696386337
4.060085,0.050000,,44.0,4,-5,56,-0.07325279712677002,-0.06847801804542542
4.070082,0.050000,,42.0,,,58,-0.08242152631282806,-0.07633871585130692
4.080139,0.050000,,42.0,-4,4,100,-0.08351540565490723,-0.06726128607988358
4.090081,0.050000,,42.0,,,106,-0.08420275896787643,-0.06804141402244568
4.100275,0.050000,,42.0,,,95,-0.084898442029953,-0.06882449984550476
4.110082,0.050000,,42.0,,,103,-0.08561105281114578,-0.06959208101034164
4.120079,0.050000,,41.0,1,,103,-0.08547788858413696,-0.07121209800243378
4.130074,0.050000,,41.0,,,98,-0.08620933443307877,-0.07195714861154556
4.140078,0.050000,,41.0,-1,,97,-0.08058814704418182,-0.06596371531486511
4.150074,0.050000,,41.0,-1,1,100,-0.0769781544804573,-0.060518257319927216
4.160078,0.050000,,41.0,4,-5,55,-0.06502005457878113,-0.06208573654294014
4.170075,0.050000,,43.0,,-1,56,-0.06664293259382248,-0.0641932487487793
4.180079,0.050000,,43.0,-3,5,95,-0.0697481632232666,-0.05683262273669243
4.190080,0.050000,,43.0,,,96,-0.07031644880771637,-0.0574256032705307
4.200078,0.050000,,43.0,,,98,-0.07089424133300781,-0.058012861758470535
4.210091,0.050000,,43.0,,1,100,-0.07343247532844543,-0.059231482446193695
4.220088,0.050000,,41.0,,,102,-0.07401052862405777,-0.059799619019031525
4.230108,0.050000,,41.0,,,101,-0.07459013909101486,-0.06035222113132477
4.240101,0.050000,,41.0,,-1,98,-0.06785863637924194,-0.05617762356996536
4.250083,0.050000,,41.0,,,96,-0.06834135949611664,-0.056659381836652756
4.260080,0.050000,,41.0,4,-4,58,-0.056578826159238815,-0.058649156242609024
4.270080,0.050000,,43.0,,,57,-0.06307198852300644,-0.06473218649625778
4.280191,0.050000,,43.0,-5,3,95,-0.06377141177654266,-0.05248409882187843
4.290082,0.050000,,43.0,1,1,98,-0.0606728158891201,-0.0505039244890213
4.300074,0.050000,,43.0,,,101,-0.06099660322070122,-0.050908949226140976
4.310074,0.050000,,43.0,,,106,-0.06600699573755264,-0.05553577467799187
4.320074,0.050000,,43.0,3,-4,57,-0.05434251204133034,-0.05584198236465454
4.330068,0.050000,,43.0,-2,3,101,-0.05537049099802971,-0.049068279564380646
4.340067,0.050000,,43.0,,1,101,-0.053154800087213516,-0.04596075043082237
4.350067,0.050000,,43.0,-3,,98,-0.04993777722120285,-0.03863634914159775
4.360066,0.050000,,43.0,6,-4,61,-0.04047302529215813,-0.04418683797121048
4.370067,0.050000,,45.0,,-1,64,-0.042034901678562164,-0.046566836535930634
4.380072,0.050000,,45.0,-3,5,96,-0.0465800017118454,-0.04016674682497978
4.390095,0.050000,,45.0,,,97,-0.04676387086510658,-0.040388643741607666
4.400068,0.050000,,45.0,,,94,-0.046960338950157166,-0.04061608761548996
4.410074,0.050000,,45.0,2,-4,60,-0.03799395635724068,-0.04031908139586449
4.420074,0.050000,,44.0,,,59,-0.0421891063451767,-0.04454813525080681
4.430067,0.050000,,44.0,-3,3,94,-0.04406093433499336,-0.037387218326330185
4.440073,0.050000,,44.0,,1,96,-0.04259286820888519,-0.0349220409989357
4.450072,0.050000,,44.0,,1,97,-0.04121739789843559,-0.032754186540842056
4.460097,0.050000,,44.0,4,-6,50,-0.030224855989217758,-0.03556673973798752
4.470080,0.050000,,42.0,,1,65,-0.033476974815130234,-0.03717608004808426
4.480076,0.050000,,42.0,-3,4,94,-0.03676794469356537,-0.031551625579595566
4.490076,0.050000,,42.0,,,104,-0.036816637963056564,-0.03160416707396507
4.500133,0.050000,,42.0,,,93,-0.036855634301900864,-0.03167935460805893
4.510133,0.050000,,42.0,-1,1,98,-0.03584762290120125,-0.0282798670232296
4.520337,0.050000,,41.0,3,-4,81,-0.03067915141582489,-0.032717734575271606
4.530127,0.050000,,41.0,-5,3,99,-0.03329632431268692,-0.024274103343486786
4.540123,0.050000,,41.0,,,101,-0.03326092287898064,-0.024254297837615013
4.550131,0.050000,,41.0,2,1,99,-0.03253299742937088,-0.025402594357728958
4.560132,0.050000,,41.0,3,-5,52,-0.02385764755308628,-0.027331512421369553
4.570157,0.050000,,41.0,1,,59,-0.02490164153277874,-0.029609572142362595
4.580102,0.050000,,41.0,-4,5,98,-0.029868589714169502,-0.02320100925862789
4.590099,0.050000,,41.0,,-1,102,-0.026754634454846382,-0.0217000562697649
4.600084,0.050000,,41.0,2,,94,-0.02494167536497116,-0.022767851129174232
4.610080,0.050000,,41.0,-1,1,100,-0.024807360023260117,-0.020217865705490112
4.620129,0.050000,,41.0,-1,-1,102,-0.024552160874009132,-0.019744468852877617
4.630131,0.050000,,41.0,,,99,-0.024443762376904488,-0.019640538841485977
4.640132,0.050000,,41.0,,1,98,-0.024095283821225166,-0.01838173158466816
4.650117,0.050000,,41.0,,-1,98,-0.02127106301486492,-0.017173713073134422
4.660131,0.050000,,41.0,3,-4,56,-0.014897498302161694,-0.019418304786086082
4.670128,0.050000,,45.0,1,,57,-0.015939202159643173,-0.021505281329154968
4.680144,0.050000,,45.0,-3,4,97,-0.01979515515267849,-0.01691289432346821
4.690114,0.050000,,45.0,,,99,-0.019623564556241035,-0.016766469925642014
4.700090,0.050000,,45.0,,1,94,-0.019556811079382896,-0.015677539631724358
4.710096,0.050000,,45.0,-1,,97,-0.018534662202000618,-0.013413178734481335
4.720086,0.050000,,43.0,3,-5,53,-0.01264526043087244,-0.017154723405838013
4.730083,0.050000,,43.0,-3,4,95,-0.01672503352165222,-0.012712012976408005
4.740087,0.050000,,43.0,,,96,-0.016567246988415718,-0.012521929107606411
4.750082,0.050000,,43.0,-2,,99,-0.015570268966257572,-0.009219455532729626
4.760082,0.050000,,43.0,6,-3,91,-0.010398976504802704,-0.015635531395673752
4.770083,0.050000,,42.0,,-1,54,-0.009635970927774906,-0.015633439645171165
4.780082,0.050000,,42.0,-4,5,98,-0.015113084577023983,-0.010258953087031841
4.790082,0.050000,,42.0,,,92,-0.014910437166690826,-0.010040783323347569
4.800086,0.050000,,42.0,,-1,100,-0.012727106921374798,-0.009186252020299435
4.810140,0.050000,,42.0,,,100,-0.012515472248196602,-0.008957884274423122
4.820081,0.050000,,42.0,3,-3,53,-0.00810062512755394,-0.012586576864123344
4.830087,0.050000,,42.0,-2,2,99,-0.009968926198780537,-0.009492744691669941
4.840092,0.050000,,42.0,,1,96,-0.01044081524014473,-0.008871307596564293
4.850083,0.050000,,42.0,-2,,98,-0.009731108322739601,-0.005813790485262871
4.860082,0.050000,,42.0,5,-4,60,-0.003724693087860942,-0.01094640139490366
4.870103,0.050000,,42.0,,-1,61,-0.0025785700418055058,-0.010780034586787224
4.880085,0.050000,,42.0,-4,5,96,-0.008409825153648853,-0.00574306957423687
4.890088,0.050000,,42.0,,1,102,-0.008862005546689034,-0.005265490617603064
4.900086,0.050000,,42.0,3,-6,95,-0.0011874741176143289,-0.007745016366243362
4.910080,0.050000,,42.0,,,56,-0.0008084744331426919,-0.0075255464762449265
4.920074,0.050000,,41.0,1,1,61,-0.0016851279651746154,-0.008612020872533321
4.930072,0.050000,,41.0,-3,3,106,-0.004994911607354879,-0.004710094537585974
4.940067,0.050000,,41.0,-1,,93,-0.00461718300357461,-0.0031355794053524733
4.950086,0.050000,,41.0,,1,98,-0.005336569156497717,-0.002967259380966425
4.960095,0.050000,,41.0,3,-3,55,-0.0011847837595269084,-0.005741688888520002
4.970086,0.050000,,41.0,1,-1,56,0.00048195046838372946,-0.006491478998214006
4.980075,0.050000,,41.0,-4,3,97,-0.0029884702526032925,-0.0016516126925125718
4.990075,0.050000,,41.0,,,108,-0.0026247319765388966,-0.001382493763230741
5.000074,0.050000,,41.0,,,108,-0.0022751835640519857,-0.0011035067727789283
5.010085,0.050000,,41.0,,1,95,-0.003140852553769946,-0.0010522333905100822
5.020079,0.050000,,42.0,2,-5,84,0.0035902743693441153,-0.002956252545118332
5.030076,0.050000,,42.0,-3,5,98,-0.0026135100051760674,0.0005187398055568337
5.040084,0.050000,,42.0,,,102,-0.0023027893621474504,0.0007733578095212579
5.050074,0.050000,,42.0,1,1,98,-0.003153036115691066,-0.0004248639743309468
5.060080,0.050000,,42.0,4,-5,57,0.003508908674120903,-0.004771475680172443
5.070082,0.050000,,43.0,,,58,0.0043327696621418,-0.004483029246330261
5.080077,0.050000,,43.0,-4,4,98,-0.0011059639509767294,0.0005547222681343555
5.090078,0.050000,,43.0,,,99,-0.0008417425560764968,0.000780200760345906
5.100096,0.050000,,43.0,,1,98,-0.0020399459172040224,0.00077298644464463
5.110088,0.050000,,43.0,-2,-1,98,-0.0006203387165442109,0.003542204387485981
5.120067,0.050000,,43.0,2,,103,7.670051854802296e-05,0.0010595087660476565
5.130096,0.050000,,43.0,,,98,0.0003133947029709816,0.0012554691638797522
5.140067,0.050000,,43.0,,,94,0.00054742960492149,0.0014461519895121455
5.150072,0.050000,,43.0,,1,94,-0.0007834347197785974,0.0013672098284587264
5.160133,0.050000,,43.0,4,-6,52,0.008027387782931328,-0.0035602878779172897
5.170077,0.050000,,42.0,,,54,0.008886718191206455,-0.003102625720202923
5.180089,0.050000,,42.0,-6,6,96,-0.0001317626447416842,0.00500429468229413
5.190110,0.050000,,42.0,2,,97,0.00031116229365579784,0.002144039608538151
5.200079,0.050000,,42.0,,,100,0.000528307689819485,0.0023474623449146748
5.210082,0.050000,,42.0,,,103,0.0007486817194148898,0.0025594248436391354
5.220073,0.050000,,41.0,4,-6,63,0.010168995708227158,-0.002410565735772252
5.230073,0.050000,,41.0,-4,5,97,0.002319908933714032,0.0029460787773132324
5.240090,0.050000,,41.0,,,97,0.0025092384312301874,0.003154703415930271
5.250108,0.050000,,41.0,,,99,0.002687709406018257,0.0033638360910117626
5.260105,0.050000,,41.0,,,83,0.002868513809517026,0.003557196818292141
5.270107,0.050000,,42.0,3,-4,58,0.009999651461839676,-0.0006116245058365166
5.280067,0.050000,,42.0,-4,3,99,0.00462700380012393,0.005161818582564592
5.290072,0.050000,,42.0,,1,102,0.002832848811522126,0.004735760390758514
5.300075,0.050000,,42.0,,,99,0.0030323565006256104,0.004925988148897886
5.310074,0.050000,,42.0,1,,83,0.0028139150235801935,0.003195346798747778
5.320129,0.050000,,42.0,4,-4,56,0.008936028927564621,-0.001657225308008492
5.330131,0.050000,,42.0,-2,3,104,0.00418563699349761,0.001013595494441688
5.340131,0.050000,,42.0,-2,,100,0.003665079129859805,0.003829446854069829
5.350136,0.050000,,42.0,,2,97,0.0010767154162749648,0.0033428475726395845
5.360141,0.050000,,42.0,4,-5,56,0.008083757013082504,-0.001577485236339271
5.370120,0.050000,,41.0,,,58,0.00904804840683937,-0.001025417703203857
5.380140,0.050000,,41.0,-5,3,102,0.004256516229361296,0.0052778092212975025
5.390132,0.050000,,41.0,,1,97,0.0024566003121435642,0.004863120149821043
5.400292,0.050000,,41.0,3,-5,97,0.008906171657145023,0.0012546504149213433
5.410160,0.050000,,41.0,1,,55,0.008208251558244228,0.00015441127470694482
5.420131,0.050000,,41.0,,,56,0.009050034917891026,0.0005914308712817729
5.430287,0.050000,,41.0,-4,6,100,0.0005199380684643984,0.005395754240453243
5.440099,0.050000,,41.0,,,99,0.0005313836154527962,0.005546173080801964
5.450089,0.050000,,41.0,1,-1,94,0.0017987154424190521,0.004187207203358412
5.460082,0.050000,,41.0,4,-4,56,0.007029058411717415,-0.0006964587955735624
5.470076,0.050000,,42.0,,,55,0.007743872702121735,-9.678539208834991e-05
5.480078,0.050000,,42.0,-3,3,99,0.0030096881091594696,0.0038972662296146154
5.490131,0.050000,,42.0,-1,,104,0.002779283793643117,0.005003804806619883
5.500135,0.050000,,42.0,1,,99,0.002359462669119239,0.0035681722220033407
5.510126,0.050000,,42.0,-3,2,93,-0.00015232915757223964,0.007693439722061157
5.520123,0.050000,,42.0,2,-1,98,0.0014834690373390913,0.004832761827856302
5.530133,0.050000,,42.0,,,98,0.0014042475959286094,0.005045184399932623
5.540268,0.050000,,42.0,,,96,0.0013576785568147898,0.0052577736787498
5.550162,0.050000,,42.0,,,96,0.0012971223331987858,0.005464849062263966
5.560128,0.050000,,42.0,4,-4,56,0.007011976558715105,3.915421984856948e-05
5.570167,0.050000,,42.0,,-1,53,0.008475642651319504,0.0008700420730747283
5.580163,0.050000,,42.0,-2,5,94,0.0007820873870514333,0.003411907935515046
5.590136,0.050000,,42.0,,,104,0.0007586345891468227,0.003621138632297516
5.600136,0.050000,,42.0,-1,1,101,-0.0008020430104807019,0.00500612473115325
5.610147,0.050000,,42.0,1,,95,-0.0004535130865406245,0.004151108209043741
5.620117,0.050000,,40.0,,,100,-0.0004913705051876605,0.00440223328769207
5.630128,0.050000,,40.0,,,95,-0.0005265861400403082,0.004657411482185125
5.640276,0.050000,,40.0,-1,,102,-0.0003998380561824888,0.005993330385535955
5.650149,0.050000,,40.0,,,98,-0.00039445291622541845,0.006269488949328661
5.660120,0.050000,,40.0,3,-5,52,0.007030243054032326,0.0020320506300777197
5.670137,0.050000,,38.0,,,58,0.007361848838627338,0.0028686299920082092
5.680130,0.050000,,38.0,-1,4,99,0.0007345168851315975,0.0038623071741312742
5.690123,0.050000,,38.0,-2,,94,0.00037583429366350174,0.006746605969965458
5.700122,0.050000,,38.0,2,-1,93,0.001760727958753705,0.003986257128417492
5.710141,0.050000,,38.0,-1,,99,0.001486851484514773,0.005323115270584822
5.720142,0.050000,,39.0,2,-3,56,0.005698308348655701,0.003696403931826353
5.730145,0.050000,,39.0,,3,94,0.0014605054166167974,0.0034925288055092096
5.740133,0.050000,,39.0,,1,93,0.00011628138599917293,0.003387046279385686
5.750283,0.050000,,39.0,-2,1,98,-0.0013396572321653366,0.005752861965447664
5.760101,0.050000,,39.0,2,-3,76,0.0023156125098466873,0.0033520800061523914
5.770102,0.050000,,40.0,,-2,59,0.004646392073482275,0.004375038202852011
5.780089,0.050000,,40.0,,4,99,-0.0004106512642465532,0.003941414877772331
5.790088,0.050000,,40.0,,,98,-0.000501624250318855,0.00423431908711791
5.800084,0.050000,,40.0,,,99,-0.0005887696170248091,0.004512554965913296
5.810083,0.050000,,40.0,,-3,80,0.003361903829500079,0.004465728998184204
5.820086,0.050000,,41.0,,-1,53,0.004573435056954622,0.005152151454240084
5.830082,0.050000,,41.0,-2,3,106,0.0004224184085614979,0.0071250260807573795
5.840086,0.050000,,41.0,,2,101,-0.0019770152866840363,0.006682287901639938
5.850097,0.050000,,41.0,,,95,-0.002026526490226388,0.006877597887068987
5.860083,0.050000,,41.0,3,-5,58,0.004520080983638763,0.0031384786125272512
5.870081,0.050000,,43.0,,,62,0.004716883413493633,0.004173648077994585
5.880083,0.050000,,43.0,,4,92,-0.0008606610936112702,0.0037215480115264654
5.890082,0.050000,,43.0,,,103,-0.0008999239071272314,0.003859756514430046
5.900083,0.050000,,43.0,,-1,91,0.0004209026519674808,0.0037273631896823645
5.910083,0.050000,,43.0,-2,2,96,-0.002513364888727665,0.005910402163863182
5.920082,0.050000,,44.0,1,-3,76,0.0015758564695715904,0.0053169094026088715
5.930082,0.050000,,44.0,,1,100,0.0003042699536308646,0.004991185385733843
5.940123,0.050000,,44.0,-1,2,94,-0.0022832325194031,0.005821940954774618
5.950085,0.050000,,44.0,1,,96,-0.0020737701561301947,0.004311578348278999
5.960216,0.050000,,44.0,1,-4,55,0.002851631259545684,0.0033013042993843555
5.970084,0.050000,,44.0,,-1,62,0.0036845263093709946,0.004021172411739826
5.980077,0.050000,,44.0,,4,100,-0.001612665830180049,0.0036532795056700706
5.990130,0.050000,,44.0,,,103,-0.0017151697538793087,0.0037591818254441023
6.000269,0.050000,,44.0,,,96,-0.00184892606921494,0.0038750276435166597
6.010121,0.050000,,44.0,,1,93,-0.00328949186950922,0.00434494111686945
6.020131,0.050000,,39.0,,,95,-0.0034573301672935486,0.004481714218854904
6.030148,0.050000,,39.0,,,95,-0.0036232187412679195,0.004651740193367004
6.040132,0.050000,,39.0,,,96,-0.003794772084802389,0.004844486713409424
6.050133,0.050000,,39.0,,,93,-0.003981960471719503,0.005061205010861158
6.060350,0.050000,,39.0,8,-5,53,0.004366575740277767,-0.006323571782559156
6.070127,0.050000,,41.0,-2,,57,0.0035432232543826103,-0.002279459498822689
6.080263,0.050000,,41.0,-4,4,99,-0.002985707949846983,0.003451514756307006
6.090123,0.050000,,41.0,1,,98,-0.002921135863289237,0.002355467528104782
6.100132,0.050000,,41.0,,1,96,-0.004263267386704683,0.0027372161857783794
6.110132,0.050000,,41.0,-1,,99,-0.004184728488326073,0.004775706212967634
6.120134,0.050000,,42.0,,,95,-0.0048640575259923935,0.00583417946472764
6.130085,0.050000,,42.0,2,,100,-0.004667543340474367,0.0032808107789605856
6.140089,0.050000,,42.0,,-1,101,-0.003326761769130826,0.0037578141782432795
6.150091,0.050000,,42.0,2,,101,-0.003190212417393923,0.0015818281099200249
6.160087,0.050000,,42.0,3,-5,66,0.0033125770278275013,-0.0012645989190787077
6.170083,0.050000,,39.0,,,54,0.0026173959486186504,6.485967605840415e-05
6.180113,0.050000,,39.0,-1,6,99,-0.005508935544639826,0.0013945000246167183
6.190084,0.050000,,39.0,1,-3,96,-0.0014516173396259546,0.000696506816893816
6.200090,0.050000,,39.0,,2,94,-0.004073863849043846,0.0010686389869078994
6.210130,0.050000,,39.0,-1,,101,-0.004105061758309603,0.0028565458487719297
6.220092,0.050000,,38.0,2,-5,47,0.0013959023635834455,0.0022818816360086203
6.230076,0.050000,,38.0,,2,105,-0.001484599313698709,0.0027901718858629465
6.240076,0.050000,,38.0,,3,101,-0.005275207106024027,0.003179025137796998
6.250087,0.050000,,38.0,,,99,-0.005638265050947666,0.003951975144445896
6.260086,0.050000,,38.0,,-5,49,0.00046312803169712424,0.004669548943638802
6.270072,0.050000,,41.0,5,-3,58,0.003456739941611886,0.0004688019980676472
6.280067,0.050000,,41.0,-6,7,101,-0.005890670232474804,0.007575667463243008
6.290067,0.050000,,41.0,,,99,-0.006308984011411667,0.008463342674076557
6.300087,0.050000,,41.0,1,-1,97,-0.005210742354393005,0.007097355090081692
6.310068,0.050000,,41.0,3,-6,55,0.0021313466131687164,0.00358819798566401
6.320067,0.050000,,38.0,1,,57,0.0013409580569714308,0.0036161344032734632
6.330067,0.050000,,38.0,-3,5,103,-0.004802096169441938,0.006880394648760557
6.340090,0.050000,,38.0,-3,4,101,-0.00942215882241726,0.009974803775548935
6.350087,0.050000,,38.0,1,-1,99,-0.007872600108385086,0.008511446416378021
6.360089,0.050000,,38.0,4,-8,56,0.0015984990168362856,0.004075300879776478
6.370088,0.050000,,32.0,1,1,58,-0.00057942298008129,0.0038960406091064215
6.380111,0.050000,,32.0,-4,7,101,-0.00888398103415966,0.007709411904215813
6.390075,0.050000,,32.0,,-3,101,-0.005132915917783976,0.007573867216706276
6.400072,0.050000,,32.0,,1,100,-0.006040692329406738,0.0072127701714634895
6.410072,0.050000,,32.0,-2,3,95,-0.009284677915275097,0.00883256085216999
6.420068,0.050000,,36.0,2,-5,75,-0.004220170434564352,0.00785442441701889
6.430086,0.050000,,36.0,-3,4,101,-0.009027613326907158,0.01046914141625166
6.440091,0.050000,,36.0,3,-2,94,-0.006314028985798359,0.00662902882322669
6.450097,0.050000,,36.0,-2,1,100,-0.007391101680696011,0.008405218832194805
6.460136,0.050000,,36.0,5,-7,51,0.0007221286650747061,0.0028159422799944878
6.470093,0.050000,,37.0,,-1,48,0.0005922398995608091,0.003957697656005621
6.480082,0.050000,,37.0,-3,7,97,-0.007461878005415201,0.0064078629948198795
6.490104,0.050000,,37.0,,,102,-0.007784533314406872,0.006457500159740448
