t,x,y,z,vx,vy,vz,roll,pitch,yaw,thrust,zrange_mm
0.0272,nan,nan,nan,nan,nan,nan,-0.1724293977022171,-0.08300593495368958,-0.0036775709595531225,35882.03515625,11
0.0283,0.00042226287769153714,0.00018347491277381778,0.010805696249008179,0.0031695549841970205,0.0021656262688338757,0.004617434926331043,-0.1724293977022171,-0.08300593495368958,-0.0036775709595531225,35882.03515625,11
0.0463,0.00042226287769153714,0.00018347491277381778,0.010805696249008179,0.0031695549841970205,0.0021656262688338757,0.004617434926331043,-0.17232508957386017,-0.05255279317498207,-0.004925538320094347,35868.6171875,11
0.0486,-0.0002949825138784945,0.00019600006635300815,0.010903803631663322,-0.0004875245504081249,0.0025270867627114058,0.004746044520288706,-0.17232508957386017,-0.05255279317498207,-0.004925538320094347,35868.6171875,11
0.0668,-0.0002949825138784945,0.00019600006635300815,0.010903803631663322,-0.0004875245504081249,0.0025270867627114058,0.004746044520288706,-0.17366020381450653,-0.009750835597515106,-0.00811116211116314,36009.015625,9
0.0677,-0.001241790596395731,0.00020198829588480294,0.010117091238498688,-0.005142119247466326,0.002915964461863041,0.000586449692491442,-0.17366020381450653,-0.009750835597515106,-0.00811116211116314,36009.015625,9
0.0862,-0.001241790596395731,0.00020198829588480294,0.010117091238498688,-0.005142119247466326,0.002915964461863041,0.000586449692491442,-0.15832193195819855,-0.03834487125277519,-0.007560631260275841,36006.78125,9
0.0885,-0.0005386741831898689,-4.1984516428783536e-05,0.010152720846235752,-0.0012886192416772246,0.001932616112753749,0.0005681032198481262,-0.15832193195819855,-0.03834487125277519,-0.007560631260275841,36006.78125,9
0.1062,-0.0005386741831898689,-4.1984516428783536e-05,0.010152720846235752,-0.0012886192416772246,0.001932616112753749,0.0005681032198481262,-0.19587312638759613,-0.0161424670368433,-0.00800994224846363,35942.19921875,11
0.1086,-0.0012139196041971445,0.0006703149410896003,0.010535133071243763,-0.0045634424313902855,0.0059249852783977985,0.002707064151763916,-0.19587312638759613,-0.0161424670368433,-0.00800994224846363,35942.19921875,11
0.1264,-0.0012139196041971445,0.0006703149410896003,0.010535133071243763,-0.0045634424313902855,0.0059249852783977985,0.002707064151763916,-0.15535764396190643,-0.08047882467508316,-0.015158038586378098,35927.546875,11
0.1273,0.00037873612018302083,-2.245384530397132e-05,0.010608550161123276,0.004101079422980547,0.0024585030041635036,0.0033157283905893564,-0.15535764396190643,-0.08047882467508316,-0.015158038586378098,35927.546875,11
0.1464,0.00037873612018302083,-2.245384530397132e-05,0.010608550161123276,0.004101079422980547,0.0024585030041635036,0.0033157283905893564,-0.15510226786136627,-0.010586743243038654,-0.027397964149713516,35937.609375,11
0.1473,-0.0013948559062555432,-2.1900090359849855e-05,0.01067325472831726,-0.004933721385896206,0.002755792811512947,0.0019331055227667093,-0.15510226786136627,-0.010586743243038654,-0.027397964149713516,35937.609375,11
0.1671,-0.0013948559062555432,-2.1900090359849855e-05,0.01067325472831726,-0.004933721385896206,0.002755792811512947,0.0019331055227667093,-0.15458807349205017,-0.014331073500216007,-0.09946651756763458,36252.1640625,7
0.168,-0.0011804753448814154,-2.674308416317217e-05,0.00906315352767706,-0.0036964251194149256,0.0031560345087200403,-0.005056691821664572,-0.15458807349205017,-0.014331073500216007,-0.09946651756763458,36252.1640625,7
0.1866,-0.0011804753448814154,-2.674308416317217e-05,0.00906315352767706,-0.0036964251194149256,0.0031560345087200403,-0.005056691821664572,-0.15402355790138245,-0.004843889735639095,-0.4616614282131195,36216.7890625,7
0.1876,-0.0014605369651690125,2.979249802592676e-05,0.008963589556515217,-0.004714678041636944,0.003609787905588746,-0.0054999543353915215,-0.15402355790138245,-0.004843889735639095,-0.4616614282131195,36216.7890625,7
0.2066,-0.0014605369651690125,2.979249802592676e-05,0.008963589556515217,-0.004714678041636944,0.003609787905588746,-0.0054999543353915215,-0.23508426547050476,-0.01200444158166647,-0.8270809650421143,36002.37109375,12
0.2076,-0.0014145731693133712,0.0020998043473809958,0.010194889269769192,-0.0041158776730299,0.014290529303252697,0.0005673316773027182,-0.23508426547050476,-0.01200444158166647,-0.8270809650421143,36002.37109375,12
0.2268,-0.0014145731693133712,0.0020998043473809958,0.010194889269769192,-0.0041158776730299,0.014290529303252697,0.0005673316773027182,-0.3252156972885132,0.04143758490681648,-1.0888508558273315,36083.65234375,12
0.2278,-0.0025398496072739363,0.00479337852448225,0.010129010304808617,-0.009436371736228466,0.02716204524040222,-0.0014368923148140311,-0.3252156972885132,0.04143758490681648,-1.0888508558273315,36083.65234375,12
0.2471,-0.0025398496072739363,0.00479337852448225,0.010129010304808617,-0.009436371736228466,0.02716204524040222,-0.0014368923148140311,-0.4766138792037964,0.17181633412837982,-1.1798813343048096,36157.921875,12
0.2479,-0.005987438838928938,0.009270001202821732,0.00982330646365881,-0.02601149119436741,0.048239581286907196,-0.003205690998584032,-0.4766138792037964,0.17181633412837982,-1.1798813343048096,36157.921875,12
0.2672,-0.005987438838928938,0.009270001202821732,0.00982330646365881,-0.02601149119436741,0.048239581286907196,-0.003205690998584032,-0.5489717125892639,0.19180722534656525,-1.195603847503662,36340.0234375,8
0.2681,-0.006997761782258749,0.011903355829417706,0.008813666179776192,-0.028930533677339554,0.058475881814956665,-0.0073256827890872955,-0.5489717125892639,0.19180722534656525,-1.195603847503662,36340.0234375,8
0.2861,-0.006997761782258749,0.011903355829417706,0.008813666179776192,-0.028930533677339554,0.058475881814956665,-0.0073256827890872955,-0.5993779301643372,0.2066318690776825,-1.2626047134399414,36429.7890625,8
0.2884,-0.008059799671173096,0.014412373304367065,0.008521267212927341,-0.031811777502298355,0.06695237010717392,-0.00807506125420332,-0.5993779301643372,0.2066318690776825,-1.2626047134399414,36429.7890625,8
0.3066,-0.008059799671173096,0.014412373304367065,0.008521267212927341,-0.031811777502298355,0.06695237010717392,-0.00807506125420332,-0.617355465888977,0.20582501590251923,-1.3770191669464111,36218.89453125,12
0.3076,-0.00893027801066637,0.016388626769185066,0.009867921471595764,-0.03354734182357788,0.07212275266647339,-0.002068831818178296,-0.617355465888977,0.20582501590251923,-1.3770191669464111,36218.89453125,12
0.3264,-0.00893027801066637,0.016388626769185066,0.009867921471595764,-0.03354734182357788,0.07212275266647339,-0.002068831818178296,-0.6155652403831482,0.2400204986333847,-1.7664408683776855,36303.93359375,12
0.3273,-0.010029452852904797,0.01787697896361351,0.009807547554373741,-0.036551132798194885,0.07432758063077927,-0.0015578848542645574,-0.6155652403831482,0.2400204986333847,-1.7664408683776855,36303.93359375,12
0.3468,-0.010029452852904797,0.01787697896361351,0.009807547554373741,-0.036551132798194885,0.07432758063077927,-0.0015578848542645574,-0.5949328541755676,0.2181008756160736,-2.251978635787964,36324.40625,12
0.3477,-0.010409414768218994,0.018473349511623383,0.009888438507914543,-0.03537338599562645,0.07160453498363495,-0.0015997245209291577,-0.5949328541755676,0.2181008756160736,-2.251978635787964,36324.40625,12
0.3666,-0.010409414768218994,0.018473349511623383,0.009888438507914543,-0.03537338599562645,0.07160453498363495,-0.0015997245209291577,-0.5338634848594666,0.20287203788757324,-2.34005069732666,36445.796875,9
0.3675,-0.010508863255381584,0.01902223378419876,0.009542476385831833,-0.03275568038225174,0.06879200041294098,-0.0021480226423591375,-0.5338634848594666,0.20287203788757324,-2.34005069732666,36445.796875,9
0.3864,-0.010508863255381584,0.01902223378419876,0.009542476385831833,-0.03275568038225174,0.06879200041294098,-0.0021480226423591375,-0.43659865856170654,0.17130959033966064,-2.2319068908691406,36474.19140625,9
0.3873,-0.010249709710478783,0.018040508031845093,0.009695563465356827,-0.028514299541711807,0.057987578213214874,-0.0037112818099558353,-0.43659865856170654,0.17130959033966064,-2.2319068908691406,36474.19140625,9
0.4062,-0.010249709710478783,0.018040508031845093,0.009695563465356827,-0.028514299541711807,0.057987578213214874,-0.0037112818099558353,-0.33484959602355957,0.06294074654579163,-2.099808931350708,36560.48046875,9
0.407,-0.008663056418299675,0.01651996560394764,0.00950030330568552,-0.017500076442956924,0.04543224349617958,-0.0031960986088961363,-0.33484959602355957,0.06294074654579163,-2.099808931350708,36560.48046875,9
0.4267,-0.008663056418299675,0.01651996560394764,0.00950030330568552,-0.017500076442956924,0.04543224349617958,-0.0031960986088961363,-0.20472244918346405,0.0007417984888888896,-1.9163166284561157,36569.265625,9
0.4276,-0.007394546642899513,0.013995304703712463,0.009592998772859573,-0.009089450351893902,0.028668172657489777,0.0014890034217387438,-0.20472244918346405,0.0007417984888888896,-1.9163166284561157,36569.265625,9
0.4466,-0.007394546642899513,0.013995304703712463,0.009592998772859573,-0.009089450351893902,0.028668172657489777,0.0014890034217387438,-0.04356097802519798,-0.19124172627925873,-1.7673863172531128,36570.546875,9
0.4475,-0.0024443308357149363,0.010714005678892136,0.009627286344766617,0.018231570720672607,0.009043882600963116,0.0013379809679463506,-0.04356097802519798,-0.19124172627925873,-1.7673863172531128,36570.546875,9
0.4659,-0.0024443308357149363,0.010714005678892136,0.009627286344766617,0.018231570720672607,0.009043882600963116,0.0013379809679463506,0.05894351378083229,-0.3213282525539398,-1.625720739364624,36743.76171875,10
0.4681,0.0002755096065811813,0.007676698267459869,0.009646295569837093,0.03140514716506004,-0.007910317741334438,0.00015565755893476307,0.05894351378083229,-0.3213282525539398,-1.625720739364624,36743.76171875,10
0.4865,0.0002755096065811813,0.007676698267459869,0.009646295569837093,0.03140514716506004,-0.007910317741334438,0.00015565755893476307,0.16616784036159515,-0.4846668243408203,-1.4365931749343872,36953.44140625,10
0.4874,0.004703369457274675,0.00497075542807579,0.00921399425715208,0.05254492163658142,-0.02161410264670849,-0.002618794795125723,0.16616784036159515,-0.4846668243408203,-1.4365931749343872,36953.44140625,10
0.5059,0.004703369457274675,0.00497075542807579,0.00921399425715208,0.05254492163658142,-0.02161410264670849,-0.002618794795125723,0.24136345088481903,-0.6460397243499756,-1.3021522760391235,37094.16796875,9
0.5082,0.009679011069238186,0.0028807567432522774,0.008724691346287727,0.07512602210044861,-0.03087816946208477,-0.004357420839369297,0.24136345088481903,-0.6460397243499756,-1.3021522760391235,37094.16796875,9
0.5257,0.009679011069238186,0.0028807567432522774,0.008724691346287727,0.07512602210044861,-0.03087816946208477,-0.004357420839369297,0.23407144844532013,-0.6922469139099121,-1.4533993005752563,37186.90625,9
0.5281,0.012229997664690018,0.002446020720526576,0.008539319038391113,0.08289260417222977,-0.03069738671183586,-0.003977420274168253,0.23407144844532013,-0.6922469139099121,-1.4533993005752563,37186.90625,9
0.5463,0.012229997664690018,0.002446020720526576,0.008539319038391113,0.08289260417222977,-0.03069738671183586,-0.003977420274168253,0.2376241385936737,-0.7699714303016663,-1.5653325319290161,37418.68359375,9
0.5472,0.015590032562613487,0.0015308475121855736,0.008173393085598946,0.09408976882696152,-0.03297043591737747,-0.004645958077162504,0.2376241385936737,-0.7699714303016663,-1.5653325319290161,37418.68359375,9
0.5669,0.015590032562613487,0.0015308475121855736,0.008173393085598946,0.09408976882696152,-0.03297043591737747,-0.004645958077162504,0.24691100418567657,-1.012925386428833,-1.5710433721542358,37577.21875,10
0.5678,0.023352250456809998,8.696282748132944e-05,0.008100836537778378,0.12788890302181244,-0.03777483105659485,-0.009554151445627213,0.24691100418567657,-1.012925386428833,-1.5710433721542358,37577.21875,10
0.5861,0.023352250456809998,8.696282748132944e-05,0.008100836537778378,0.12788890302181244,-0.03777483105659485,-0.009554151445627213,0.3262929618358612,-1.0467199087142944,-1.6197222471237183,37881.8828125,10
0.587,0.0270107239484787,-0.002132428577169776,0.007651777938008308,0.13665278255939484,-0.04629407450556755,-0.008929501287639141,0.3262929618358612,-1.0467199087142944,-1.6197222471237183,37881.8828125,10
0.6065,0.0270107239484787,-0.002132428577169776,0.007651777938008308,0.13665278255939484,-0.04629407450556755,-0.008929501287639141,0.3859488070011139,-1.0634057521820068,-1.7499312162399292,37842.046875,11
0.6074,0.029962660744786263,-0.004759359639137983,0.008788218721747398,0.14096839725971222,-0.056405551731586456,-0.003008253173902631,0.3859488070011139,-1.0634057521820068,-1.7499312162399292,37842.046875,11
0.6267,0.029962660744786263,-0.004759359639137983,0.008788218721747398,0.14096839725971222,-0.056405551731586456,-0.003008253173902631,0.4311426877975464,-0.9502299427986145,-1.8041237592697144,37843.625,11
0.6279,0.030138401314616203,-0.006674623116850853,0.009205225855112076,0.13044597208499908,-0.06201428174972534,0.0014687719522044063,0.4311426877975464,-0.9502299427986145,-1.8041237592697144,37843.625,11
0.6464,0.030138401314616203,-0.006674623116850853,0.009205225855112076,0.13044597208499908,-0.06201428174972534,0.0014687719522044063,0.5214172601699829,-0.7766757011413574,-1.814685344696045,37854.359375,11
0.6473,0.02919890731573105,-0.010010069236159325,0.009787183254957199,0.11463388800621033,-0.07467930763959885,0.010446323081851006,0.5214172601699829,-0.7766757011413574,-1.814685344696045,37854.359375,11
0.667,0.02919890731573105,-0.010010069236159325,0.009787183254957199,0.11463388800621033,-0.07467930763959885,0.010446323081851006,0.6010317206382751,-0.6718279719352722,-1.8015543222427368,38305.88671875,6
0.6679,0.027972685173153877,-0.01304392609745264,0.008409322239458561,0.0984816774725914,-0.08481865376234055,0.0007122245151549578,0.6010317206382751,-0.6718279719352722,-1.8015543222427368,38305.88671875,6
0.6863,0.027972685173153877,-0.01304392609745264,0.008409322239458561,0.0984816774725914,-0.08481865376234055,0.0007122245151549578,0.5622370839118958,-0.5670188665390015,-1.712682843208313,38422.03515625,6
0.6871,0.027976175770163536,-0.014059350825846195,0.008746822364628315,0.09006991237401962,-0.08310514688491821,0.002506910590454936,0.5622370839118958,-0.5670188665390015,-1.712682843208313,38422.03515625,6
0.7064,0.027976175770163536,-0.014059350825846195,0.008746822364628315,0.09006991237401962,-0.08310514688491821,0.002506910590454936,0.5219768285751343,-0.5135119557380676,-1.7037441730499268,38804.2421875,7
0.7073,0.0282656941562891,-0.015060823410749435,0.00819274690002203,0.08419403433799744,-0.08160798251628876,-0.00016136784688569605,0.5219768285751343,-0.5135119557380676,-1.7037441730499268,38804.2421875,7
0.727,0.0282656941562891,-0.015060823410749435,0.00819274690002203,0.08419403433799744,-0.08160798251628876,-0.00016136784688569605,0.39475899934768677,-0.4217117428779602,-1.866756796836853,38912.3671875,7
0.728,0.027597161009907722,-0.014293624088168144,0.008644884452223778,0.07276485860347748,-0.07017453759908676,0.004978871438652277,0.39475899934768677,-0.4217117428779602,-1.866756796836853,38912.3671875,7
0.746,0.027597161009907722,-0.014293624088168144,0.008644884452223778,0.07276485860347748,-0.07017453759908676,0.004978871438652277,0.3353618085384369,-0.3413034975528717,-1.8394731283187866,39048.23046875,7
0.7484,0.027824759483337402,-0.014128750190138817,0.00900888442993164,0.06740976870059967,-0.06291613727807999,0.008157629519701004,0.3353618085384369,-0.3413034975528717,-1.8394731283187866,39048.23046875,7
0.7656,0.027824759483337402,-0.014128750190138817,0.00900888442993164,0.06740976870059967,-0.06291613727807999,0.008157629519701004,0.15758365392684937,-0.05996005982160568,-1.8141766786575317,39018.921875,11
0.768,0.02271837741136551,-0.01307707466185093,0.010496199131011963,0.03278043121099472,-0.05077768489718437,0.015383259393274784,0.15758365392684937,-0.05996005982160568,-1.8141766786575317,39018.921875,11
0.7864,0.02271837741136551,-0.01307707466185093,0.010496199131011963,0.03278043121099472,-0.05077768489718437,0.015383259393274784,0.11234566569328308,0.037043143063783646,-1.7836521863937378,39298.125,11
0.788,0.02170669101178646,-0.011708725243806839,0.010859403759241104,0.02360881306231022,-0.0380130335688591,0.011670917272567749,0.11234566569328308,0.037043143063783646,-1.7836521863937378,39298.125,11
0.8063,0.02170669101178646,-0.011708725243806839,0.010859403759241104,0.02360881306231022,-0.0380130335688591,0.011670917272567749,-0.0006894232355989516,0.2559337913990021,-1.645737886428833,39755.59765625,10
0.8072,0.015208750031888485,-0.009343305602669716,0.010606884025037289,-0.014070305041968822,-0.021451778709888458,0.009363985620439053,-0.0006894232355989516,0.2559337913990021,-1.645737886428833,39755.59765625,10
0.8269,0.015208750031888485,-0.009343305602669716,0.010606884025037289,-0.014070305041968822,-0.021451778709888458,0.009363985620439053,-0.15127228200435638,0.4657624065876007,-1.489677906036377,39981.6640625,10
0.8278,0.010668621398508549,-0.005845914129167795,0.010472528636455536,-0.0383792445063591,0.0001305561454501003,0.010492878966033459,-0.15127228200435638,0.4657624065876007,-1.489677906036377,39981.6640625,10
0.8461,0.010668621398508549,-0.005845914129167795,0.010472528636455536,-0.0383792445063591,0.0001305561454501003,0.010492878966033459,-0.3083667457103729,0.7016432285308838,-1.4638683795928955,40403.42578125,10
0.847,0.00545576261356473,-0.001451442833058536,0.009875627234578133,-0.06415995955467224,0.024836761876940727,0.008105117827653885,-0.3083667457103729,0.7016432285308838,-1.4638683795928955,40403.42578125,10
0.8656,0.00545576261356473,-0.001451442833058536,0.009875627234578133,-0.06415995955467224,0.024836761876940727,0.008105117827653885,-0.5450604557991028,0.7505621314048767,-1.375326156616211,40901.2109375,8
0.868,0.0008717214805074036,0.0011217494029551744,0.008574314415454865,-0.0841711238026619,0.037039343267679214,-0.0007808037917129695,-0.5450604557991028,0.7505621314048767,-1.375326156616211,40901.2109375,8
0.8863,0.0008717214805074036,0.0011217494029551744,0.008574314415454865,-0.0841711238026619,0.037039343267679214,-0.0007808037917129695,-0.5223937034606934,1.0115728378295898,-1.3149811029434204,41556.66796875,8
0.8872,-0.005777685437351465,0.003982781898230314,0.007389585953205824,-0.11354319751262665,0.05017183721065521,-0.009762227535247803,-0.5223937034606934,1.0115728378295898,-1.3149811029434204,41556.66796875,8
0.9063,-0.005777685437351465,0.003982781898230314,0.007389585953205824,-0.11354319751262665,0.05017183721065521,-0.009762227535247803,-0.5585927367210388,1.258415699005127,-1.2162234783172607,41859.45703125,8
0.9072,-0.012405570596456528,0.0063305143266916275,0.0067123048938810825,-0.14068938791751862,0.0592559315264225,-0.00638749822974205,-0.5585927367210388,1.258415699005127,-1.2162234783172607,41859.45703125,8
0.9264,-0.012405570596456528,0.0063305143266916275,0.0067123048938810825,-0.14068938791751862,0.0592559315264225,-0.00638749822974205,-0.5635495185852051,1.3345296382904053,-1.0911905765533447,42435.16796875,8
0.9272,-0.018753573298454285,0.006779657676815987,0.005718042608350515,-0.16393326222896576,0.05704919993877411,-0.017552312463521957,-0.5635495185852051,1.3345296382904053,-1.0911905765533447,42435.16796875,8
0.9456,-0.018753573298454285,0.006779657676815987,0.005718042608350515,-0.16393326222896576,0.05704919993877411,-0.017552312463521957,-0.5332514643669128,1.2644447088241577,-1.1126583814620972,42640.5859375,8
0.9478,-0.020189229398965836,0.0068888235837221146,0.006206681486219168,-0.15841759741306305,0.053771428763866425,-0.006001000292599201,-0.5332514643669128,1.2644447088241577,-1.1126583814620972,42640.5859375,8
0.9667,-0.020189229398965836,0.0068888235837221146,0.006206681486219168,-0.15841759741306305,0.053771428763866425,-0.006001000292599201,-0.6843750476837158,1.5409260988235474,-1.1564003229141235,42967.2421875,8
0.9676,-0.028587212786078453,0.009513825178146362,0.005853876005858183,-0.18988285958766937,0.06371386349201202,-0.008422315120697021,-0.6843750476837158,1.5409260988235474,-1.1564003229141235,42967.2421875,8
0.9866,-0.028587212786078453,0.009513825178146362,0.005853876005858183,-0.18988285958766937,0.06371386349201202,-0.008422315120697021,-0.8363770842552185,1.434313416481018,-1.1282219886779785,43221.91015625,8
0.9875,-0.030703779309988022,0.010878428816795349,0.006273925770074129,-0.18556591868400574,0.06675827503204346,-0.00232452224008739,-0.8363770842552185,1.434313416481018,-1.1282219886779785,43221.91015625,8
1.0066,-0.030703779309988022,0.010878428816795349,0.006273925770074129,-0.18556591868400574,0.06675827503204346,-0.00232452224008739,-0.7182543277740479,1.0824841260910034,-1.1254560947418213,43232.875,8
1.0074,-0.030820149928331375,0.011802404187619686,0.007791462820023298,-0.17056311666965485,0.06728755682706833,0.006837303284555674,-0.7182543277740479,1.0824841260910034,-1.1254560947418213,43232.875,8
1.0266,-0.030820149928331375,0.011802404187619686,0.007791462820023298,-0.17056311666965485,0.06728755682706833,0.006837303284555674,-0.424129843711853,0.5516597032546997,-1.1366260051727295,43529.5390625,8
1.0275,-0.030752748250961304,0.015804598107933998,0.008391209878027439,-0.15518449246883392,0.0834694504737854,0.01162124052643776,-0.424129843711853,0.5516597032546997,-1.1366260051727295,43529.5390625,8
1.046,-0.030752748250961304,0.015804598107933998,0.008391209878027439,-0.15518449246883392,0.0834694504737854,0.01162124052643776,-0.5106875896453857,0.5189684629440308,-1.081598162651062,43595.16796875,8
1.0469,-0.030263155698776245,0.017649291083216667,0.009401032701134682,-0.13761629164218903,0.0857398584485054,0.017313385382294655,-0.5106875896453857,0.5189684629440308,-1.081598162651062,43595.16796875,8
1.0666,-0.030263155698776245,0.017649291083216667,0.009401032701134682,-0.13761629164218903,0.0857398584485054,0.017313385382294655,-0.2251647710800171,0.01295014750212431,-1.0104544162750244,43825.23828125,11
1.0674,-0.03064679354429245,0.021522866562008858,0.010634046047925949,-0.1257535070180893,0.09858483076095581,0.02335105463862419,-0.2251647710800171,0.01295014750212431,-1.0104544162750244,43825.23828125,11
1.0856,-0.03064679354429245,0.021522866562008858,0.010634046047925949,-0.1257535070180893,0.09858483076095581,0.02335105463862419,-0.3075776696205139,-0.30107638239860535,-1.1039890050888062,43991.86328125,11
1.0866,-0.0315030962228775,0.023774869740009308,0.011340855620801449,-0.11680636554956436,0.10088176280260086,0.03214012831449509,-0.3075776696205139,-0.30107638239860535,-1.1039890050888062,43991.86328125,11
1.1066,-0.0315030962228775,0.023774869740009308,0.011340855620801449,-0.11680636554956436,0.10088176280260086,0.03214012831449509,0.13793198764324188,-1.01200532913208,-1.1763744354248047,44176.3515625,9
1.1075,-0.025241117924451828,0.02310674823820591,0.011819319799542427,-0.0691453367471695,0.08733458071947098,0.03996606543660164,0.13793198764324188,-1.01200532913208,-1.1763744354248047,44176.3515625,9
1.1264,-0.025241117924451828,0.02310674823820591,0.011819319799542427,-0.0691453367471695,0.08733458071947098,0.03996606543660164,0.8392378091812134,-1.6290961503982544,-1.1647995710372925,44251.125,9
1.1272,-0.0195616427809,0.024029044434428215,0.012717973440885544,-0.02788124978542328,0.08178494870662689,0.04684210568666458,0.8392378091812134,-1.6290961503982544,-1.1647995710372925,44251.125,9
1.146,-0.0195616427809,0.024029044434428215,0.012717973440885544,-0.02788124978542328,0.08178494870662689,0.04684210568666458,1.5532828569412231,-2.682190418243408,-1.0721933841705322,44661.234375,9
1.1469,-0.010563760064542294,0.023560574278235435,0.012898264452815056,0.028636222705245018,0.06733346730470657,0.04536327347159386,1.5532828569412231,-2.682190418243408,-1.0721933841705322,44661.234375,9
1.1653,-0.010563760064542294,0.023560574278235435,0.012898264452815056,0.028636222705245018,0.06733346730470657,0.04536327347159386,2.0436794757843018,-3.5264151096343994,-0.9761295914649963,45088.046875,13
1.1676,0.0003078162553720176,0.02028774470090866,0.012614382430911064,0.09339742362499237,0.03632820025086403,0.046036265790462494,2.0436794757843018,-3.5264151096343994,-0.9761295914649963,45088.046875,13
1.1855,0.0003078162553720176,0.02028774470090866,0.012614382430911064,0.09339742362499237,0.03632820025086403,0.046036265790462494,2.4159581661224365,-3.730772018432617,-0.8528270721435547,45348.9140625,13
1.187,0.004242372699081898,0.016926869750022888,0.012938209809362888,0.11602316051721573,0.007247145753353834,0.04606879502534866,2.4159581661224365,-3.730772018432617,-0.8528270721435547,45348.9140625,13
1.2054,0.004242372699081898,0.016926869750022888,0.012938209809362888,0.11602316051721573,0.007247145753353834,0.04606879502534866,2.8588340282440186,-3.9039971828460693,-0.806336522102356,47318.47265625,0
1.2078,0.019693097099661827,0.009260458871722221,0.0047057620249688625,0.19669072329998016,-0.04180765151977539,-0.0046563358046114445,2.8588340282440186,-3.9039971828460693,-0.806336522102356,47318.47265625,0
1.2262,0.019693097099661827,0.009260458871722221,0.0047057620249688625,0.19669072329998016,-0.04180765151977539,-0.0046563358046114445,2.6350677013397217,-2.7518556118011475,-0.8333960771560669,47565.33984375,0
1.2278,0.020353563129901886,0.007417468819767237,0.005787810310721397,0.19048257172107697,-0.05684622749686241,0.0025767716579139233,2.6350677013397217,-2.7518556118011475,-0.8333960771560669,47565.33984375,0
1.2455,0.020353563129901886,0.007417468819767237,0.005787810310721397,0.19048257172107697,-0.05684622749686241,0.0025767716579139233,1.975977897644043,-1.6293842792510986,-0.9427810907363892,48068.58984375,0
1.2477,0.025683913379907608,0.002953207353129983,0.00476955296471715,0.20702645182609558,-0.08305080235004425,0.0036175306886434555,1.975977897644043,-1.6293842792510986,-0.9427810907363892,48068.58984375,0
1.2666,0.025683913379907608,0.002953207353129983,0.00476955296471715,0.20702645182609558,-0.08305080235004425,0.0036175306886434555,1.6288106441497803,-0.9339151978492737,-1.130516529083252,49419.19140625,0
1.2674,0.04159058630466461,-0.006607186049222946,-0.0017830822616815567,0.27412837743759155,-0.13088490068912506,-0.02374669350683689,1.6288106441497803,-0.9339151978492737,-1.130516529083252,49419.19140625,0
1.287,0.04159058630466461,-0.006607186049222946,-0.0017830822616815567,0.27412837743759155,-0.13088490068912506,-0.02374669350683689,1.4397740364074707,0.13851554691791534,-1.2900398969650269,50353.1640625,0
1.2879,0.05237380415201187,-0.014873881824314594,-0.005856022238731384,0.30469053983688354,-0.1659255176782608,-0.035785090178251266,1.4397740364074707,0.13851554691791534,-1.2900398969650269,50353.1640625,0
1.3057,0.05237380415201187,-0.014873881824314594,-0.005856022238731384,0.30469053983688354,-0.1659255176782608,-0.035785090178251266,1.1483278274536133,1.3344560861587524,-1.4372867345809937,50779.34375,0
1.3066,0.06493300199508667,-0.02427821047604084,-0.007289153523743153,0.3375042676925659,-0.2029496133327484,-0.03408140689134598,1.1483278274536133,1.3344560861587524,-1.4372867345809937,50779.34375,0
1.3261,0.06493300199508667,-0.02427821047604084,-0.007289153523743153,0.3375042676925659,-0.2029496133327484,-0.03408140689134598,0.12108585238456726,2.8711724281311035,-1.5935572385787964,51018.30078125,0
1.327,0.0716339498758316,-0.02820231020450592,-0.007858133874833584,0.3314858078956604,-0.2054556906223297,-0.02625245228409767,0.12108585238456726,2.8711724281311035,-1.5935572385787964,51018.30078125,0
1.346,0.0716339498758316,-0.02820231020450592,-0.007858133874833584,0.3314858078956604,-0.2054556906223297,-0.02625245228409767,-1.1649484634399414,4.51405668258667,-1.7660000324249268,51399.703125,0
1.3469,0.07803624868392944,-0.03533504530787468,-0.009263741783797741,0.3195993900299072,-0.22065198421478271,-0.021589336916804314,-1.1649484634399414,4.51405668258667,-1.7660000324249268,51399.703125,0
1.3663,0.07803624868392944,-0.03533504530787468,-0.009263741783797741,0.3195993900299072,-0.22065198421478271,-0.021589336916804314,-2.4811131954193115,6.25749397277832,-1.9549862146377563,50776.65234375,0
1.3672,0.08383966982364655,-0.04300590977072716,-0.0054586236365139484,0.29799801111221313,-0.23167568445205688,0.01386270672082901,-2.4811131954193115,6.25749397277832,-1.9549862146377563,50776.65234375,0
1.386,0.08383966982364655,-0.04300590977072716,-0.0054586236365139484,0.29799801111221313,-0.23167568445205688,0.01386270672082901,-3.729964017868042,8.011616706848145,-2.0863733291625977,50498.25,0
1.3869,0.08541327714920044,-0.04625813663005829,-0.003697345033288002,0.25102025270462036,-0.21300043165683746,0.037331484258174896,-3.729964017868042,8.011616706848145,-2.0863733291625977,50498.25,0
1.4057,0.08541327714920044,-0.04625813663005829,-0.003697345033288002,0.25102025270462036,-0.21300043165683746,0.037331484258174896,-4.479143142700195,9.546431541442871,-2.2516064643859863,49474.8515625,7
1.4066,0.08536381274461746,-0.049962472170591354,0.0025521048810333014,0.1920919567346573,-0.19362883269786835,0.08002669364213943,-4.479143142700195,9.546431541442871,-2.2516064643859863,49474.8515625,7
1.426,0.08536381274461746,-0.049962472170591354,0.0025521048810333014,0.1920919567346573,-0.19362883269786835,0.08002669364213943,-4.834216117858887,10.6992769241333,-2.400326728820801,49262.98828125,7
1.4268,0.07941518723964691,-0.04999782145023346,0.004811817780137062,0.1058761328458786,-0.15550146996974945,0.09519796073436737,-4.834216117858887,10.6992769241333,-2.400326728820801,49262.98828125,7
1.4461,0.07941518723964691,-0.04999782145023346,0.004811817780137062,0.1058761328458786,-0.15550146996974945,0.09519796073436737,-5.018389701843262,11.077237129211426,-2.5438191890716553,49393.7265625,7
1.4471,0.07054176181554794,-0.046824246644973755,0.005741712637245655,0.011349271982908249,-0.10389570891857147,0.10025305300951004,-5.018389701843262,11.077237129211426,-2.5438191890716553,49393.7265625,7
1.4663,0.07054176181554794,-0.046824246644973755,0.005741712637245655,0.011349271982908249,-0.10389570891857147,0.10025305300951004,-5.138489246368408,10.86883544921875,-2.73166561126709,48908.296875,16
1.4672,0.06089949235320091,-0.0438845120370388,0.010671213269233704,-0.0791504979133606,-0.057380903512239456,0.12000918388366699,-5.138489246368408,10.86883544921875,-2.73166561126709,48908.296875,16
1.4854,0.06089949235320091,-0.0438845120370388,0.010671213269233704,-0.0791504979133606,-0.057380903512239456,0.12000918388366699,-5.133094787597656,9.779516220092773,-2.852057695388794,48676.34765625,16
1.4869,0.06529107689857483,-0.04308823496103287,0.014851476065814495,-0.08316878974437714,-0.02798081748187542,0.13160084187984467,-5.133094787597656,9.779516220092773,-2.852057695388794,48676.34765625,16
1.5059,0.06529107689857483,-0.04308823496103287,0.014851476065814495,-0.08316878974437714,-0.02798081748187542,0.13160084187984467,-4.885709285736084,8.511515617370605,-2.9652280807495117,47487.8125,30
1.5067,0.06946414709091187,-0.0438607819378376,0.025044487789273262,-0.08686306327581406,-0.007981281727552414,0.17015548050403595,-4.885709285736084,8.511515617370605,-2.9652280807495117,47487.8125,30
1.5263,0.06946414709091187,-0.0438607819378376,0.025044487789273262,-0.08686306327581406,-0.007981281727552414,0.17015548050403595,-4.211735725402832,7.356781005859375,-3.4081902503967285,47394.8203125,30
1.5272,0.0695958063006401,-0.05213189125061035,0.02945379912853241,-0.1037263572216034,-0.032974373549222946,0.1748853325843811,-4.211735725402832,7.356781005859375,-3.4081902503967285,47394.8203125,30
1.546,0.0695958063006401,-0.05213189125061035,0.02945379912853241,-0.1037263572216034,-0.032974373549222946,0.1748853325843811,-3.9083569049835205,5.440957546234131,-3.140676498413086,46986.94921875,30
1.5468,0.08763495832681656,-0.0520227774977684,0.03630886226892471,-0.021414270624518394,-0.013524898327887058,0.18743662536144257,-3.9083569049835205,5.440957546234131,-3.140676498413086,46986.94921875,30
1.565,0.08763495832681656,-0.0520227774977684,0.03630886226892471,-0.021414270624518394,-0.013524898327887058,0.18743662536144257,-3.688478708267212,3.839203357696533,-2.912930727005005,47311.6953125,36
1.5673,0.1057901456952095,-0.052192892879247665,0.039250802248716354,0.0585331991314888,0.0010720043210312724,0.17750562727451324,-3.688478708267212,3.839203357696533,-2.912930727005005,47311.6953125,36
1.5853,0.1057901456952095,-0.052192892879247665,0.039250802248716354,0.0585331991314888,0.0010720043210312724,0.17750562727451324,-3.838029623031616,2.997258186340332,-2.7062180042266846,47810.3203125,36
1.5862,0.11804650723934174,-0.05014969781041145,0.04077314957976341,0.10435596853494644,0.024574842303991318,0.1616421937942505,-3.838029623031616,2.997258186340332,-2.7062180042266846,47810.3203125,36
1.605,0.11804650723934174,-0.05014969781041145,0.04077314957976341,0.10435596853494644,0.024574842303991318,0.1616421937942505,-4.044976711273193,2.9441025257110596,-2.5286943912506104,47730.578125,48
1.6074,0.12718269228935242,-0.048434093594551086,0.04571254178881645,0.13179682195186615,0.044672466814517975,0.16269607841968536,-4.044976711273193,2.9441025257110596,-2.5286943912506104,47730.578125,48
1.6259,0.12718269228935242,-0.048434093594551086,0.04571254178881645,0.13179682195186615,0.044672466814517975,0.16269607841968536,-4.017838001251221,3.4853029251098633,-2.2287604808807373,48457.4453125,48
1.6268,0.14122337102890015,-0.046901267021894455,0.04630449041724205,0.17833031713962555,0.06259971857070923,0.14051946997642517,-4.017838001251221,3.4853029251098633,-2.2287604808807373,48457.4453125,48
1.6449,0.14122337102890015,-0.046901267021894455,0.04630449041724205,0.17833031713962555,0.06259971857070923,0.14051946997642517,-3.7550201416015625,4.389784336090088,-1.8787896633148193,49278.73046875,48
1.6472,0.15367338061332703,-0.044098637998104095,0.04576513171195984,0.21167314052581787,0.08462020009756088,0.1165604442358017,-3.7550201416015625,4.389784336090088,-1.8787896633148193,49278.73046875,48
1.6663,0.15367338061332703,-0.044098637998104095,0.04576513171195984,0.21167314052581787,0.08462020009756088,0.1165604442358017,-3.2044527530670166,5.227684020996094,-1.5042556524276733,48986.80078125,58
1.6671,0.1659916788339615,-0.040773097425699234,0.0514678917825222,0.23997792601585388,0.10600725561380386,0.12508265674114227,-3.2044527530670166,5.227684020996094,-1.5042556524276733,48986.80078125,58
1.6862,0.1659916788339615,-0.040773097425699234,0.0514678917825222,0.23997792601585388,0.10600725561380386,0.12508265674114227,-2.559807538986206,6.227909088134766,-1.1630967855453491,49501.27734375,58
1.6871,0.17463676631450653,-0.036930151283741,0.052373308688402176,0.24219834804534912,0.1254202425479889,0.10992635041475296,-2.559807538986206,6.227909088134766,-1.1630967855453491,49501.27734375,58
1.7056,0.17463676631450653,-0.036930151283741,0.052373308688402176,0.24219834804534912,0.1254202425479889,0.10992635041475296,-1.8342796564102173,7.3873820304870605,-0.774161696434021,48741.55078125,69
1.7066,0.18371523916721344,-0.03235593065619469,0.0606154166162014,0.244594544172287,0.1436966061592102,0.13150107860565186,-1.8342796564102173,7.3873820304870605,-0.774161696434021,48741.55078125,69
1.725,0.18371523916721344,-0.03235593065619469,0.0606154166162014,0.244594544172287,0.1436966061592102,0.13150107860565186,-1.5491340160369873,8.068150520324707,-0.5584574341773987,49094.2109375,69
1.7273,0.19017238914966583,-0.027960626408457756,0.06253676861524582,0.22760485112667084,0.15713264048099518,0.12202026695013046,-1.5491340160369873,8.068150520324707,-0.5584574341773987,49094.2109375,69
1.7449,0.19017238914966583,-0.027960626408457756,0.06253676861524582,0.22760485112667084,0.15713264048099518,0.12202026695013046,-0.9544777870178223,9.470988273620605,-0.24277180433273315,49334.08984375,69
1.7473,0.19484655559062958,-0.024018466472625732,0.0646832138299942,0.19885419309139252,0.16465789079666138,0.11456330120563507,-0.9544777870178223,9.470988273620605,-0.24277180433273315,49334.08984375,69
1.7659,0.19484655559062958,-0.024018466472625732,0.0646832138299942,0.19885419309139252,0.16465789079666138,0.11456330120563507,-0.35996127128601074,10.511474609375,0.09666150063276291,48504.640625,78
1.7668,0.19870822131633759,-0.018890678882598877,0.07305686920881271,0.16599324345588684,0.17392830550670624,0.13723620772361755,-0.35996127128601074,10.511474609375,0.09666150063276291,48504.640625,78
1.7851,0.19870822131633759,-0.018890678882598877,0.07305686920881271,0.16599324345588684,0.17392830550670624,0.13723620772361755,0.23659741878509521,11.285001754760742,0.4202935993671417,48727.22265625,78
1.786,0.20071877539157867,-0.015238339081406593,0.07577033340930939,0.12451055645942688,0.17394019663333893,0.1280898004770279,0.23659741878509521,11.285001754760742,0.4202935993671417,48727.22265625,78
1.8055,0.20071877539157867,-0.015238339081406593,0.07577033340930939,0.12451055645942688,0.17394019663333893,0.1280898004770279,0.8610134124755859,11.806357383728027,0.7392961382865906,48293.8828125,85
1.8064,0.20259451866149902,-0.011600772850215435,0.08228260278701782,0.08469431847333908,0.17065668106079102,0.1385670006275177,0.8610134124755859,11.806357383728027,0.7392961382865906,48293.8828125,85
1.826,0.20259451866149902,-0.011600772850215435,0.08228260278701782,0.08469431847333908,0.17065668106079102,0.1385670006275177,1.423714280128479,12.267836570739746,1.014366626739502,48547.03125,85
1.8268,0.20166167616844177,-0.009012681432068348,0.08494564890861511,0.033782027661800385,0.16193194687366486,0.12735338509082794,1.423714280128479,12.267836570739746,1.014366626739502,48547.03125,85
1.8453,0.20166167616844177,-0.009012681432068348,0.08494564890861511,0.033782027661800385,0.16193194687366486,0.12735338509082794,1.9205795526504517,12.48739242553711,1.2740696668624878,48884.44140625,85
1.8462,0.20017753541469574,-0.0067182667553424835,0.0872502326965332,-0.015550456941127777,0.15099486708641052,0.11495956778526306,1.9205795526504517,12.48739242553711,1.2740696668624878,48884.44140625,85
1.8656,0.20017753541469574,-0.0067182667553424835,0.0872502326965332,-0.015550456941127777,0.15099486708641052,0.11495956778526306,2.103807210922241,12.473892211914062,1.8616968393325806,49208.9453125,89
1.8664,0.19721835851669312,0.0025258432142436504,0.0894688293337822,-0.06723339855670929,0.17308826744556427,0.10353407263755798,2.103807210922241,12.473892211914062,1.8616968393325806,49208.9453125,89
1.8855,0.19721835851669312,0.0025258432142436504,0.0894688293337822,-0.06723339855670929,0.17308826744556427,0.10353407263755798,2.4370644092559814,11.914499282836914,2.2082626819610596,49254.24609375,89
1.8864,0.20179007947444916,0.006935088895261288,0.09285769611597061,-0.07507690787315369,0.16794636845588684,0.1003769189119339,2.4370644092559814,11.914499282836914,2.2082626819610596,49254.24609375,89
1.9054,0.20179007947444916,0.006935088895261288,0.09285769611597061,-0.07507690787315369,0.16794636845588684,0.1003769189119339,2.803849220275879,11.238582611083984,2.3867075443267822,47981.0234375,112
1.9063,0.20459388196468353,0.009815444238483906,0.10393916815519333,-0.08877149969339371,0.1530204713344574,0.1356153041124344,2.803849220275879,11.238582611083984,2.3867075443267822,47981.0234375,112
1.9253,0.20459388196468353,0.009815444238483906,0.10393916815519333,-0.08877149969339371,0.1530204713344574,0.1356153041124344,2.9877941608428955,10.595720291137695,2.7569892406463623,48155.7578125,112
1.9268,0.20523309707641602,0.015223792754113674,0.10677967220544815,-0.10993839800357819,0.15282434225082397,0.12627291679382324,2.9877941608428955,10.595720291137695,2.7569892406463623,48155.7578125,112
1.9449,0.20523309707641602,0.015223792754113674,0.10677967220544815,-0.10993839800357819,0.15282434225082397,0.12627291679382324,3.401890993118286,9.978245735168457,2.815272092819214,48252.40234375,112
1.9471,0.20546935498714447,0.01560890581458807,0.11002456396818161,-0.1288362294435501,0.1284286230802536,0.12051726132631302,3.401890993118286,9.978245735168457,2.815272092819214,48252.40234375,112
1.9656,0.20546935498714447,0.01560890581458807,0.11002456396818161,-0.1288362294435501,0.1284286230802536,0.12051726132631302,3.1967365741729736,9.437074661254883,3.587747097015381,49978.45703125,93
1.9664,0.20782238245010376,0.03160827234387398,0.10397705435752869,-0.135553240776062,0.18063774704933167,0.06814723461866379,3.1967365741729736,9.437074661254883,3.587747097015381,49978.45703125,93
1.9851,0.20782238245010376,0.03160827234387398,0.10397705435752869,-0.135553240776062,0.18063774704933167,0.06814723461866379,3.5115768909454346,9.13458251953125,3.684753656387329,50279.109375,93
1.986,0.20596913993358612,0.03626998886466026,0.10528143495321274,-0.15974484384059906,0.1730097234249115,0.05941309407353401,3.5115768909454346,9.13458251953125,3.684753656387329,50279.109375,93
2.0051,0.20596913993358612,0.03626998886466026,0.10528143495321274,-0.15974484384059906,0.1730097234249115,0.05941309407353401,3.7607972621917725,8.97492790222168,3.7904603481292725,50996.1015625,100
2.006,0.2038249522447586,0.04217983037233353,0.10388455539941788,-0.1833086907863617,0.17148520052433014,0.039202235639095306,3.7607972621917725,8.97492790222168,3.7904603481292725,50996.1015625,100
2.0266,0.2038249522447586,0.04217983037233353,0.10388455539941788,-0.1833086907863617,0.17148520052433014,0.039202235639095306,4.096529483795166,8.835698127746582,3.779980182647705,51271.6796875,100
2.0275,0.2006814330816269,0.04667193442583084,0.10463706403970718,-0.20838604867458344,0.16176846623420715,0.033983975648880005,4.096529483795166,8.835698127746582,3.779980182647705,51271.6796875,100
2.046,0.2006814330816269,0.04667193442583084,0.10463706403970718,-0.20838604867458344,0.16176846623420715,0.033983975648880005,4.762803554534912,8.369301795959473,3.416771650314331,51132.2265625,100
2.0468,0.19940285384655,0.043194036930799484,0.10704314708709717,-0.22040708363056183,0.1146286204457283,0.041347913444042206,4.762803554534912,8.369301795959473,3.416771650314331,51132.2265625,100
2.065,0.19940285384655,0.043194036930799484,0.10704314708709717,-0.22040708363056183,0.1146286204457283,0.041347913444042206,5.48647403717041,7.535443305969238,2.984083652496338,52582.76171875,87
2.0659,0.2033461034297943,0.036526601761579514,0.09991370141506195,-0.2083360254764557,0.05747797712683678,0.004188369028270245,5.48647403717041,7.535443305969238,2.984083652496338,52582.76171875,87
2.0858,0.2033461034297943,0.036526601761579514,0.09991370141506195,-0.2083360254764557,0.05747797712683678,0.004188369028270245,5.804198265075684,6.696869373321533,3.0582120418548584,52514.265625,87
2.0868,0.2028687745332718,0.04125607758760452,0.10131608694791794,-0.21247923374176025,0.053318824619054794,0.011357682757079601,5.804198265075684,6.696869373321533,3.0582120418548584,52514.265625,87
2.1058,0.2028687745332718,0.04125607758760452,0.10131608694791794,-0.21247923374176025,0.053318824619054794,0.011357682757079601,6.25490140914917,6.081611633300781,2.9960861206054688,53306.91015625,92
2.1068,0.19993393123149872,0.04076642543077469,0.09751864522695541,-0.22837726771831512,0.025254562497138977,-0.005286062601953745,6.25490140914917,6.081611633300781,2.9960861206054688,53306.91015625,92
2.1257,0.19993393123149872,0.04076642543077469,0.09751864522695541,-0.22837726771831512,0.025254562497138977,-0.005286062601953745,6.431283473968506,5.624786376953125,2.8504936695098877,53410.10546875,92
2.1266,0.19399626553058624,0.0408378466963768,0.09735239297151566,-0.25259554386138916,0.001021411269903183,-0.0027998671866953373,6.431283473968506,5.624786376953125,2.8504936695098877,53410.10546875,92
2.1455,0.19399626553058624,0.0408378466963768,0.09735239297151566,-0.25259554386138916,0.001021411269903183,-0.0027998671866953373,6.1269001960754395,4.549151420593262,2.1892993450164795,52530.05859375,92
2.1464,0.20470210909843445,0.038639869540929794,0.10218941420316696,-0.1888684332370758,-0.02924373373389244,0.031002052128314972,6.1269001960754395,4.549151420593262,2.1892993450164795,52530.05859375,92
2.1648,0.20470210909843445,0.038639869540929794,0.10218941420316696,-0.1888684332370758,-0.02924373373389244,0.031002052128314972,5.5977582931518555,3.228832244873047,1.1290397644042969,53705.6015625,84
2.1672,0.22918029129505157,0.028613723814487457,0.09521687775850296,-0.0710463598370552,-0.09376100450754166,0.005811776500195265,5.5977582931518555,3.228832244873047,1.1290397644042969,53705.6015625,84
2.1854,0.22918029129505157,0.028613723814487457,0.09521687775850296,-0.0710463598370552,-0.09376100450754166,0.005811776500195265,4.67669153213501,2.6347317695617676,0.47133564949035645,53905.59375,84
2.1863,0.24207793176174164,0.023026268929243088,0.09351691603660583,-0.01037315372377634,-0.12696430087089539,0.003464735811576247,4.67669153213501,2.6347317695617676,0.47133564949035645,53905.59375,84
2.2049,0.24207793176174164,0.023026268929243088,0.09351691603660583,-0.01037315372377634,-0.12696430087089539,0.003464735811576247,3.611652374267578,1.8828414678573608,-0.28936487436294556,55595.01953125,75
2.2058,0.26427727937698364,0.01895245350897312,0.08331278711557388,0.0844205766916275,-0.1527722328901291,-0.036224666982889175,3.611652374267578,1.8828414678573608,-0.28936487436294556,55595.01953125,75
2.2259,0.26427727937698364,0.01895245350897312,0.08331278711557388,0.0844205766916275,-0.1527722328901291,-0.036224666982889175,2.707799196243286,1.6721307039260864,-0.8738893866539001,56002.69921875,75
2.2267,0.27936962246894836,0.01597781851887703,0.07948582619428635,0.14182697236537933,-0.16642843186855316,-0.037239108234643936,2.707799196243286,1.6721307039260864,-0.8738893866539001,56002.69921875,75
2.2451,0.27936962246894836,0.01597781851887703,0.07948582619428635,0.14182697236537933,-0.16642843186855316,-0.037239108234643936,2.2662503719329834,2.395864486694336,-1.2717547416687012,56127.0,75
2.246,0.2860155403614044,0.01123160868883133,0.07734614610671997,0.15315796434879303,-0.18313473463058472,-0.03024177812039852,2.2662503719329834,2.395864486694336,-1.2717547416687012,56127.0,75
2.2646,0.2860155403614044,0.01123160868883133,0.07734614610671997,0.15315796434879303,-0.18313473463058472,-0.03024177812039852,2.0772907733917236,3.789151906967163,-1.6563383340835571,56035.3515625,77
2.2669,0.2907313108444214,0.00423783715814352,0.07591433078050613,0.14981688559055328,-0.2081618309020996,-0.016050195321440697,2.0772907733917236,3.789151906967163,-1.6563383340835571,56035.3515625,77
2.2849,0.2907313108444214,0.00423783715814352,0.07591433078050613,0.14981688559055328,-0.2081618309020996,-0.016050195321440697,1.652618646621704,6.168204307556152,-1.957241415977478,55750.05859375,77
2.2866,0.28550758957862854,-0.0037586644757539034,0.07623360306024551,0.09254883229732513,-0.23311251401901245,0.0022003273479640484,1.652618646621704,6.168204307556152,-1.957241415977478,55750.05859375,77
2.3047,0.28550758957862854,-0.0037586644757539034,0.07623360306024551,0.09254883229732513,-0.23311251401901245,0.0022003273479640484,0.9014289975166321,8.918148040771484,-2.281630277633667,55482.0703125,81
2.3056,0.27825453877449036,-0.01251953560858965,0.07763108611106873,0.022830400615930557,-0.25706052780151367,0.017349831759929657,0.9014289975166321,8.918148040771484,-2.281630277633667,55482.0703125,81
2.3246,0.27825453877449036,-0.01251953560858965,0.07763108611106873,0.022830400615930557,-0.25706052780151367,0.017349831759929657,-0.2547462582588196,11.551741600036621,-2.564481735229492,55730.12109375,81
2.3269,0.27115970849990845,-0.020058756694197655,0.07634039968252182,-0.049342311918735504,-0.27002477645874023,0.0172930546104908,-0.2547462582588196,11.551741600036621,-2.564481735229492,55730.12109375,81
2.3456,0.27115970849990845,-0.020058756694197655,0.07634039968252182,-0.049342311918735504,-0.27002477645874023,0.0172930546104908,-1.5799909830093384,13.470146179199219,-2.9111483097076416,56225.85546875,81
2.3466,0.26640748977661133,-0.029695158824324608,0.07405322045087814,-0.11054901033639908,-0.28825488686561584,0.00947590172290802,-1.5799909830093384,13.470146179199219,-2.9111483097076416,56225.85546875,81
2.3651,0.26640748977661133,-0.029695158824324608,0.07405322045087814,-0.11054901033639908,-0.28825488686561584,0.00947590172290802,-2.8344318866729736,14.023846626281738,-3.379601001739502,55565.5859375,86
2.366,0.2632269263267517,-0.043232839554548264,0.07776182144880295,-0.16397857666015625,-0.31622278690338135,0.03550296276807785,-2.8344318866729736,14.023846626281738,-3.379601001739502,55565.5859375,86
2.385,0.2632269263267517,-0.043232839554548264,0.07776182144880295,-0.16397857666015625,-0.31622278690338135,0.03550296276807785,-4.3097453117370605,12.912734031677246,-3.748784065246582,54619.53125,86
2.3866,0.2646777331829071,-0.04656459763646126,0.0819210559129715,-0.18792757391929626,-0.28410181403160095,0.07167554646730423,-4.3097453117370605,12.912734031677246,-3.748784065246582,54619.53125,86
2.4048,0.2646777331829071,-0.04656459763646126,0.0819210559129715,-0.18792757391929626,-0.28410181403160095,0.07167554646730423,-5.419210433959961,11.10159969329834,-4.143535614013672,53413.0390625,88
2.4056,0.2647444009780884,-0.048983991146087646,0.08747444301843643,-0.21142995357513428,-0.24512913823127747,0.11476682126522064,-5.419210433959961,11.10159969329834,-4.143535614013672,53413.0390625,88
2.4258,0.2647444009780884,-0.048983991146087646,0.08747444301843643,-0.21142995357513428,-0.24512913823127747,0.11476682126522064,-6.360222816467285,9.373952865600586,-4.428518772125244,52436.35546875,88
2.4267,0.2650395631790161,-0.04913429915904999,0.09219331294298172,-0.22387155890464783,-0.19603686034679413,0.14978547394275665,-6.360222816467285,9.373952865600586,-4.428518772125244,52436.35546875,88
2.4455,0.2650395631790161,-0.04913429915904999,0.09219331294298172,-0.22387155890464783,-0.19603686034679413,0.14978547394275665,-6.944754123687744,8.242769241333008,-4.5597615242004395,51526.0546875,88
2.4476,0.26324936747550964,-0.04772031679749489,0.09688860177993774,-0.24016642570495605,-0.14116120338439941,0.18166404962539673,-6.944754123687744,8.242769241333008,-4.5597615242004395,51526.0546875,88
2.4647,0.26324936747550964,-0.04772031679749489,0.09688860177993774,-0.24016642570495605,-0.14116120338439941,0.18166404962539673,-7.192001819610596,8.011120796203613,-4.787226676940918,54545.75,57
2.4656,0.25695446133613586,-0.041165340691804886,0.08102170377969742,-0.2782914638519287,-0.07634119689464569,0.09884761273860931,-7.192001819610596,8.011120796203613,-4.787226676940918,54545.75,57
2.4851,0.25695446133613586,-0.041165340691804886,0.08102170377969742,-0.2782914638519287,-0.07634119689464569,0.09884761273860931,-14.10228443145752,12.420710563659668,-22.398784637451172,64329.96484375,57
2.4861,0.26236894726753235,-0.014494875445961952,0.07759157568216324,-0.21143440902233124,-0.0008465803111903369,-0.2766467332839966,-14.10228443145752,12.420710563659668,-22.398784637451172,64329.96484375,57
2.5046,0.26236894726753235,-0.014494875445961952,0.07759157568216324,-0.21143440902233124,-0.0008465803111903369,-0.2766467332839966,-18.92058753967285,26.8330078125,-45.54802322387695,65535.0,56
2.507,0.2647256851196289,0.0008340802160091698,0.0517788790166378,-0.16175048053264618,0.006140046287328005,-0.6822755932807922,-18.92058753967285,26.8330078125,-45.54802322387695,65535.0,56
2.5249,0.2647256851196289,0.0008340802160091698,0.0517788790166378,-0.16175048053264618,0.006140046287328005,-0.6822755932807922,-19.806861877441406,29.771249771118164,-52.25422286987305,65535.0,56
2.5258,0.2625616788864136,-0.00796452909708023,0.050589561462402344,-0.164324089884758,0.14029335975646973,-0.5360136032104492,-19.806861877441406,29.771249771118164,-52.25422286987305,65535.0,56
2.5449,0.2625616788864136,-0.00796452909708023,0.050589561462402344,-0.164324089884758,0.14029335975646973,-0.5360136032104492,-21.02064323425293,30.352188110351562,-51.4103889465332,65535.0,56
2.5458,0.2569650113582611,-0.008912568911910057,0.047199491411447525,-0.17624112963676453,0.22694483399391174,-0.5329764485359192,-21.02064323425293,30.352188110351562,-51.4103889465332,65535.0,56
2.5657,0.2569650113582611,-0.008912568911910057,0.047199491411447525,-0.17624112963676453,0.22694483399391174,-0.5329764485359192,-18.52462387084961,34.33174514770508,-43.101715087890625,65535.0,70
2.5666,0.25327566266059875,-0.007544664200395346,0.05173143744468689,-0.18354164063930511,0.26742294430732727,-0.5516307353973389,-18.52462387084961,34.33174514770508,-43.101715087890625,65535.0,70
2.5849,0.25327566266059875,-0.007544664200395346,0.05173143744468689,-0.18354164063930511,0.26742294430732727,-0.5516307353973389,-15.530312538146973,41.20760726928711,-32.61823272705078,65535.0,70
2.5867,0.25589874386787415,0.0006818469264544547,0.04705270007252693,-0.18501530587673187,0.3453129529953003,-0.6029061079025269,-15.530312538146973,41.20760726928711,-32.61823272705078,65535.0,70
2.6048,0.25589874386787415,0.0006818469264544547,0.04705270007252693,-0.18501530587673187,0.3453129529953003,-0.6029061079025269,-8.518497467041016,50.49764633178711,-24.919357299804688,65535.0,108
2.6058,0.24292944371700287,0.014026490971446037,0.05321063473820686,-0.2826054096221924,0.439922571182251,-0.6153953075408936,-8.518497467041016,50.49764633178711,-24.919357299804688,65535.0,108
5.6084,0.24292944371700287,0.014026490971446037,0.05321063473820686,-0.2826054096221924,0.439922571182251,-0.6153953075408936,9.8811616897583,61.50042724609375,-25.407737731933594,65535.0,108
5.6085,0.21879993379116058,-0.020978836342692375,0.036784928292036057,-0.46548956632614136,0.27449122071266174,-0.8030158281326294,9.8811616897583,61.50042724609375,-25.407737731933594,65535.0,108
5.6086,0.21879993379116058,-0.020978836342692375,0.036784928292036057,-0.46548956632614136,0.27449122071266174,-0.8030158281326294,9.274435043334961,57.80680465698242,-4.949693202972412,65535.0,108
5.6086,0.21329371631145477,-0.0038286868948489428,0.0697116032242775,-0.7487376928329468,0.31835484504699707,-0.4962623417377472,9.274435043334961,57.80680465698242,-4.949693202972412,65535.0,108
5.6088,0.21329371631145477,-0.0038286868948489428,0.0697116032242775,-0.7487376928329468,0.31835484504699707,-0.4962623417377472,7.918913841247559,36.68128967285156,13.268025398254395,62514.703125,197
5.6088,0.2314264476299286,0.017969397827982903,0.11629336327314377,-0.7747817039489746,0.3009294867515564,-0.14684629440307617,7.918913841247559,36.68128967285156,13.268025398254395,62514.703125,197
5.6089,0.2314264476299286,0.017969397827982903,0.11629336327314377,-0.7747817039489746,0.3009294867515564,-0.14684629440307617,12.355379104614258,20.72859001159668,25.741403579711914,63447.453125,197
5.6089,0.26910102367401123,0.021051516756415367,0.12400496751070023,-0.5265899896621704,0.25025925040245056,-0.19117406010627747,12.355379104614258,20.72859001159668,25.741403579711914,63447.453125,197
5.6094,0.26910102367401123,0.021051516756415367,0.12400496751070023,-0.5265899896621704,0.25025925040245056,-0.19117406010627747,15.9961519241333,12.08262825012207,35.76681900024414,65535.0,27
5.6095,0.2880486249923706,0.02206122688949108,0.09886238723993301,-0.3989543318748474,0.22468574345111847,-0.4065227210521698,15.9961519241333,12.08262825012207,35.76681900024414,65535.0,27
5.6096,0.2880486249923706,0.02206122688949108,0.09886238723993301,-0.3989543318748474,0.22468574345111847,-0.4065227210521698,18.275222778320312,9.690752983093262,41.486080169677734,65535.0,27
5.6096,0.2852341830730438,0.03020406700670719,0.09039900451898575,-0.3692592978477478,0.20438432693481445,-0.4787697196006775,18.275222778320312,9.690752983093262,41.486080169677734,65535.0,27
5.6097,0.2852341830730438,0.03020406700670719,0.09039900451898575,-0.3692592978477478,0.20438432693481445,-0.4787697196006775,15.778902053833008,9.807571411132812,45.90797805786133,65535.0,27
5.6097,0.27770742774009705,0.039655908942222595,0.08152823895215988,-0.3518834412097931,0.16429580748081207,-0.4774142801761627,15.778902053833008,9.807571411132812,45.90797805786133,65535.0,27
5.6098,0.27770742774009705,0.039655908942222595,0.08152823895215988,-0.3518834412097931,0.16429580748081207,-0.4774142801761627,8.12081527709961,8.329833984375,51.021427154541016,65535.0,23
5.6098,0.30020517110824585,0.034691452980041504,0.05363299325108528,-0.19862644374370575,0.09930076450109482,-0.5424289107322693,8.12081527709961,8.329833984375,51.021427154541016,65535.0,23
5.6099,0.30020517110824585,0.034691452980041504,0.05363299325108528,-0.19862644374370575,0.09930076450109482,-0.5424289107322693,8.573495864868164,2.514754056930542,52.37168884277344,65535.0,23
5.6099,0.28286877274513245,0.03632894530892372,0.0456649512052536,-0.24944357573986053,0.03740735724568367,-0.4309917390346527,8.573495864868164,2.514754056930542,52.37168884277344,65535.0,23
5.6101,0.28286877274513245,0.03632894530892372,0.0456649512052536,-0.24944357573986053,0.03740735724568367,-0.4309917390346527,6.73693323135376,-0.21217334270477295,52.87703323364258,65535.0,12
5.6101,0.2656872272491455,0.03871452063322067,0.02755293995141983,-0.2962644100189209,0.024471567943692207,-0.5022919774055481,6.73693323135376,-0.21217334270477295,52.87703323364258,65535.0,12
5.6102,0.2656872272491455,0.03871452063322067,0.02755293995141983,-0.2962644100189209,0.024471567943692207,-0.5022919774055481,3.371403455734253,0.02225758321583271,52.32875442504883,65535.0,12
5.6102,0.2501050531864166,0.04098374396562576,0.017517682164907455,-0.3253013789653778,0.01520581729710102,-0.47831228375434875,3.371403455734253,0.02225758321583271,52.32875442504883,65535.0,12
5.6103,0.2501050531864166,0.04098374396562576,0.017517682164907455,-0.3253013789653778,0.01520581729710102,-0.47831228375434875,3.548197031021118,-1.4462182521820068,52.37615966796875,65535.0,12
5.6103,0.24468187987804413,0.04014905169606209,0.008692856878042221,-0.30994728207588196,0.004382148385047913,-0.46097397804260254,3.548197031021118,-1.4462182521820068,52.37615966796875,65535.0,12
5.6104,0.24468187987804413,0.04014905169606209,0.008692856878042221,-0.30994728207588196,0.004382148385047913,-0.46097397804260254,2.6873412132263184,-0.3117702603340149,52.30258560180664,65535.0,37
5.6104,0.24459561705589294,0.03532756492495537,0.014956415630877018,-0.2603158950805664,-0.02162894792854786,-0.3755437731742859,2.6873412132263184,-0.3117702603340149,52.30258560180664,65535.0,37
5.6105,0.24459561705589294,0.03532756492495537,0.014956415630877018,-0.2603158950805664,-0.02162894792854786,-0.3755437731742859,2.450427532196045,0.27267318964004517,51.61229705810547,65535.0,37
5.6105,0.2447921484708786,0.03317837417125702,0.008412342518568039,-0.22401674091815948,-0.02949213609099388,-0.3573733866214752,2.450427532196045,0.27267318964004517,51.61229705810547,65535.0,37
5.6107,0.2447921484708786,0.03317837417125702,0.008412342518568039,-0.22401674091815948,-0.02949213609099388,-0.3573733866214752,2.1775050163269043,0.8320441246032715,50.84263610839844,65535.0,61
5.6107,0.2411637157201767,0.03213613107800484,0.02488008141517639,-0.19434019923210144,-0.035435110330581665,-0.21294650435447693,2.1775050163269043,0.8320441246032715,50.84263610839844,65535.0,61
5.6108,0.2411637157201767,0.03213613107800484,0.02488008141517639,-0.19434019923210144,-0.035435110330581665,-0.21294650435447693,1.2855569124221802,1.736661434173584,49.67768478393555,65535.0,61
5.6108,0.24199804663658142,0.03005211427807808,0.021527206525206566,-0.16485418379306793,-0.04344293847680092,-0.17953358590602875,1.2855569124221802,1.736661434173584,49.67768478393555,65535.0,61
5.6108,0.24199804663658142,0.03005211427807808,0.021527206525206566,-0.16485418379306793,-0.04344293847680092,-0.17953358590602875,-0.3543299436569214,3.0554916858673096,48.347068786621094,65535.0,61
5.6108,0.2416471391916275,0.028627172112464905,0.018933365121483803,-0.1504909247159958,-0.049526944756507874,-0.1389850676059723,-0.3543299436569214,3.0554916858673096,48.347068786621094,65535.0,61
5.6109,0.2416471391916275,0.028627172112464905,0.018933365121483803,-0.1504909247159958,-0.049526944756507874,-0.1389850676059723,-2.791844129562378,4.892152309417725,46.83964538574219,65535.0,22
5.6109,0.2410791665315628,0.026492441073060036,0.019045468419790268,-0.14753909409046173,-0.05805199220776558,-0.0839049220085144,-2.791844129562378,4.892152309417725,46.83964538574219,65535.0,22
5.6109,0.2410791665315628,0.026492441073060036,0.019045468419790268,-0.14753909409046173,-0.05805199220776558,-0.0839049220085144,-6.565640926361084,7.602878570556641,45.13322067260742,65535.0,22
5.611,0.246455118060112,0.02212856151163578,0.020065486431121826,-0.11832155287265778,-0.06512928754091263,-0.05586293339729309,-6.565640926361084,7.602878570556641,45.13322067260742,65535.0,22
5.6111,0.246455118060112,0.02212856151163578,0.020065486431121826,-0.11832155287265778,-0.06512928754091263,-0.05586293339729309,-13.762993812561035,10.63469409942627,42.0172119140625,65535.0,36
5.6111,0.24660633504390717,0.01879245415329933,0.027368582785129547,-0.13433793187141418,-0.06523101031780243,-0.012153991498053074,-13.762993812561035,10.63469409942627,42.0172119140625,65535.0,36
5.6112,0.24660633504390717,0.01879245415329933,0.027368582785129547,-0.13433793187141418,-0.06523101031780243,-0.012153991498053074,-22.427291870117188,14.181615829467773,38.743282318115234,65535.0,36
5.6112,0.246305450797081,0.014070558361709118,0.030080940574407578,-0.18450365960597992,-0.06224890425801277,0.011119947768747807,-22.427291870117188,14.181615829467773,38.743282318115234,65535.0,36
5.6113,0.246305450797081,0.014070558361709118,0.030080940574407578,-0.18450365960597992,-0.06224890425801277,0.011119947768747807,-31.756114959716797,18.252227783203125,35.91121292114258,65535.0,36
5.6113,0.2434779852628708,0.009841092862188816,0.03425581008195877,-0.2715798318386078,-0.03577832132577896,0.030726958066225052,-31.756114959716797,18.252227783203125,35.91121292114258,65535.0,36
5.6113,0.2434779852628708,0.009841092862188816,0.03425581008195877,-0.2715798318386078,-0.03577832132577896,0.030726958066225052,-41.14346694946289,22.544662475585938,33.59272384643555,65535.0,59
5.6113,0.23494015634059906,0.007419973611831665,0.045383255928754807,-0.3979904055595398,0.01915060728788376,0.054947998374700546,-41.14346694946289,22.544662475585938,33.59272384643555,65535.0,59
5.6114,0.23494015634059906,0.007419973611831665,0.045383255928754807,-0.3979904055595398,0.01915060728788376,0.054947998374700546,-48.09016799926758,28.797502517700195,29.308513641357422,65535.0,59
5.6114,0.2223244458436966,0.008824929594993591,0.0408678837120533,-0.5078438520431519,0.06653042137622833,-0.08704456686973572,-48.09016799926758,28.797502517700195,29.308513641357422,65535.0,59
5.6115,0.2223244458436966,0.008824929594993591,0.0408678837120533,-0.5078438520431519,0.06653042137622833,-0.08704456686973572,-69.57867431640625,54.13252639770508,55.85409927368164,65535.0,159
5.6115,0.19398371875286102,0.0018717169295996428,0.06535888463258743,-0.6023708581924438,-0.04024388641119003,-0.20551322400569916,-69.57867431640625,54.13252639770508,55.85409927368164,65535.0,159
8.6122,0.19398371875286102,0.0018717169295996428,0.06535888463258743,-0.6023708581924438,-0.04024388641119003,-0.20551322400569916,-41.93819046020508,62.09101104736328,45.792510986328125,65535.0,159
8.6122,0.188472181558609,-0.0022658107336610556,0.0702623724937439,-0.20860505104064941,-0.030986517667770386,-0.42133331298828125,-41.93819046020508,62.09101104736328,45.792510986328125,65535.0,159
8.6124,0.188472181558609,-0.0022658107336610556,0.0702623724937439,-0.20860505104064941,-0.030986517667770386,-0.42133331298828125,-7.948996543884277,54.34837341308594,11.624748229980469,65535.0,159
8.6124,0.19266101717948914,-0.003172494936734438,0.07381635159254074,-0.13374413549900055,0.034057121723890305,-0.5463741421699524,-7.948996543884277,54.34837341308594,11.624748229980469,65535.0,159
8.6125,0.19266101717948914,-0.003172494936734438,0.07381635159254074,-0.13374413549900055,0.034057121723890305,-0.5463741421699524,0.9362624287605286,48.227081298828125,-6.8903656005859375,65535.0,183
8.6125,0.1878960281610489,0.0014224268961697817,0.09056943655014038,-0.24641691148281097,0.13548481464385986,-0.47619614005088806,0.9362624287605286,48.227081298828125,-6.8903656005859375,65535.0,183
8.6127,0.1878960281610489,0.0014224268961697817,0.09056943655014038,-0.24641691148281097,0.13548481464385986,-0.47619614005088806,-3.5979321002960205,42.220272064208984,-10.144973754882812,65535.0,183
8.6127,0.17855452001094818,0.00016791681991890073,0.0797133669257164,-0.332177072763443,0.0844731256365776,-0.6303377747535706,-3.5979321002960205,42.220272064208984,-10.144973754882812,65535.0,183
8.6132,0.17855452001094818,0.00016791681991890073,0.0797133669257164,-0.332177072763443,0.0844731256365776,-0.6303377747535706,-5.313598155975342,47.02667999267578,-4.85908317565918,65535.0,86
8.6132,0.175437331199646,-0.0010333911050111055,0.06717780232429504,-0.4515836238861084,0.09178127348423004,-0.6777257323265076,-5.313598155975342,47.02667999267578,-4.85908317565918,65535.0,86
