file,stamp,rnn_en,thesis_cohort,fresh_battery,t_cross_s,dip_cm,a_res_z_mean,pred_z_mean,pred_z_std
cf5_A8_thesis00_2026-10-05_17-44-01.bin,17-44-01,0,True,False,19.077,-6.311,-0.5350,-0.5972,0.6140
cf5_A8_thesis00_2026-10-05_17-44-01.bin,17-44-01,0,True,False,25.006,-5.394,-0.4697,-0.4126,0.6796
cf5_A8_thesis00_2026-10-05_17-44-01.bin,17-44-01,0,True,False,31.071,-7.186,-0.5120,-0.5995,0.6444
cf5_A8_thesis00_2026-10-05_17-44-01.bin,17-44-01,0,True,False,37.043,-5.481,-0.4441,-0.3965,0.6652
cf5_A8_thesis00_2026-10-05_18-18-58.bin,18-18-58,0,False,False,19.065,87.765,0.0000,-6.7528,0.1394
cf5_A8_thesis00_2026-10-05_18-18-58.bin,18-18-58,0,False,False,25.026,91.713,0.0000,-6.5014,0.1516
cf5_A8_thesis00_2026-10-05_18-18-58.bin,18-18-58,0,False,False,31.042,90.173,0.0000,-6.7568,0.1889
cf5_A8_thesis00_2026-10-05_18-18-58.bin,18-18-58,0,False,False,37.019,91.820,0.0000,-6.4285,0.1581
cf5_A8_thesis00_2026-10-05_19-17-04.bin,19-17-04,1,True,True,19.096,-12.198,-0.4094,-0.6171,0.6851
cf5_A8_thesis00_2026-10-05_19-17-04.bin,19-17-04,1,True,True,25.025,-10.478,-0.4349,-0.5025,0.8280
cf5_A8_thesis00_2026-10-05_19-17-04.bin,19-17-04,1,True,True,31.112,-10.196,-0.4206,-0.5703,0.6664
cf5_A8_thesis00_2026-10-05_19-17-04.bin,19-17-04,1,True,True,37.017,-9.964,-0.4384,-0.5451,0.7690
cf5_A8_thesis01_2026-10-05_17-44-01.bin,17-44-01,0,True,False,19.042,-6.104,-0.5389,-0.5584,0.6167
cf5_A8_thesis01_2026-10-05_17-44-01.bin,17-44-01,0,True,False,25.010,-5.388,-0.4711,-0.4178,0.7124
cf5_A8_thesis01_2026-10-05_17-44-01.bin,17-44-01,0,True,False,31.029,-5.364,-0.5537,-0.5338,0.6083
cf5_A8_thesis01_2026-10-05_17-44-01.bin,17-44-01,0,True,False,37.070,-5.980,-0.3771,-0.4316,0.7077
cf5_A8_thesis01_2026-10-05_18-34-10.bin,18-34-10,0,False,False,19.019,-6.707,-0.4891,-0.5755,0.6149
cf5_A8_thesis01_2026-10-05_18-34-10.bin,18-34-10,0,False,False,24.989,-5.874,-0.3639,-0.4098,0.6241
cf5_A8_thesis01_2026-10-05_18-34-10.bin,18-34-10,0,False,False,31.079,-0.012,-0.0543,-2.0166,0.2312
cf5_A8_thesis01_2026-10-05_18-34-10.bin,18-34-10,0,False,False,37.032,-0.302,-0.0430,-2.3676,0.2433
cf5_A8_thesis01_2026-10-05_19-19-27.bin,19-19-27,1,True,True,19.026,-11.394,-0.5027,-0.6057,0.6478
cf5_A8_thesis01_2026-10-05_19-19-27.bin,19-19-27,1,True,True,25.014,-12.171,-0.4850,-0.5312,0.8650
cf5_A8_thesis01_2026-10-05_19-19-27.bin,19-19-27,1,True,True,31.015,-10.193,-0.5116,-0.6323,0.6273
cf5_A8_thesis01_2026-10-05_19-19-27.bin,19-19-27,1,True,True,36.987,-10.696,-0.4320,-0.5248,0.7863
cf5_A8_thesis02_2026-10-05_19-23-26.bin,19-23-26,1,True,True,19.085,-11.924,-0.4804,-0.5396,0.5905
cf5_A8_thesis02_2026-10-05_19-23-26.bin,19-23-26,1,True,True,25.000,-9.901,-0.4073,-0.4898,0.7844
cf5_A8_thesis02_2026-10-05_19-23-26.bin,19-23-26,1,True,True,31.063,-11.154,-0.4629,-0.6270,0.6704
cf5_A8_thesis02_2026-10-05_19-23-26.bin,19-23-26,1,True,True,37.021,-11.683,-0.4190,-0.5044,0.8148
cf5_A8rnn1_thesis02_2026-10-05_18-05-08.bin,18-05-08,1,True,False,19.048,-10.792,-0.4924,-0.5757,0.6592
cf5_A8rnn1_thesis02_2026-10-05_18-05-08.bin,18-05-08,1,True,False,25.006,-11.781,-0.5068,-0.5161,0.8384
cf5_A8rnn1_thesis02_2026-10-05_18-05-08.bin,18-05-08,1,True,False,30.996,-9.933,-0.5115,-0.6600,0.6656
cf5_A8rnn1_thesis02_2026-10-05_18-05-08.bin,18-05-08,1,True,False,36.976,-10.827,-0.4514,-0.5387,0.8059
cf5_A8rnn1_thesis03_2026-10-05_18-05-08.bin,18-05-08,1,False,False,19.088,91.756,0.0000,-5.1705,0.5784
cf5_A8rnn1_thesis03_2026-10-05_18-05-08.bin,18-05-08,1,False,False,25.032,91.826,0.0000,-6.3290,0.1784
cf5_A8rnn1_thesis03_2026-10-05_18-05-08.bin,18-05-08,1,False,False,31.044,91.931,0.0000,-6.6971,0.1938
cf5_A8rnn1_thesis03_2026-10-05_18-05-08.bin,18-05-08,1,False,False,37.042,91.555,0.0000,-6.3652,0.2493
cf5_A8rnn1_thesis04_2026-10-05_18-05-09.bin,18-05-09,1,False,False,22.376,-463.734,0.0000,-7.3590,1.6455
cf5_A8rnn1_thesis04_2026-10-05_18-05-09.bin,18-05-09,1,False,False,24.900,-247.933,0.0000,-6.9076,1.9374
cf5_A8rnn1_thesis04_2026-10-05_18-05-09.bin,18-05-09,1,False,False,27.426,-247.919,0.0000,-6.9058,1.9397
cf5_A8rnn1_thesis04_2026-10-05_18-05-09.bin,18-05-09,1,False,False,29.953,-257.921,0.0000,-6.9003,1.9459
