time_ms,pos_x,pos_y,pos_z,vel_x,vel_y,vel_z,roll,pitch,yaw,thrust,vbat,gyro_x,gyro_y,gyro_z,acc_x,acc_y,acc_z,rate_roll,rate_pitch,rate_yaw
0,-0.3019,0.0011,0.0101,-0.0130,0.0034,0.0086,-0.52,0.17,-36.56,0,3.848,-0.130,-0.013,-0.286,0.003,-0.007,0.000,0.000,0.000,0.000
51,-0.3016,0.0009,0.0105,-0.0071,0.0019,0.0084,-0.53,0.18,-36.38,0,3.859,0.284,0.075,-0.079,0.003,-0.009,0.000,0.000,0.000,0.000
101,-0.3023,0.0003,0.0106,-0.0079,-0.0007,0.0074,-0.53,0.20,-36.21,0,3.848,-0.347,0.156,-0.118,0.007,-0.009,0.000,0.000,0.000,0.000
153,-0.3021,0.0015,0.0107,-0.0034,0.0056,0.0058,-0.55,0.16,-36.03,0,3.859,-0.410,0.179,-0.059,0.003,-0.006,0.000,0.000,0.000,0.000
203,-0.3022,0.0013,0.0097,-0.0020,0.0041,0.0008,-0.57,0.14,-35.88,0,3.853,-0.161,-0.014,-0.086,0.004,-0.006,0.000,0.000,0.000,0.000
255,-0.3021,0.0007,0.0084,-0.0003,0.0007,-0.0051,-0.58,0.16,-35.70,0,3.859,0.259,-0.082,-0.326,0.004,-0.008,0.000,0.000,0.000,0.000
306,-0.3024,0.0006,0.0071,-0.0004,0.0008,-0.0089,-0.58,0.15,-35.53,0,3.853,0.134,-0.092,-0.300,0.005,-0.007,0.000,0.000,0.000,0.000
357,-0.3022,0.0002,0.0077,0.0014,-0.0018,-0.0031,-0.55,0.15,-35.36,0,3.859,-0.120,-0.014,0.012,0.003,-0.008,0.000,0.000,0.000,0.000
408,-0.3021,0.0007,0.0073,0.0027,0.0010,-0.0046,-0.61,0.10,-35.19,0,3.848,-0.121,-0.040,0.246,0.006,-0.011,0.000,0.000,0.000,0.000
459,-0.3016,0.0011,0.0075,0.0059,0.0030,-0.0020,-0.54,0.15,-35.02,0,3.859,0.073,0.183,0.001,0.003,-0.009,0.000,0.000,0.000,0.000
510,-0.3017,0.0013,0.0086,0.0049,0.0031,0.0034,-0.56,0.11,-34.85,0,3.848,-0.004,-0.326,0.159,0.003,-0.008,0.000,0.000,0.000,0.000
561,-0.3029,-0.0001,0.0080,-0.0019,-0.0047,-0.0000,-0.53,0.17,-34.68,0,3.859,-0.130,-0.151,0.070,0.006,-0.009,0.000,0.000,0.000,0.000
612,-0.3025,0.0005,0.0071,0.0007,-0.0014,-0.0038,-0.51,0.20,-34.51,0,3.848,-0.229,-0.083,0.281,0.005,-0.010,0.000,0.000,0.000,0.000
663,-0.3017,0.0013,0.0064,0.0054,0.0032,-0.0057,-0.56,0.19,-34.33,0,3.859,-0.226,0.088,-0.029,0.003,-0.011,0.000,0.000,0.000,0.000
714,-0.3021,0.0007,0.0064,0.0026,-0.0010,-0.0043,-0.52,0.20,-34.16,0,3.848,0.016,-0.058,-0.198,0.005,-0.004,0.000,0.000,0.000,0.000
765,-0.3035,-0.0014,0.0076,-0.0038,-0.0106,0.0026,-0.43,0.17,-33.99,0,3.859,0.034,-0.252,0.034,0.004,-0.007,0.000,0.000,0.000,0.000
816,-0.3016,0.0012,0.0100,0.0081,0.0053,0.0130,-0.67,0.15,-33.83,0,3.848,0.154,0.248,-0.040,0.001,-0.010,0.000,0.000,0.000,0.000
866,-0.3013,0.0011,0.0090,0.0080,0.0036,0.0062,-0.53,0.18,-33.65,0,3.859,-0.169,-0.240,-0.012,-0.000,-0.012,0.000,0.000,0.000,0.000
918,-0.3015,0.0012,0.0094,0.0051,0.0037,0.0069,-0.51,0.14,-33.49,0,3.853,0.066,0.200,-0.132,0.005,-0.010,0.000,0.000,0.000,0.000
968,-0.2978,-0.0038,0.0091,0.0216,-0.0212,0.0047,-0.46,-0.04,-33.32,0,3.859,-0.144,-0.036,0.255,0.004,-0.010,0.000,0.000,0.000,0.000
1019,-0.2971,-0.0038,0.0098,0.0215,-0.0170,0.0067,-0.42,-0.01,-33.15,0,3.848,-0.036,-0.339,0.164,0.008,-0.006,0.000,0.000,0.000,0.000
1071,-0.2968,-0.0022,0.0103,0.0205,-0.0040,0.0077,-0.43,0.10,-32.99,0,3.859,-0.110,-0.200,0.011,0.005,-0.009,0.000,0.000,0.000,0.000
1122,-0.2983,-0.0048,0.0096,0.0095,-0.0154,0.0030,-0.47,0.11,-32.82,0,3.848,-0.169,0.006,0.212,0.002,-0.008,0.000,0.000,0.000,0.000
1173,-0.2972,-0.0031,0.0090,0.0127,-0.0032,-0.0001,-0.55,0.13,-32.66,0,3.859,-0.108,-0.207,-0.031,0.002,-0.008,0.000,0.000,0.000,0.000
1223,-0.2974,-0.0028,0.0086,0.0092,0.0003,-0.0019,-0.46,0.14,-32.50,0,3.853,-0.281,-0.025,0.208,0.004,-0.008,0.000,0.000,0.000,0.000
1275,-0.3000,-0.0037,0.0100,-0.0055,-0.0034,0.0050,-0.49,0.27,-32.34,0,3.859,-0.228,0.184,0.087,0.006,-0.007,0.000,0.000,0.000,0.000
1326,-0.3002,-0.0036,0.0087,-0.0054,-0.0025,-0.0017,-0.51,0.21,-32.17,0,3.848,-0.018,0.084,-0.184,0.005,-0.007,0.000,0.000,0.000,0.000
1376,-0.3005,-0.0037,0.0083,-0.0053,-0.0019,-0.0031,-0.48,0.25,-32.02,0,3.859,-0.009,0.079,0.196,0.005,-0.009,0.000,0.000,0.000,0.000
1428,-0.3008,-0.0042,0.0090,-0.0065,-0.0040,0.0005,-0.52,0.23,-31.85,0,3.848,0.138,0.151,-0.014,0.002,-0.010,0.000,0.000,0.000,0.000
1478,-0.3004,-0.0035,0.0096,-0.0032,-0.0002,0.0025,-0.53,0.25,-31.69,0,3.859,-0.284,0.132,0.332,0.004,-0.008,0.000,0.000,0.000,0.000
1530,-0.3000,-0.0030,0.0079,-0.0008,0.0027,-0.0046,-0.52,0.23,-31.53,0,3.848,-0.254,-0.022,0.001,0.003,-0.009,0.000,0.000,0.000,0.000
1581,-0.3021,-0.0051,0.0089,-0.0094,-0.0075,0.0009,-0.37,0.29,-31.38,0,3.859,-0.213,0.023,-0.126,0.004,-0.010,0.000,0.000,0.000,0.000
1632,-0.3021,-0.0027,0.0081,-0.0077,0.0059,-0.0024,-0.59,0.24,-31.22,0,3.848,0.226,0.261,-0.147,0.007,-0.009,0.000,0.000,0.000,0.000
1683,-0.3018,-0.0029,0.0100,-0.0042,0.0035,0.0065,-0.53,0.25,-31.07,0,3.859,0.036,0.082,-0.052,0.004,-0.008,0.000,0.000,0.000,0.000
1733,-0.3018,-0.0028,0.0093,-0.0035,0.0028,0.0023,-0.56,0.24,-30.91,0,3.848,-0.015,0.100,0.052,0.004,-0.009,0.000,0.000,0.000,0.000
1785,-0.3022,-0.0023,0.0098,-0.0049,0.0047,0.0043,-0.56,0.25,-30.76,0,3.859,-0.268,-0.222,-0.058,0.005,-0.005,0.000,0.000,0.000,0.000
1836,-0.3020,-0.0027,0.0086,-0.0022,0.0018,-0.0023,-0.55,0.23,-30.60,0,3.848,-0.109,0.056,0.012,0.006,-0.011,0.000,0.000,0.000,0.000
1887,-0.3021,-0.0026,0.0087,-0.0022,0.0016,-0.0009,-0.53,0.23,-30.45,0,3.859,-0.175,0.002,0.273,0.003,-0.009,0.000,0.000,0.000,0.000
1938,-0.3017,-0.0028,0.0073,0.0004,-0.0003,-0.0067,-0.52,0.24,-30.30,0,3.848,-0.240,0.185,-0.119,0.003,-0.009,0.000,0.000,0.000,0.000
1988,-0.3021,-0.0026,0.0074,-0.0015,0.0008,-0.0047,-0.52,0.22,-30.15,0,3.859,-0.203,-0.169,0.037,0.006,-0.007,0.000,0.000,0.000,0.000
2040,-0.3017,-0.0028,0.0085,0.0016,-0.0005,0.0014,-0.42,0.24,-30.00,0,3.848,-0.072,-0.054,-0.094,0.005,-0.008,0.000,0.000,0.000,0.000
2091,-0.3003,0.0006,0.0090,0.0099,0.0176,0.0032,-0.67,0.21,-29.85,0,3.859,-0.009,0.128,-0.157,0.004,-0.010,0.000,0.000,0.000,0.000
2142,-0.3009,0.0007,0.0087,0.0065,0.0147,0.0011,-0.63,0.17,-29.70,0,3.848,-0.037,-0.034,0.182,0.003,-0.007,0.000,0.000,0.000,0.000
2193,-0.3017,-0.0009,0.0094,0.0008,0.0044,0.0047,-0.55,0.22,-29.56,0,3.859,-0.301,0.265,0.050,0.004,-0.008,0.000,0.000,0.000,0.000
2244,-0.3006,0.0005,0.0104,0.0065,0.0104,0.0087,-0.53,0.17,-29.41,0,3.848,-0.293,-0.200,-0.215,0.003,-0.008,0.000,0.000,0.000,0.000
2295,-0.3013,-0.0006,0.0096,0.0018,0.0035,0.0031,-0.52,0.19,-29.26,0,3.859,0.074,0.084,0.158,0.003,-0.010,0.000,0.000,0.000,0.000
2346,-0.3010,-0.0001,0.0095,0.0031,0.0054,0.0017,-0.49,0.20,-29.11,0,3.848,0.083,0.029,-0.341,0.005,-0.008,0.000,0.000,0.000,0.000
2397,-0.3011,0.0001,0.0079,0.0021,0.0055,-0.0059,-0.48,0.18,-28.97,0,3.859,-0.222,0.123,0.230,0.003,-0.005,0.000,0.000,0.000,0.000
2447,-0.3007,0.0004,0.0072,0.0043,0.0068,-0.0070,-0.31,0.20,-28.82,0,3.848,-0.142,0.178,0.174,0.003,-0.008,0.000,0.000,0.000,0.000
2499,-0.3037,-0.0045,0.0084,-0.0091,-0.0167,-0.0002,-0.36,0.21,-28.68,0,3.859,0.119,0.141,-0.317,0.005,-0.009,0.000,0.000,0.000,0.000
2551,-0.3043,-0.0039,0.0078,-0.0101,-0.0100,-0.0029,-0.42,0.23,-28.54,0,3.848,-0.007,-0.129,-0.107,0.007,-0.006,0.000,0.000,0.000,0.000
2602,-0.3048,-0.0048,0.0068,-0.0104,-0.0125,-0.0072,-0.38,0.21,-28.40,0,3.859,-0.185,0.059,0.196,0.004,-0.007,0.000,0.000,0.000,0.000
2652,-0.3068,-0.0017,0.0066,-0.0195,0.0072,-0.0063,-0.49,0.37,-28.25,0,3.848,-0.120,0.036,-0.030,0.006,-0.009,0.000,0.000,0.000,0.000
2703,-0.3064,-0.0010,0.0076,-0.0138,0.0103,-0.0000,-0.53,0.32,-28.12,0,3.859,-0.049,-0.133,0.013,0.005,-0.009,0.000,0.000,0.000,0.000
2755,-0.3069,-0.0016,0.0083,-0.0126,0.0045,0.0033,-0.54,0.27,-27.98,0,3.848,-0.315,0.055,0.026,0.005,-0.007,0.000,0.000,0.000,0.000
2805,-0.3074,-0.0020,0.0088,-0.0123,0.0008,0.0052,-0.49,0.25,-27.84,0,3.859,0.027,0.078,-0.127,0.007,-0.008,0.000,0.000,0.000,0.000
2857,-0.3072,-0.0014,0.0106,-0.0082,0.0034,0.0127,-0.46,0.27,-27.71,0,3.848,0.112,-0.172,0.243,0.003,-0.008,0.000,0.000,0.000,0.000
2908,-0.3067,-0.0014,0.0099,-0.0029,0.0025,0.0074,-0.51,0.21,-27.57,0,3.859,-0.085,0.142,0.200,0.003,-0.006,0.000,0.000,0.000,0.000
2958,-0.3075,-0.0013,0.0094,-0.0055,0.0029,0.0041,-0.46,0.16,-27.43,0,3.848,-0.274,0.059,0.603,0.005,-0.009,0.000,0.000,0.000,0.000
3010,-0.3072,-0.0012,0.0089,-0.0022,0.0032,0.0013,-0.48,0.20,-27.29,0,3.859,0.252,0.046,-0.207,0.006,-0.009,0.000,0.000,0.000,0.000
3061,-0.3070,-0.0013,0.0086,-0.0002,0.0021,-0.0005,-0.50,0.19,-27.16,0,3.848,0.126,0.191,0.269,0.004,-0.006,0.000,0.000,0.000,0.000
3112,-0.3076,-0.0015,0.0083,-0.0031,0.0005,-0.0024,-0.46,0.20,-27.02,0,3.859,-0.200,0.310,0.015,0.005,-0.008,0.000,0.000,0.000,0.000
3163,-0.3072,-0.0012,0.0081,-0.0000,0.0019,-0.0030,-0.54,0.14,-26.88,0,3.848,-0.039,-0.015,-0.086,0.007,-0.009,0.000,0.000,0.000,0.000
3214,-0.3071,-0.0010,0.0079,0.0009,0.0019,-0.0024,-0.50,0.22,-26.75,0,3.859,0.044,0.076,-0.046,0.006,-0.009,0.000,0.000,0.000,0.000
3264,-0.3070,-0.0013,0.0079,0.0017,0.0006,-0.0019,-0.50,0.15,-26.62,0,3.447,-0.475,0.449,0.822,0.013,-0.010,0.000,0.000,0.000,0.000
3316,-0.3069,-0.0011,0.0079,0.0026,0.0014,-0.0023,-0.49,0.19,-26.54,0,3.531,0.355,-0.381,-0.455,0.006,-0.012,0.000,0.000,0.000,0.000
3367,-0.3070,-0.0004,0.0069,0.0018,0.0088,-0.0059,-0.66,0.06,-26.55,0,3.574,-0.622,-0.201,13.479,0.028,0.022,0.000,0.000,0.000,0.000
3417,-0.3024,-0.0000,0.0064,0.0227,0.0106,-0.0072,-0.45,0.17,-26.03,0,3.605,-1.226,1.122,-5.999,-0.011,-0.006,0.000,0.000,0.000,0.000
3469,-0.3063,-0.0013,0.0065,0.0010,0.0067,-0.0051,-0.43,0.17,-26.43,0,3.605,8.239,-4.550,-7.565,-0.025,0.009,0.000,0.000,0.000,0.000
3520,-0.3073,-0.0014,0.0060,-0.0042,0.0089,-0.0065,-0.48,0.19,-26.81,0,3.621,-0.934,0.630,-4.932,-0.014,-0.012,0.000,0.000,0.000,0.000
3571,-0.3070,-0.0019,0.0057,-0.0017,0.0070,-0.0083,-0.40,0.11,-27.19,0,3.611,-2.530,2.754,12.325,-0.009,-0.021,0.000,0.000,0.000,0.000
3622,-0.3064,-0.0008,0.0067,0.0016,0.0141,0.0007,-0.39,0.17,-26.90,0,3.626,-2.160,1.813,-16.398,0.008,-0.005,0.000,0.000,0.000,0.000
3673,-0.3066,-0.0006,0.0069,0.0017,0.0162,0.0019,-0.57,0.30,-27.52,0,3.616,-2.003,-0.871,0.060,0.007,-0.022,0.000,0.000,0.000,0.000
3724,-0.3024,0.0121,0.0068,0.0248,0.0779,-0.0024,-0.91,0.16,-27.67,0,3.621,1.327,1.061,12.258,-0.004,-0.006,0.000,0.000,0.000,0.000
3775,-0.3007,0.0160,0.0078,0.0293,0.0845,0.0017,-1.00,0.07,-27.32,0,3.611,-3.313,3.639,-5.646,-0.005,-0.020,0.000,0.000,0.000,0.000
3825,-0.2956,0.0240,0.0074,0.0489,0.1102,-0.0000,-1.20,0.06,-27.39,0,3.621,-3.466,1.356,3.565,-0.005,-0.020,0.000,0.000,0.000,0.000
3877,-0.2900,0.0301,0.0066,0.0669,0.1203,-0.0057,-1.16,0.00,-27.18,0,3.605,-1.581,3.573,0.978,-0.004,0.000,0.000,0.000,0.000,0.000
3927,-0.2863,0.0376,0.0065,0.0720,0.1355,-0.0045,-1.20,0.00,-27.03,0,3.611,2.351,-0.681,-4.301,0.008,-0.020,0.000,0.000,0.000,0.000
3979,-0.2842,0.0418,0.0081,0.0679,0.1293,0.0043,-1.06,-0.02,-27.21,0,3.605,-2.136,1.813,-8.367,-0.006,-0.019,0.000,0.000,0.000,0.000
4030,-0.2827,0.0440,0.0081,0.0611,0.1142,0.0061,-0.77,0.07,-27.62,0,3.605,6.882,-5.119,-1.268,0.000,-0.026,0.000,0.000,0.000,0.000
4081,-0.2790,0.0484,0.0076,0.0685,0.1134,0.0033,-0.80,0.01,-27.71,0,3.595,2.988,-2.211,-2.896,-0.003,-0.004,0.000,0.000,0.000,0.000
4132,-0.2733,0.0549,0.0076,0.0837,0.1233,-0.0003,-0.81,-0.07,-27.90,0,3.605,7.357,3.021,-3.333,-0.008,-0.009,0.000,0.000,0.000,0.000
4183,-0.2692,0.0586,0.0083,0.0875,0.1166,0.0112,-0.50,-0.17,-28.11,0,3.589,17.219,-4.271,-10.630,0.009,-0.016,0.000,0.000,0.000,0.000
4234,-0.2636,0.0623,0.0105,0.0952,0.1068,0.0230,0.14,-0.35,-28.48,0,3.595,15.537,1.507,-4.687,0.000,-0.008,0.000,0.000,0.000,0.000
4284,-0.2592,0.0571,0.0111,0.0929,0.0492,0.0237,1.21,-0.46,-28.71,0,3.589,19.629,-3.529,-7.260,-0.004,-0.022,0.000,0.000,0.000,0.000
4336,-0.2564,0.0450,0.0106,0.0818,-0.0358,0.0214,2.84,-0.67,-28.99,0,3.584,12.563,-2.878,-5.088,-0.001,0.000,0.000,0.000,0.000,0.000
4387,-0.2611,0.0212,0.0068,0.0312,-0.1708,-0.0093,4.27,-0.79,-29.15,0,3.568,-20.865,-1.654,-0.463,-0.002,-0.016,0.000,0.000,0.000,0.000
4438,-0.2738,-0.0146,-0.0024,-0.0503,-0.3416,-0.0673,4.80,-0.76,-29.05,0,3.563,-102.945,-26.443,-2.464,-0.016,-0.010,0.000,0.000,0.000,0.000
4489,-0.2870,-0.0512,-0.0090,-0.1115,-0.4640,-0.0952,0.69,0.45,-29.15,0,3.531,-13.741,19.097,-3.844,-0.002,-0.036,0.000,0.000,0.000,0.000
4539,-0.3032,-0.0778,-0.0033,-0.1703,-0.4845,-0.0067,0.12,-0.25,-28.89,0,3.568,-120.221,-28.342,-2.138,-0.003,-0.031,0.000,0.000,0.000,0.000
4591,-0.3128,-0.0993,0.0052,-0.1694,-0.4589,0.0552,-5.96,1.23,-28.95,0,3.563,-51.182,7.439,-3.563,0.005,-0.024,0.000,0.000,0.000,0.000
4642,-0.3167,-0.1078,0.0095,-0.1287,-0.3337,0.0877,-9.76,1.36,-29.06,0,3.568,51.710,9.357,-5.755,0.001,-0.029,0.000,0.000,0.000,0.000
4693,-0.3096,-0.0833,0.0085,-0.0332,-0.0522,0.0597,-9.88,1.72,-29.47,0,3.547,83.021,-1.007,-4.047,-0.002,-0.038,0.000,0.000,0.000,0.000
4744,-0.2856,-0.0142,-0.0211,0.1141,0.3528,-0.1097,-9.05,2.11,-29.48,0,3.531,132.408,28.737,-4.411,-0.005,-0.030,0.000,0.000,0.000,0.000
4794,-0.2780,0.0083,-0.0178,0.1414,0.4369,-0.0632,-1.66,0.86,-29.80,0,3.516,145.779,45.632,-7.316,-0.005,-0.037,0.000,0.000,0.000,0.000
4846,-0.2696,0.0350,-0.0124,0.1504,0.4806,0.0021,4.95,-1.15,-30.03,0,3.542,14.324,-9.938,-4.050,0.011,-0.019,0.000,0.000,0.000,0.000
4897,-0.2598,0.0720,-0.0125,0.1527,0.5155,0.0185,5.73,-1.16,-30.20,0,3.531,14.456,17.638,-1.654,-0.013,-0.007,0.000,0.000,0.000,0.000
4947,-0.2535,0.0984,-0.0002,0.1258,0.4628,0.0888,6.27,-1.46,-30.30,0,3.547,67.042,20.122,4.251,0.007,-0.011,0.000,0.000,0.000,0.000
4999,-0.2499,0.1160,0.0153,0.0925,0.3672,0.1551,9.48,-2.71,-29.94,0,3.547,-10.956,-7.622,2.993,-0.003,-0.019,0.000,0.000,0.000,0.000
5050,-0.2492,0.1172,0.0278,0.0507,0.1970,0.1775,11.28,-2.94,-29.87,0,3.552,-58.682,-11.555,6.587,-0.011,-0.006,0.000,0.000,0.000,0.000
5101,-0.2504,0.1040,0.0341,0.0100,0.0037,0.1584,9.28,-2.71,-29.99,0,3.537,-53.134,-21.191,9.092,-0.003,-0.003,0.000,0.000,0.000,0.000
5151,-0.2534,0.0795,0.0358,-0.0248,-0.1795,0.1212,7.05,-1.95,-29.69,0,3.531,-66.490,-36.351,8.609,-0.005,-0.007,0.000,0.000,0.000,0.000
5203,-0.2596,0.0580,0.0384,-0.0620,-0.2858,0.0975,4.81,-0.38,-29.30,0,3.521,-96.679,-3.511,4.749,-0.008,0.004,0.000,0.000,0.000,0.000
5254,-0.2687,0.0251,0.0350,-0.1039,-0.4011,0.0607,0.59,0.18,-29.02,0,3.521,-59.481,-24.519,0.779,0.007,0.003,0.000,0.000,0.000,0.000
5305,-0.2758,-0.0017,0.0412,-0.1151,-0.4296,0.0932,-2.72,1.15,-28.94,0,3.516,-32.063,-9.814,-2.611,-0.004,-0.002,0.000,0.000,0.000,0.000
5356,-0.2808,-0.0223,0.0504,-0.1070,-0.3951,0.1456,-4.37,1.78,-29.00,0,3.531,-35.663,-6.340,-5.141,-0.001,0.002,0.000,0.000,0.000,0.000
5407,-0.2862,-0.0403,0.0604,-0.0996,-0.3420,0.1843,-6.57,2.12,-29.16,0,3.521,-15.754,-2.673,-2.004,-0.009,-0.000,0.000,0.000,0.000,0.000
5458,-0.2893,-0.0481,0.0701,-0.0792,-0.2406,0.2062,-7.92,2.66,-29.21,0,3.531,32.658,24.559,-5.746,-0.004,-0.005,0.000,0.000,0.000,0.000
5508,-0.2917,-0.0528,0.0795,-0.0591,-0.1456,0.2085,-7.14,1.82,-29.52,0,3.521,29.588,-1.351,-1.024,-0.012,-0.015,0.000,0.000,0.000,0.000
5560,-0.2921,-0.0549,0.0884,-0.0337,-0.0714,0.2053,-5.73,1.81,-29.48,0,3.521,22.118,8.384,-2.674,-0.005,-0.014,0.000,0.000,0.000,0.000
5611,-0.2919,-0.0443,0.0960,-0.0166,0.0357,0.2033,-5.06,1.73,-29.63,0,3.516,7.146,25.422,-1.534,-0.008,-0.019,0.000,0.000,0.000,0.000
5661,-0.2901,-0.0374,0.1024,0.0038,0.0980,0.1892,-4.59,0.77,-29.66,0,3.516,21.972,6.932,-0.307,0.008,-0.014,0.000,0.000,0.000,0.000
5712,-0.2879,-0.0373,0.1109,0.0270,0.1071,0.1947,-3.54,-0.03,-29.61,0,3.510,26.921,-4.057,1.367,-0.001,-0.021,0.000,0.000,0.000,0.000
5764,-0.2859,-0.0293,0.1184,0.0428,0.1415,0.1957,-2.40,0.05,-29.54,0,3.516,17.199,-0.066,1.451,0.000,-0.019,0.000,0.000,0.000,0.000
5815,-0.2817,-0.0181,0.1263,0.0598,0.1762,0.1971,-1.58,0.13,-29.53,0,3.510,14.445,4.873,2.628,0.005,-0.023,0.000,0.000,0.000,0.000
5866,-0.2784,-0.0081,0.1342,0.0665,0.1919,0.2013,-0.92,-0.09,-29.41,0,3.521,22.803,3.756,1.661,-0.001,-0.023,0.000,0.000,0.000,0.000
5917,-0.2749,0.0011,0.1440,0.0709,0.1937,0.2118,0.21,-0.31,-29.33,0,3.510,11.804,-2.852,2.088,0.003,-0.020,0.000,0.000,0.000,0.000
5967,-0.2715,0.0117,0.1532,0.0713,0.1937,0.2148,0.96,-0.30,-29.22,0,3.521,5.374,-3.943,0.970,0.003,-0.021,0.000,0.000,0.000,0.000
6018,-0.2662,0.0198,0.1624,0.0761,0.1797,0.2142,1.34,-0.10,-29.17,0,3.516,2.803,-2.723,0.994,0.004,-0.021,0.000,0.000,0.000,0.000
6070,-0.2620,0.0288,0.1745,0.0728,0.1700,0.2243,1.50,0.00,-29.12,0,3.526,1.040,-4.582,0.967,0.001,-0.024,0.000,0.000,0.000,0.000
6121,-0.2582,0.0383,0.1878,0.0671,0.1633,0.2344,1.56,0.24,-29.10,0,3.526,-5.066,-3.822,1.219,-0.004,-0.023,0.000,0.000,0.000,0.000
6172,-0.2549,0.0474,0.2033,0.0594,0.1577,0.2466,1.38,0.38,-29.04,0,3.531,3.016,1.276,1.394,0.005,-0.018,0.000,0.000,0.000,0.000
6223,-0.2521,0.0551,0.2140,0.0513,0.1489,0.2308,1.37,0.41,-28.95,0,3.526,-2.869,-2.650,2.000,-0.000,-0.012,0.000,0.000,0.000,0.000
6274,-0.2495,0.0627,0.2271,0.0435,0.1423,0.2251,1.23,0.54,-28.85,0,3.537,-3.129,-4.638,1.624,0.005,-0.018,0.000,0.000,0.000,0.000
6325,-0.2478,0.0702,0.2373,0.0337,0.1376,0.2062,1.06,0.73,-28.77,0,3.526,-2.821,-0.976,1.351,-0.003,-0.015,0.000,0.000,0.000,0.000
6376,-0.2459,0.0774,0.2490,0.0257,0.1345,0.1980,0.90,0.82,-28.68,0,3.537,-6.268,-0.370,1.230,0.001,-0.019,0.000,0.000,0.000,0.000
6427,-0.2448,0.0841,0.2585,0.0165,0.1316,0.1796,0.66,0.82,-28.61,0,3.526,-4.017,2.426,0.791,0.003,-0.015,0.000,0.000,0.000,0.000
6478,-0.2444,0.0903,0.2664,0.0076,0.1294,0.1585,0.41,0.75,-28.56,0,3.531,-5.027,0.832,0.536,0.006,-0.014,0.000,0.000,0.000,0.000
6529,-0.2435,0.0988,0.2740,0.0026,0.1358,0.1402,0.12,0.74,-28.53,0,3.521,-2.255,-0.007,0.176,0.002,-0.015,0.000,0.000,0.000,0.000
6580,-0.2435,0.1036,0.2796,-0.0021,0.1355,0.1279,0.00,0.70,-28.50,0,3.526,-0.596,1.291,0.556,0.004,-0.016,0.000,0.000,0.000,0.000
6631,-0.2438,0.1126,0.2857,-0.0081,0.1409,0.1050,-0.07,0.62,-28.45,0,3.516,-0.418,1.895,1.609,0.005,-0.015,0.000,0.000,0.000,0.000
6682,-0.2440,0.1184,0.2892,-0.0114,0.1399,0.0858,-0.06,0.54,-28.42,0,3.521,1.011,-2.456,0.528,0.003,-0.016,0.000,0.000,0.000,0.000
6733,-0.2441,0.1242,0.2900,-0.0134,0.1424,0.0655,-0.04,0.57,-28.38,0,3.510,2.169,0.663,0.446,0.003,-0.014,0.000,0.000,0.000,0.000
6784,-0.2441,0.1313,0.2895,-0.0154,0.1447,0.0420,-0.00,0.51,-28.35,0,3.516,-0.814,-3.218,0.780,0.006,-0.012,0.000,0.000,0.000,0.000
6835,-0.2446,0.1370,0.2914,-0.0185,0.1427,0.0386,0.06,0.49,-28.34,0,3.505,0.091,-1.414,0.958,0.001,-0.014,0.000,0.000,0.000,0.000
6886,-0.2450,0.1458,0.2928,-0.0207,0.1486,0.0377,0.06,0.52,-28.30,0,3.510,0.806,1.785,0.021,0.001,-0.016,0.000,0.000,0.000,0.000
6937,-0.2458,0.1534,0.2955,-0.0241,0.1505,0.0450,0.13,0.51,-28.30,0,3.505,2.848,1.035,-0.506,0.003,-0.015,0.000,0.000,0.000,0.000
6988,-0.2473,0.1603,0.2977,-0.0289,0.1495,0.0500,0.23,0.49,-28.30,0,3.516,0.347,1.498,0.421,0.002,-0.016,0.000,0.000,0.000,0.000
7039,-0.2486,0.1691,0.3005,-0.0329,0.1527,0.0556,0.29,0.48,-28.30,0,3.505,2.018,-0.423,-0.670,-0.000,-0.012,0.000,0.000,0.000,0.000
7090,-0.2518,0.1761,0.3026,-0.0410,0.1507,0.0547,0.35,0.47,-28.30,0,3.516,0.472,0.863,0.367,0.006,-0.017,0.000,0.000,0.000,0.000
7141,-0.2540,0.1866,0.3070,-0.0463,0.1563,0.0650,0.42,0.48,-28.30,0,3.510,1.054,-2.341,-0.323,0.007,-0.014,0.000,0.000,0.000,0.000
7191,-0.2588,0.1927,0.3121,-0.0566,0.1513,0.0755,0.53,0.39,-28.34,0,3.516,-0.622,-1.789,0.133,0.007,-0.012,0.000,0.000,0.000,0.000
7243,-0.2615,0.1992,0.3151,-0.0615,0.1467,0.0699,0.62,0.36,-28.37,0,3.510,-1.956,0.360,-0.187,0.004,-0.015,0.000,0.000,0.000,0.000
7294,-0.2681,0.2075,0.3187,-0.0738,0.1461,0.0667,0.55,0.30,-28.37,0,3.516,0.517,3.232,-0.552,0.007,-0.015,0.000,0.000,0.000,0.000
7345,-0.2711,0.2119,0.3213,-0.0764,0.1370,0.0593,0.55,0.19,-28.36,0,3.510,-1.148,6.341,0.817,0.007,-0.015,0.000,0.000,0.000,0.000
7395,-0.2755,0.2161,0.3219,-0.0810,0.1284,0.0453,0.53,0.12,-28.33,0,3.510,-1.812,-2.784,0.732,0.006,-0.015,0.000,0.000,0.000,0.000
7447,-0.2792,0.2218,0.3254,-0.0831,0.1236,0.0483,0.44,0.13,-28.29,0,3.505,-1.914,1.609,0.951,-0.000,-0.012,0.000,0.000,0.000,0.000
7497,-0.2838,0.2251,0.3286,-0.0867,0.1153,0.0509,0.35,0.13,-28.24,0,3.516,-1.793,0.461,1.336,0.006,-0.013,0.000,0.000,0.000,0.000
7549,-0.2875,0.2274,0.3323,-0.0877,0.1061,0.0543,0.29,0.23,-28.18,0,3.510,-6.128,-3.250,1.017,0.002,-0.012,0.000,0.000,0.000,0.000
7599,-0.2920,0.2313,0.3343,-0.0906,0.1021,0.0479,0.13,0.28,-28.12,0,3.510,-3.545,1.537,0.756,0.005,-0.011,0.000,0.000,0.000,0.000
7651,-0.2965,0.2351,0.3343,-0.0931,0.0996,0.0346,0.03,0.29,-28.09,0,3.505,-0.247,-2.376,0.663,0.004,-0.011,0.000,0.000,0.000,0.000
7702,-0.3022,0.2379,0.3365,-0.0974,0.0962,0.0350,-0.06,0.36,-28.05,0,3.510,-2.115,-2.502,0.830,0.008,-0.012,0.000,0.000,0.000,0.000
7752,-0.3055,0.2427,0.3397,-0.0967,0.0980,0.0399,-0.09,0.37,-28.03,0,3.505,-0.474,1.535,0.605,0.005,-0.010,0.000,0.000,0.000,0.000
7803,-0.3113,0.2469,0.3409,-0.1006,0.0985,0.0343,-0.10,0.33,-28.00,0,3.510,0.892,-0.389,0.581,0.007,-0.011,0.000,0.000,0.000,0.000
7855,-0.3147,0.2508,0.3420,-0.0993,0.0985,0.0294,-0.09,0.28,-27.97,0,3.505,-0.230,1.392,0.161,0.005,-0.010,0.000,0.000,0.000,0.000
7906,-0.3199,0.2573,0.3426,-0.1015,0.1033,0.0245,-0.07,0.32,-27.97,0,3.510,0.915,0.851,0.973,0.008,-0.012,0.000,0.000,0.000,0.000
7957,-0.3240,0.2615,0.3439,-0.1014,0.1031,0.0236,-0.02,0.24,-27.93,0,3.505,1.810,1.800,0.403,0.006,-0.011,0.000,0.000,0.000,0.000
8008,-0.3315,0.2656,0.3444,-0.1076,0.1017,0.0208,0.10,0.17,-27.90,0,3.510,3.213,-0.541,0.126,0.007,-0.011,0.000,0.000,0.000,0.000
8059,-0.3369,0.2709,0.3461,-0.1091,0.1020,0.0233,0.23,0.19,-27.86,0,3.500,1.884,-0.092,0.618,0.006,-0.008,0.000,0.000,0.000,0.000
8110,-0.3414,0.2752,0.3475,-0.1096,0.0995,0.0230,0.29,0.24,-27.82,0,3.510,2.583,1.220,0.407,0.004,-0.015,0.000,0.000,0.000,0.000
8160,-0.3480,0.2794,0.3492,-0.1146,0.0968,0.0245,0.40,0.18,-27.79,0,3.505,0.492,-1.223,1.798,0.003,-0.010,0.000,0.000,0.000,0.000
8211,-0.3527,0.2842,0.3486,-0.1155,0.0946,0.0154,0.42,0.20,-27.71,0,3.505,2.066,-1.084,1.889,0.001,-0.012,0.000,0.000,0.000,0.000
8262,-0.3589,0.2891,0.3494,-0.1193,0.0926,0.0154,0.52,0.26,-27.61,0,3.500,-0.489,-1.063,1.634,0.004,-0.010,0.000,0.000,0.000,0.000
8314,-0.3645,0.2947,0.3508,-0.1227,0.0920,0.0179,0.51,0.37,-27.52,0,3.505,1.215,1.506,2.701,0.002,-0.007,0.000,0.000,0.000,0.000
8365,-0.3721,0.3001,0.3498,-0.1298,0.0912,0.0105,0.56,0.29,-27.39,0,3.500,1.813,3.288,2.377,0.005,-0.010,0.000,0.000,0.000,0.000
8416,-0.3788,0.3038,0.3519,-0.1344,0.0863,0.0190,0.61,0.09,-27.24,0,3.505,0.910,0.591,3.710,-0.001,-0.009,0.000,0.000,0.000,0.000
8467,-0.3857,0.3080,0.3509,-0.1377,0.0821,0.0106,0.65,0.04,-27.07,0,3.494,1.174,0.336,4.131,0.001,-0.011,0.000,0.000,0.000,0.000
8518,-0.3928,0.3129,0.3514,-0.1406,0.0790,0.0114,0.71,0.02,-26.87,0,3.505,-1.552,2.420,3.492,0.004,-0.013,0.000,0.000,0.000,0.000
8568,-0.4010,0.3179,0.3507,-0.1457,0.0762,0.0068,0.64,-0.03,-26.67,0,3.494,-2.059,2.065,4.176,0.008,-0.012,0.000,0.000,0.000,0.000
8619,-0.4102,0.3224,0.3512,-0.1517,0.0727,0.0096,0.55,-0.09,-26.47,0,3.505,1.849,2.241,4.488,0.002,-0.010,0.000,0.000,0.000,0.000
8671,-0.4182,0.3242,0.3540,-0.1540,0.0643,0.0216,0.69,-0.20,-26.28,0,3.500,1.157,-0.371,3.824,0.009,-0.010,0.000,0.000,0.000,0.000
8721,-0.4242,0.3296,0.3549,-0.1513,0.0628,0.0206,0.79,-0.28,-26.09,0,3.500,0.033,1.514,2.418,0.006,-0.010,0.000,0.000,0.000,0.000
8773,-0.4297,0.3319,0.3544,-0.1478,0.0546,0.0124,0.74,-0.29,-25.92,0,3.494,1.181,-1.523,3.315,0.007,-0.015,0.000,0.000,0.000,0.000
8824,-0.4404,0.3339,0.3552,-0.1547,0.0461,0.0116,0.84,-0.24,-25.74,0,3.500,-0.339,0.343,2.611,0.005,-0.006,0.000,0.000,0.000,0.000
8875,-0.4493,0.3387,0.3561,-0.1585,0.0443,0.0131,0.84,-0.21,-25.58,0,3.494,-2.264,3.843,3.414,0.002,-0.010,0.000,0.000,0.000,0.000
8925,-0.4559,0.3403,0.3581,-0.1569,0.0360,0.0188,0.76,-0.32,-25.42,0,3.505,-0.780,-0.529,2.512,0.007,-0.010,0.000,0.000,0.000,0.000
8976,-0.4685,0.3423,0.3583,-0.1667,0.0296,0.0142,0.66,-0.34,-25.27,0,3.494,-2.172,0.479,2.524,0.004,-0.010,0.000,0.000,0.000,0.000
9028,-0.4734,0.3448,0.3562,-0.1596,0.0259,0.0001,0.53,-0.36,-25.17,0,3.500,-0.749,-0.975,2.108,0.005,-0.012,0.000,0.000,0.000,0.000
9078,-0.4818,0.3451,0.3586,-0.1597,0.0187,0.0112,0.49,-0.29,-25.07,0,3.494,1.392,-1.514,0.774,0.002,-0.009,0.000,0.000,0.000,0.000
9130,-0.4926,0.3468,0.3597,-0.1652,0.0154,0.0126,0.57,-0.20,-25.03,0,3.500,0.096,1.229,1.320,-0.000,-0.011,0.000,0.000,0.000,0.000
9181,-0.5026,0.3476,0.3599,-0.1691,0.0107,0.0082,0.58,-0.21,-24.99,0,3.494,0.793,2.213,0.792,0.002,-0.011,0.000,0.000,0.000,0.000
9231,-0.5095,0.3476,0.3597,-0.1663,0.0045,0.0036,0.56,-0.37,-24.95,0,3.500,-2.245,1.037,0.767,0.003,-0.011,0.000,0.000,0.000,0.000
9282,-0.5170,0.3474,0.3604,-0.1634,-0.0018,0.0043,0.49,-0.45,-24.90,0,3.494,-1.955,-0.928,0.679,0.001,-0.009,0.000,0.000,0.000,0.000
9333,-0.5256,0.3495,0.3604,-0.1625,-0.0023,0.0015,0.39,-0.37,-24.88,0,3.500,3.871,-0.255,-0.149,0.003,-0.006,0.000,0.000,0.000,0.000
9385,-0.5327,0.3487,0.3607,-0.1589,-0.0081,0.0004,0.52,-0.38,-24.83,0,3.489,6.599,1.367,0.451,0.002,-0.010,0.000,0.000,0.000,0.000
9435,-0.5407,0.3499,0.3598,-0.1582,-0.0099,-0.0064,0.66,-0.44,-24.79,0,3.494,-5.726,-1.652,0.469,0.007,-0.010,0.000,0.000,0.000,0.000
9487,-0.5507,0.3501,0.3581,-0.1614,-0.0149,-0.0144,0.62,-0.43,-24.76,0,3.489,-3.253,-0.838,0.504,0.001,-0.009,0.000,0.000,0.000,0.000
9538,-0.5573,0.3502,0.3580,-0.1573,-0.0186,-0.0109,0.44,-0.41,-24.74,0,3.500,4.130,3.784,0.515,0.003,-0.008,0.000,0.000,0.000,0.000
9588,-0.5691,0.3497,0.3570,-0.1641,-0.0229,-0.0127,0.54,-0.50,-24.71,0,3.489,2.563,1.936,0.749,0.006,-0.013,0.000,0.000,0.000,0.000
9639,-0.5757,0.3480,0.3560,-0.1588,-0.0300,-0.0129,0.63,-0.65,-24.66,0,3.494,-5.666,-2.110,-0.065,0.000,-0.012,0.000,0.000,0.000,0.000
9691,-0.5830,0.3502,0.3564,-0.1547,-0.0292,-0.0072,0.48,-0.59,-24.66,0,3.489,0.900,1.820,0.259,0.002,-0.010,0.000,0.000,0.000,0.000
9742,-0.5927,0.3466,0.3554,-0.1557,-0.0390,-0.0091,0.55,-0.57,-24.64,0,3.494,0.695,3.019,-0.069,0.004,-0.009,0.000,0.000,0.000,0.000
9793,-0.6009,0.3456,0.3544,-0.1539,-0.0432,-0.0109,0.59,-0.66,-24.66,0,3.489,-3.530,-1.520,-0.988,0.004,-0.010,0.000,0.000,0.000,0.000
9844,-0.6105,0.3410,0.3543,-0.1547,-0.0543,-0.0080,0.48,-0.58,-24.71,0,3.494,-1.226,2.023,-0.951,0.000,-0.009,0.000,0.000,0.000,0.000
9894,-0.6204,0.3359,0.3548,-0.1564,-0.0644,-0.0032,0.41,-0.56,-24.76,0,3.489,0.492,2.091,-0.774,0.002,-0.007,0.000,0.000,0.000,0.000
9945,-0.6267,0.3322,0.3548,-0.1505,-0.0705,-0.0011,0.41,-0.67,-24.79,0,3.494,-5.401,-2.466,-1.535,0.003,-0.007,0.000,0.000,0.000,0.000
9997,-0.6328,0.3289,0.3544,-0.1439,-0.0752,-0.0029,0.26,-0.59,-24.86,0,3.484,-2.578,-1.200,-0.716,0.001,-0.009,0.000,0.000,0.000,0.000
10048,-0.6382,0.3252,0.3536,-0.1364,-0.0784,-0.0060,0.10,-0.51,-24.92,0,3.494,1.246,1.476,-1.285,0.006,-0.008,0.000,0.000,0.000,0.000
10099,-0.6503,0.3164,0.3525,-0.1437,-0.0908,-0.0082,0.18,-0.53,-24.98,0,3.484,-0.728,0.295,-0.505,0.003,-0.009,0.000,0.000,0.000,0.000
10150,-0.6574,0.3116,0.3509,-0.1401,-0.0950,-0.0138,0.21,-0.57,-25.01,0,3.494,-3.753,-0.353,-0.331,0.005,-0.011,0.000,0.000,0.000,0.000
10200,-0.6641,0.3084,0.3508,-0.1354,-0.0949,-0.0100,0.05,-0.56,-25.04,0,3.484,-2.365,-0.129,-0.611,0.005,-0.009,0.000,0.000,0.000,0.000
10251,-0.6729,0.3003,0.3505,-0.1349,-0.1034,-0.0073,-0.06,-0.58,-25.08,0,3.494,0.327,1.069,-0.708,0.001,-0.011,0.000,0.000,0.000,0.000
10302,-0.6838,0.2935,0.3514,-0.1396,-0.1086,-0.0003,-0.03,-0.60,-25.11,0,3.484,2.261,-0.096,-0.359,0.004,-0.009,0.000,0.000,0.000,0.000
10353,-0.6900,0.2888,0.3497,-0.1333,-0.1090,-0.0070,0.05,-0.62,-25.14,0,3.489,-0.904,1.554,-1.189,0.003,-0.008,0.000,0.000,0.000,0.000
10405,-0.7004,0.2813,0.3460,-0.1368,-0.1158,-0.0205,0.10,-0.64,-25.19,0,3.479,-3.877,0.507,-1.287,0.006,-0.012,0.000,0.000,0.000,0.000
10456,-0.7038,0.2776,0.3452,-0.1251,-0.1142,-0.0162,-0.15,-0.69,-25.24,0,3.489,-2.845,-0.537,-1.060,0.005,-0.012,0.000,0.000,0.000,0.000
10507,-0.7080,0.2728,0.3440,-0.1148,-0.1130,-0.0127,-0.37,-0.72,-25.32,0,3.479,3.992,-1.440,-1.913,-0.001,-0.007,0.000,0.000,0.000,0.000
10558,-0.7129,0.2686,0.3451,-0.1064,-0.1096,-0.0003,-0.27,-0.68,-25.40,0,3.489,3.771,-2.278,-1.085,0.000,-0.008,0.000,0.000,0.000,0.000
10608,-0.7196,0.2606,0.3461,-0.1037,-0.1153,0.0081,-0.07,-0.57,-25.46,0,3.484,0.117,-1.034,-0.667,0.002,-0.013,0.000,0.000,0.000,0.000
10660,-0.7240,0.2553,0.3470,-0.0974,-0.1157,0.0115,-0.04,-0.52,-25.48,0,3.489,-0.343,1.013,-1.012,0.003,-0.011,0.000,0.000,0.000,0.000
10711,-0.7275,0.2500,0.3465,-0.0902,-0.1160,0.0078,-0.06,-0.55,-25.53,0,3.484,0.902,-1.571,-3.002,0.008,-0.009,0.000,0.000,0.000,0.000
10762,-0.7299,0.2463,0.3462,-0.0818,-0.1130,0.0054,-0.07,-0.50,-25.65,0,3.494,2.097,-4.005,-2.579,0.004,-0.009,0.000,0.000,0.000,0.000
10813,-0.7325,0.2407,0.3487,-0.0773,-0.1164,0.0175,0.02,-0.31,-25.78,0,3.484,5.114,-2.224,-3.551,0.003,-0.009,0.000,0.000,0.000,0.000
10863,-0.7365,0.2338,0.3491,-0.0752,-0.1198,0.0147,0.18,-0.23,-25.93,0,3.489,-2.248,-1.400,-3.453,0.003,-0.012,0.000,0.000,0.000,0.000
10915,-0.7402,0.2277,0.3491,-0.0739,-0.1220,0.0092,0.09,-0.16,-26.12,0,3.484,0.814,0.253,-2.955,0.004,-0.009,0.000,0.000,0.000,0.000
10965,-0.7437,0.2203,0.3513,-0.0725,-0.1261,0.0159,0.11,-0.18,-26.28,0,3.489,1.880,0.397,-2.392,0.003,-0.012,0.000,0.000,0.000,0.000
11017,-0.7471,0.2156,0.3522,-0.0713,-0.1242,0.0141,0.17,-0.21,-26.40,0,3.484,-2.124,4.110,-1.059,-0.003,-0.009,0.000,0.000,0.000,0.000
11068,-0.7530,0.2046,0.3517,-0.0734,-0.1338,0.0048,0.13,-0.37,-26.48,0,3.489,-0.075,3.084,-0.521,0.010,-0.010,0.000,0.000,0.000,0.000
11119,-0.7571,0.1999,0.3520,-0.0738,-0.1342,0.0041,0.09,-0.51,-26.52,0,3.484,-2.564,-0.720,0.865,0.005,-0.010,0.000,0.000,0.000,0.000
11170,-0.7629,0.1928,0.3506,-0.0728,-0.1356,-0.0054,-0.02,-0.53,-26.47,0,3.489,-0.174,-0.222,2.058,0.004,-0.009,0.000,0.000,0.000,0.000
11221,-0.7639,0.1894,0.3495,-0.0637,-0.1304,-0.0107,-0.07,-0.49,-26.37,0,3.479,0.012,3.141,2.490,0.003,-0.012,0.000,0.000,0.000,0.000
11272,-0.7649,0.1858,0.3484,-0.0573,-0.1280,-0.0150,-0.11,-0.61,-26.25,0,3.484,3.619,0.382,1.498,0.001,-0.010,0.000,0.000,0.000,0.000
11322,-0.7689,0.1784,0.3481,-0.0550,-0.1316,-0.0124,0.03,-0.65,-26.17,0,3.479,1.545,-2.506,0.563,-0.002,-0.012,0.000,0.000,0.000,0.000
11373,-0.7722,0.1721,0.3476,-0.0516,-0.1337,-0.0102,0.11,-0.54,-26.14,0,3.489,-0.698,-1.856,0.975,0.002,-0.013,0.000,0.000,0.000,0.000
11424,-0.7741,0.1669,0.3474,-0.0467,-0.1333,-0.0078,0.14,-0.49,-26.10,0,3.479,1.572,0.156,1.236,0.004,-0.010,0.000,0.000,0.000,0.000
11475,-0.7753,0.1580,0.3469,-0.0411,-0.1404,-0.0078,0.17,-0.53,-26.04,0,3.489,-1.047,0.183,1.978,0.003,-0.008,0.000,0.000,0.000,0.000
11527,-0.7773,0.1518,0.3457,-0.0375,-0.1418,-0.0119,0.20,-0.56,-25.94,0,3.479,-0.098,-4.114,1.145,0.002,-0.008,0.000,0.000,0.000,0.000
11578,-0.7804,0.1422,0.3458,-0.0368,-0.1502,-0.0081,0.18,-0.44,-25.86,0,3.484,-0.543,-2.779,2.089,0.002,-0.010,0.000,0.000,0.000,0.000
11629,-0.7800,0.1382,0.3446,-0.0296,-0.1458,-0.0133,0.17,-0.30,-25.77,0,3.479,-2.129,1.717,0.833,0.003,-0.006,0.000,0.000,0.000,0.000
11679,-0.7797,0.1341,0.3433,-0.0241,-0.1415,-0.0172,0.04,-0.32,-25.72,0,3.484,-0.266,1.692,-0.742,0.006,-0.010,0.000,0.000,0.000,0.000
11731,-0.7811,0.1261,0.3424,-0.0221,-0.1447,-0.0175,0.00,-0.39,-25.73,0,3.473,3.275,-0.470,-2.299,0.005,-0.010,0.000,0.000,0.000,0.000
11782,-0.7843,0.1172,0.3420,-0.0237,-0.1496,-0.0159,0.12,-0.37,-25.83,0,3.479,-1.747,-5.726,-1.402,0.005,-0.011,0.000,0.000,0.000,0.000
11833,-0.7877,0.1069,0.3389,-0.0263,-0.1580,-0.0263,0.15,-0.24,-25.92,0,3.473,-3.970,0.435,-2.020,0.002,-0.009,0.000,0.000,0.000,0.000
11884,-0.7847,0.1022,0.3404,-0.0156,-0.1530,-0.0125,-0.11,-0.31,-26.01,0,3.484,-0.318,5.332,-1.040,0.002,-0.009,0.000,0.000,0.000,0.000
11935,-0.7874,0.0917,0.3392,-0.0168,-0.1597,-0.0128,-0.07,-0.56,-26.08,0,3.473,1.886,2.350,-0.339,0.003,-0.013,0.000,0.000,0.000,0.000
11986,-0.7899,0.0835,0.3372,-0.0160,-0.1616,-0.0171,0.03,-0.60,-26.12,0,3.479,-0.229,2.573,0.701,-0.002,-0.011,0.000,0.000,0.000,0.000
12037,-0.7887,0.0790,0.3369,-0.0072,-0.1558,-0.0123,-0.10,-0.57,-26.09,0,3.473,-2.222,-2.720,1.523,0.001,-0.010,0.000,0.000,0.000,0.000
12088,-0.7896,0.0710,0.3380,-0.0039,-0.1576,-0.0023,-0.23,-0.46,-26.01,0,3.484,-2.823,-0.938,2.272,0.003,-0.012,0.000,0.000,0.000,0.000
12139,-0.7884,0.0611,0.3369,0.0031,-0.1627,-0.0055,-0.24,-0.42,-25.91,0,3.473,-2.183,0.778,3.436,-0.000,-0.011,0.000,0.000,0.000,0.000
12189,-0.7875,0.0545,0.3368,0.0090,-0.1587,-0.0041,-0.42,-0.47,-25.77,0,3.479,-3.276,-0.327,2.957,-0.000,-0.008,0.000,0.000,0.000,0.000
12241,-0.7887,0.0470,0.3353,0.0101,-0.1563,-0.0094,-0.59,-0.43,-25.63,0,3.473,-5.285,2.683,2.659,-0.002,-0.011,0.000,0.000,0.000,0.000
12291,-0.7860,0.0386,0.3358,0.0200,-0.1548,-0.0038,-0.69,-0.49,-25.50,0,3.473,-2.983,1.873,3.542,0.001,-0.014,0.000,0.000,0.000,0.000
12343,-0.7852,0.0313,0.3324,0.0253,-0.1505,-0.0169,-0.64,-0.43,-25.37,0,3.468,-1.882,-2.257,1.702,0.002,-0.010,0.000,0.000,0.000,0.000
12393,-0.7843,0.0262,0.3326,0.0297,-0.1418,-0.0086,-0.64,-0.29,-25.27,0,3.479,-1.671,-1.185,1.977,0.002,-0.013,0.000,0.000,0.000,0.000
12445,-0.7815,0.0195,0.3325,0.0375,-0.1364,-0.0022,-0.63,-0.29,-25.16,0,3.473,7.381,3.472,0.907,0.004,-0.009,0.000,0.000,0.000,0.000
12496,-0.7796,0.0129,0.3328,0.0418,-0.1324,0.0039,-0.36,-0.46,-25.08,0,3.479,1.090,0.478,2.328,0.001,-0.011,0.000,0.000,0.000,0.000
12547,-0.7737,0.0067,0.3312,0.0553,-0.1298,-0.0019,-0.16,-0.51,-25.00,0,3.473,0.246,-4.762,-0.498,-0.000,-0.013,0.000,0.000,0.000,0.000
12597,-0.7732,-0.0008,0.3326,0.0545,-0.1322,0.0075,-0.24,-0.46,-24.98,0,3.479,-1.336,1.542,-0.716,-0.001,-0.011,0.000,0.000,0.000,0.000
12649,-0.7704,-0.0063,0.3342,0.0588,-0.1294,0.0146,-0.35,-0.45,-25.01,0,3.473,-0.023,-0.188,-0.248,-0.001,-0.009,0.000,0.000,0.000,0.000
12700,-0.7687,-0.0122,0.3357,0.0603,-0.1270,0.0186,-0.28,-0.40,-25.04,0,3.479,1.806,-4.076,-0.598,-0.001,-0.008,0.000,0.000,0.000,0.000
12750,-0.7637,-0.0182,0.3366,0.0687,-0.1256,0.0164,-0.19,-0.29,-25.08,0,3.473,-4.593,2.085,-1.311,-0.005,-0.014,0.000,0.000,0.000,0.000
12802,-0.7606,-0.0242,0.3374,0.0706,-0.1243,0.0134,-0.32,-0.33,-25.16,0,3.484,-3.791,2.053,-1.618,-0.004,-0.011,0.000,0.000,0.000,0.000
12852,-0.7553,-0.0322,0.3391,0.0781,-0.1275,0.0136,-0.43,-0.44,-25.26,0,3.473,-2.263,-1.044,-1.190,-0.004,-0.013,0.000,0.000,0.000,0.000
12904,-0.7525,-0.0378,0.3395,0.0798,-0.1236,0.0082,-0.54,-0.43,-25.31,0,3.479,-2.751,-0.552,-0.125,0.002,-0.009,0.000,0.000,0.000,0.000
12955,-0.7460,-0.0447,0.3395,0.0906,-0.1228,0.0022,-0.68,-0.36,-25.31,0,3.473,-1.078,-2.438,0.445,-0.006,-0.010,0.000,0.000,0.000,0.000
13006,-0.7422,-0.0517,0.3403,0.0937,-0.1213,0.0028,-0.74,-0.22,-25.30,0,3.479,4.347,-2.932,1.373,-0.006,-0.010,0.000,0.000,0.000,0.000
13057,-0.7384,-0.0568,0.3397,0.0955,-0.1147,-0.0039,-0.69,-0.15,-25.22,0,3.473,3.978,-1.442,1.732,-0.006,-0.010,0.000,0.000,0.000,0.000
13108,-0.7325,-0.0611,0.3391,0.1016,-0.1067,-0.0095,-0.60,-0.18,-25.11,0,3.479,-2.266,-1.288,3.060,-0.001,-0.012,0.000,0.000,0.000,0.000
13158,-0.7288,-0.0651,0.3365,0.1018,-0.0996,-0.0224,-0.78,-0.17,-24.96,0,3.468,-0.812,-3.135,2.373,-0.003,-0.008,0.000,0.000,0.000,0.000
13210,-0.7227,-0.0687,0.3343,0.1079,-0.0911,-0.0282,-0.88,-0.08,-24.82,0,3.473,6.382,-0.215,2.712,-0.004,-0.009,0.000,0.000,0.000,0.000
13261,-0.7163,-0.0745,0.3329,0.1140,-0.0878,-0.0268,-0.66,-0.11,-24.69,0,3.468,2.726,1.657,4.038,-0.004,-0.011,0.000,0.000,0.000,0.000
13312,-0.7112,-0.0790,0.3299,0.1156,-0.0837,-0.0330,-0.49,-0.14,-24.51,0,3.473,-2.191,-3.827,2.383,-0.005,-0.010,0.000,0.000,0.000,0.000
13363,-0.7062,-0.0818,0.3281,0.1161,-0.0771,-0.0297,-0.55,0.08,-24.38,0,3.463,2.534,5.266,0.759,-0.005,-0.010,0.000,0.000,0.000,0.000
13413,-0.7002,-0.0851,0.3265,0.1179,-0.0718,-0.0245,-0.40,-0.08,-24.34,0,3.473,4.162,4.718,-0.890,-0.006,-0.009,0.000,0.000,0.000,0.000
13465,-0.6939,-0.0866,0.3253,0.1210,-0.0638,-0.0196,-0.29,-0.29,-24.37,0,3.468,-2.219,2.163,-1.450,-0.005,-0.008,0.000,0.000,0.000,0.000
13516,-0.6890,-0.0899,0.3250,0.1212,-0.0630,-0.0125,-0.28,-0.34,-24.44,0,3.473,7.014,-2.480,-1.092,-0.010,-0.009,0.000,0.000,0.000,0.000
13567,-0.6844,-0.0940,0.3240,0.1212,-0.0644,-0.0111,-0.17,-0.30,-24.51,0,3.468,-1.230,2.959,-1.459,-0.005,-0.010,0.000,0.000,0.000,0.000
13618,-0.6800,-0.0963,0.3216,0.1202,-0.0622,-0.0170,-0.12,-0.41,-24.60,0,3.468,-4.387,-0.140,-3.150,-0.004,-0.011,0.000,0.000,0.000,0.000
13668,-0.6738,-0.0976,0.3201,0.1241,-0.0583,-0.0173,-0.19,-0.43,-24.74,0,3.463,-3.593,1.119,-3.706,-0.002,-0.012,0.000,0.000,0.000,0.000
13720,-0.6681,-0.1015,0.3205,0.1268,-0.0606,-0.0084,-0.29,-0.41,-24.95,0,3.473,-0.384,0.652,-4.885,-0.003,-0.014,0.000,0.000,0.000,0.000
13771,-0.6600,-0.1043,0.3204,0.1351,-0.0595,-0.0036,-0.41,-0.42,-25.24,0,3.463,-0.563,3.148,-5.531,-0.002,-0.012,0.000,0.000,0.000,0.000
13822,-0.6535,-0.1085,0.3206,0.1387,-0.0609,0.0004,-0.47,-0.56,-25.45,0,3.473,3.557,-3.521,-6.454,-0.004,-0.011,0.000,0.000,0.000,0.000
13873,-0.6465,-0.1114,0.3209,0.1443,-0.0590,0.0033,-0.40,-0.38,-25.81,0,3.468,1.847,-2.001,-6.246,-0.005,-0.010,0.000,0.000,0.000,0.000
13924,-0.6409,-0.1127,0.3216,0.1450,-0.0536,0.0050,-0.33,-0.31,-26.13,0,3.473,-1.820,3.265,-7.256,-0.006,-0.006,0.000,0.000,0.000,0.000
13975,-0.6327,-0.1146,0.3225,0.1507,-0.0504,0.0064,-0.40,-0.43,-26.41,0,3.468,4.398,-3.645,-7.096,-0.003,-0.010,0.000,0.000,0.000,0.000
14026,-0.6244,-0.1179,0.3225,0.1571,-0.0510,0.0048,-0.31,-0.37,-26.77,0,3.473,-0.654,-3.442,-4.831,-0.003,-0.009,0.000,0.000,0.000,0.000
14076,-0.6155,-0.1200,0.3219,0.1630,-0.0493,-0.0010,-0.25,-0.12,-27.05,0,3.468,-2.592,-4.326,-4.416,-0.003,-0.011,0.000,0.000,0.000,0.000
14128,-0.6072,-0.1219,0.3234,0.1649,-0.0463,0.0062,-0.35,0.05,-27.27,0,3.468,6.064,-7.110,-1.354,-0.004,-0.009,0.000,0.000,0.000,0.000
14179,-0.6015,-0.1236,0.3221,0.1596,-0.0420,-0.0006,-0.29,0.34,-27.37,0,3.468,5.781,2.858,-0.726,-0.004,-0.012,0.000,0.000,0.000,0.000
14230,-0.5950,-0.1250,0.3236,0.1539,-0.0372,0.0083,-0.01,0.60,-27.39,0,3.473,-5.542,7.654,0.947,-0.006,-0.008,0.000,0.000,0.000,0.000
14280,-0.5868,-0.1259,0.3222,0.1509,-0.0324,-0.0003,-0.23,0.33,-27.36,0,3.468,-1.340,1.245,-0.057,-0.007,-0.008,0.000,0.000,0.000,0.000
14332,-0.5818,-0.1282,0.3236,0.1439,-0.0306,0.0064,-0.39,0.22,-27.34,0,3.473,1.707,0.188,-1.727,-0.006,-0.011,0.000,0.000,0.000,0.000
14383,-0.5763,-0.1296,0.3236,0.1396,-0.0269,0.0042,-0.34,0.30,-27.40,0,3.468,-0.316,-1.131,-0.625,-0.004,-0.012,0.000,0.000,0.000,0.000
14434,-0.5707,-0.1305,0.3245,0.1353,-0.0222,0.0073,-0.32,0.32,-27.43,0,3.473,-5.880,5.171,-1.681,-0.010,-0.012,0.000,0.000,0.000,0.000
14485,-0.5643,-0.1326,0.3245,0.1336,-0.0209,0.0046,-0.45,0.14,-27.50,0,3.468,-4.616,5.487,-2.641,-0.003,-0.009,0.000,0.000,0.000,0.000
14536,-0.5563,-0.1339,0.3239,0.1383,-0.0178,-0.0014,-0.71,-0.19,-27.63,0,3.473,-2.074,-1.890,-3.348,0.000,-0.011,0.000,0.000,0.000,0.000
14587,-0.5500,-0.1346,0.3214,0.1408,-0.0127,-0.0125,-0.83,-0.17,-27.78,0,3.463,0.150,-2.778,-0.927,-0.003,-0.010,0.000,0.000,0.000,0.000
14638,-0.5435,-0.1367,0.3222,0.1436,-0.0106,-0.0047,-0.82,-0.05,-27.84,0,3.468,2.416,3.315,0.434,-0.002,-0.012,0.000,0.000,0.000,0.000
14688,-0.5377,-0.1377,0.3220,0.1438,-0.0065,-0.0035,-0.66,-0.14,-27.84,0,3.463,2.297,-0.872,1.942,-0.004,-0.012,0.000,0.000,0.000,0.000
14740,-0.5311,-0.1382,0.3204,0.1454,-0.0029,-0.0092,-0.56,-0.12,-27.74,0,3.468,-1.040,-4.129,3.660,-0.008,-0.013,0.000,0.000,0.000,0.000
14791,-0.5241,-0.1381,0.3189,0.1471,0.0013,-0.0107,-0.57,0.06,-27.57,0,3.457,1.569,-0.846,4.132,-0.006,-0.012,0.000,0.000,0.000,0.000
14841,-0.5176,-0.1383,0.3156,0.1463,0.0050,-0.0198,-0.50,0.15,-27.35,0,3.463,0.215,-1.275,4.032,-0.005,-0.013,0.000,0.000,0.000,0.000
14893,-0.5104,-0.1392,0.3135,0.1469,0.0065,-0.0199,-0.46,0.12,-27.14,0,3.452,1.486,-4.567,3.633,-0.007,-0.014,0.000,0.000,0.000,0.000
14944,-0.5046,-0.1392,0.3126,0.1438,0.0096,-0.0124,-0.45,0.24,-26.96,0,3.463,0.592,-2.966,3.310,-0.010,-0.008,0.000,0.000,0.000,0.000
14995,-0.4955,-0.1392,0.3130,0.1477,0.0128,0.0003,-0.43,0.36,-26.78,0,3.452,-0.179,-5.199,2.657,-0.003,-0.012,0.000,0.000,0.000,0.000
15046,-0.4895,-0.1398,0.3092,0.1433,0.0146,-0.0065,-0.44,0.54,-26.63,0,3.463,-8.337,-2.698,2.002,-0.007,-0.009,0.000,0.000,0.000,0.000
15097,-0.4817,-0.1391,0.3091,0.1421,0.0197,0.0036,-0.60,0.71,-26.54,0,3.457,-0.272,-0.910,0.311,-0.007,-0.011,0.000,0.000,0.000,0.000
15148,-0.4755,-0.1378,0.3110,0.1367,0.0278,0.0207,-0.68,0.81,-26.50,0,3.468,1.231,1.622,0.496,-0.006,-0.011,0.000,0.000,0.000,0.000
15199,-0.4673,-0.1364,0.3127,0.1364,0.0359,0.0321,-0.64,0.76,-26.47,0,3.463,5.139,1.680,-0.677,-0.005,-0.012,0.000,0.000,0.000,0.000
15250,-0.4613,-0.1350,0.3155,0.1313,0.0417,0.0436,-0.54,0.61,-26.48,0,3.473,2.180,2.833,-2.646,-0.001,-0.014,0.000,0.000,0.000,0.000
15301,-0.4557,-0.1315,0.3183,0.1267,0.0509,0.0494,-0.51,0.48,-26.58,0,3.463,2.976,2.583,-4.522,-0.004,-0.014,0.000,0.000,0.000,0.000
15351,-0.4498,-0.1299,0.3199,0.1241,0.0535,0.0449,-0.37,0.39,-26.81,0,3.473,-5.276,2.507,-5.582,-0.007,-0.016,0.000,0.000,0.000,0.000
15403,-0.4439,-0.1267,0.3250,0.1219,0.0589,0.0546,-0.50,0.31,-27.12,0,3.468,0.735,1.333,-6.179,-0.006,-0.011,0.000,0.000,0.000,0.000
15454,-0.4390,-0.1243,0.3263,0.1187,0.0623,0.0425,-0.52,0.22,-27.42,0,3.479,-0.451,2.131,-6.254,-0.003,-0.016,0.000,0.000,0.000,0.000
15505,-0.4340,-0.1205,0.3299,0.1166,0.0681,0.0421,-0.40,0.14,-27.72,0,3.468,2.557,2.820,-5.632,-0.004,-0.014,0.000,0.000,0.000,0.000
15556,-0.4278,-0.1170,0.3321,0.1181,0.0717,0.0338,-0.37,0.05,-28.01,0,3.473,-0.379,1.037,-4.580,-0.005,-0.016,0.000,0.000,0.000,0.000
15607,-0.4225,-0.1129,0.3348,0.1179,0.0756,0.0281,-0.37,-0.04,-28.25,0,3.468,1.171,0.092,-4.013,-0.005,-0.013,0.000,0.000,0.000,0.000
15658,-0.4188,-0.1102,0.3353,0.1162,0.0767,0.0168,-0.38,0.02,-28.43,0,3.473,0.071,-1.624,-2.885,-0.004,-0.012,0.000,0.000,0.000,0.000
15708,-0.4108,-0.1057,0.3376,0.1201,0.0799,0.0098,-0.37,0.04,-28.59,0,3.468,-0.780,-2.050,-2.730,-0.002,-0.015,0.000,0.000,0.000,0.000
15760,-0.4038,-0.1022,0.3374,0.1239,0.0817,-0.0034,-0.47,0.08,-28.71,0,3.473,-1.240,-2.003,-1.700,-0.005,-0.015,0.000,0.000,0.000,0.000
15811,-0.3987,-0.0999,0.3370,0.1250,0.0822,-0.0120,-0.50,0.23,-28.81,0,3.463,2.448,-0.717,-1.525,-0.003,-0.015,0.000,0.000,0.000,0.000
15862,-0.3922,-0.0952,0.3373,0.1262,0.0879,-0.0146,-0.44,0.32,-28.89,0,3.468,-0.589,-1.982,-0.699,-0.003,-0.012,0.000,0.000,0.000,0.000
15913,-0.3872,-0.0909,0.3359,0.1222,0.0918,-0.0242,-0.41,0.42,-28.92,0,3.457,3.538,-4.196,1.040,-0.002,-0.018,0.000,0.000,0.000,0.000
15964,-0.3786,-0.0857,0.3339,0.1267,0.0976,-0.0328,-0.26,0.51,-28.87,0,3.468,-2.893,-5.566,1.322,-0.004,-0.013,0.000,0.000,0.000,0.000
16016,-0.3697,-0.0801,0.3301,0.1307,0.1031,-0.0455,-0.38,0.60,-28.82,0,3.457,1.724,-5.324,-0.901,0.000,-0.014,0.000,0.000,0.000,0.000
16066,-0.3641,-0.0748,0.3282,0.1254,0.1082,-0.0439,-0.28,0.68,-28.83,0,3.463,4.120,3.503,-0.632,-0.004,-0.012,0.000,0.000,0.000,0.000
16118,-0.3588,-0.0699,0.3268,0.1188,0.1115,-0.0384,-0.16,0.70,-28.85,0,3.457,1.002,6.214,-0.680,-0.005,-0.013,0.000,0.000,0.000,0.000
16168,-0.3513,-0.0656,0.3249,0.1182,0.1119,-0.0365,-0.04,0.59,-28.90,0,3.463,1.676,-0.084,-2.281,-0.001,-0.014,0.000,0.000,0.000,0.000
16220,-0.3468,-0.0592,0.3221,0.1105,0.1162,-0.0397,0.00,0.66,-28.98,0,3.452,-4.218,-0.001,-1.608,-0.003,-0.014,0.000,0.000,0.000,0.000
16271,-0.3404,-0.0535,0.3190,0.1081,0.1188,-0.0422,-0.17,0.67,-29.06,0,3.463,-2.220,2.737,-3.374,-0.002,-0.016,0.000,0.000,0.000,0.000
16322,-0.3347,-0.0492,0.3169,0.1047,0.1184,-0.0379,-0.24,0.52,-29.21,0,3.452,1.275,-2.141,-2.249,-0.001,-0.016,0.000,0.000,0.000,0.000
16373,-0.3279,-0.0429,0.3141,0.1057,0.1230,-0.0369,-0.14,0.49,-29.34,0,3.463,-0.262,-2.831,-1.267,-0.001,-0.009,0.000,0.000,0.000,0.000
16424,-0.3235,-0.0391,0.3147,0.1007,0.1207,-0.0209,-0.08,0.63,-29.41,0,3.457,-0.869,-0.846,-0.807,-0.001,-0.012,0.000,0.000,0.000,0.000
16474,-0.3189,-0.0354,0.3136,0.0954,0.1181,-0.0162,-0.04,0.70,-29.47,0,3.452,8.425,-10.391,1.257,-0.002,-0.013,0.000,0.000,0.000,0.000
16526,-0.3127,-0.0298,0.3128,0.0938,0.1202,-0.0104,0.35,1.07,-29.42,0,3.447,10.486,-11.856,2.387,-0.007,-0.016,0.000,0.000,0.000,0.000
16576,-0.3091,-0.0242,0.3127,0.0817,0.1210,0.0018,0.87,1.69,-29.29,0,3.457,1.123,-0.923,4.509,-0.006,-0.017,0.000,0.000,0.000,0.000
16628,-0.3046,-0.0190,0.3142,0.0672,0.1193,0.0176,1.03,1.81,-29.09,0,3.452,0.583,3.529,4.418,-0.001,-0.016,0.000,0.000,0.000,0.000
16678,-0.3002,-0.0155,0.3150,0.0530,0.1132,0.0267,1.00,1.62,-28.87,0,3.468,-4.818,0.195,5.686,0.001,-0.014,0.000,0.000,0.000,0.000
16730,-0.2977,-0.0087,0.3178,0.0371,0.1152,0.0401,0.80,1.55,-28.61,0,3.457,-5.885,1.811,5.870,-0.002,-0.009,0.000,0.000,0.000,0.000
16781,-0.2944,-0.0036,0.3206,0.0265,0.1141,0.0484,0.57,1.52,-28.31,0,3.468,-5.215,6.423,5.488,-0.002,-0.010,0.000,0.000,0.000,0.000
16831,-0.2930,0.0026,0.3247,0.0136,0.1168,0.0559,0.35,1.31,-28.01,0,3.463,-3.907,0.674,5.234,-0.003,-0.012,0.000,0.000,0.000,0.000
16883,-0.2913,0.0067,0.3275,0.0053,0.1149,0.0535,0.19,1.12,-27.73,0,3.473,-2.339,-0.124,3.359,-0.000,-0.011,0.000,0.000,0.000,0.000
16934,-0.2905,0.0129,0.3313,-0.0019,0.1187,0.0537,-0.06,1.02,-27.53,0,3.463,-2.172,3.961,2.405,-0.001,-0.010,0.000,0.000,0.000,0.000
16985,-0.2910,0.0200,0.3312,-0.0102,0.1256,0.0341,-0.25,0.80,-27.37,0,3.468,-1.583,5.359,2.125,-0.003,-0.013,0.000,0.000,0.000,0.000
17036,-0.2902,0.0236,0.3311,-0.0118,0.1238,0.0186,-0.27,0.50,-27.29,0,3.457,-0.885,1.326,-0.234,-0.001,-0.010,0.000,0.000,0.000,0.000
17087,-0.2895,0.0311,0.3306,-0.0115,0.1308,0.0062,-0.37,0.43,-27.25,0,3.463,3.118,1.288,-0.325,0.002,-0.010,0.000,0.000,0.000,0.000
17138,-0.2897,0.0389,0.3285,-0.0123,0.1380,-0.0088,-0.35,0.50,-27.24,0,3.452,1.030,-3.128,-0.705,0.001,-0.012,0.000,0.000,0.000,0.000
17188,-0.2898,0.0452,0.3263,-0.0132,0.1409,-0.0193,-0.31,0.38,-27.29,0,3.463,2.595,2.532,-2.059,-0.000,-0.008,0.000,0.000,0.000,0.000
17240,-0.2896,0.0512,0.3263,-0.0131,0.1419,-0.0152,-0.14,0.26,-27.38,0,3.457,3.616,-0.796,-1.640,-0.001,-0.009,0.000,0.000,0.000,0.000
17291,-0.2872,0.0576,0.3271,-0.0078,0.1420,-0.0064,-0.00,0.24,-27.48,0,3.463,2.848,-2.697,-2.484,-0.002,-0.017,0.000,0.000,0.000,0.000
17342,-0.2865,0.0635,0.3263,-0.0071,0.1401,-0.0073,0.07,0.30,-27.62,0,3.457,1.324,-2.092,-2.594,-0.001,-0.013,0.000,0.000,0.000,0.000
17392,-0.2855,0.0716,0.3264,-0.0067,0.1429,-0.0042,0.13,0.37,-27.77,0,3.463,0.032,-1.897,-4.012,0.003,-0.014,0.000,0.000,0.000,0.000
17444,-0.2853,0.0788,0.3275,-0.0086,0.1436,0.0011,0.17,0.48,-27.97,0,3.457,-2.000,-0.476,-4.225,-0.001,-0.013,0.000,0.000,0.000,0.000
17494,-0.2831,0.0856,0.3288,-0.0069,0.1430,0.0064,0.15,0.49,-28.18,0,3.463,-1.072,-1.376,-2.629,-0.001,-0.016,0.000,0.000,0.000,0.000
17546,-0.2847,0.0906,0.3282,-0.0134,0.1393,0.0004,0.13,0.51,-28.34,0,3.457,0.968,-1.393,-2.150,0.002,-0.015,0.000,0.000,0.000,0.000
17597,-0.2825,0.0979,0.3270,-0.0112,0.1411,-0.0073,0.20,0.47,-28.46,0,3.463,0.797,-1.412,-1.083,-0.002,-0.016,0.000,0.000,0.000,0.000
17648,-0.2824,0.1023,0.3242,-0.0137,0.1357,-0.0196,0.20,0.43,-28.50,0,3.452,-2.953,-1.381,0.290,-0.003,-0.013,0.000,0.000,0.000,0.000
17699,-0.2812,0.1078,0.3208,-0.0133,0.1334,-0.0303,0.15,0.53,-28.50,0,3.457,-0.938,-0.723,0.301,0.002,-0.013,0.000,0.000,0.000,0.000
17749,-0.2822,0.1115,0.3206,-0.0181,0.1278,-0.0223,0.07,0.55,-28.47,0,3.452,-3.491,-2.901,2.920,0.001,-0.013,0.000,0.000,0.000,0.000
17801,-0.2812,0.1198,0.3205,-0.0179,0.1338,-0.0147,-0.08,0.65,-28.42,0,3.457,3.349,-3.040,0.417,-0.002,-0.012,0.000,0.000,0.000,0.000
17852,-0.2827,0.1238,0.3182,-0.0237,0.1308,-0.0177,0.02,0.77,-28.37,0,3.452,0.469,0.536,1.036,-0.001,-0.012,0.000,0.000,0.000,0.000
17903,-0.2826,0.1320,0.3165,-0.0265,0.1367,-0.0189,0.11,0.73,-28.34,0,3.457,3.052,0.151,-0.337,-0.004,-0.013,0.000,0.000,0.000,0.000
17953,-0.2839,0.1356,0.3155,-0.0318,0.1315,-0.0173,0.18,0.70,-28.34,0,3.452,-2.121,0.355,0.485,-0.001,-0.012,0.000,0.000,0.000,0.000
18004,-0.2838,0.1440,0.3146,-0.0338,0.1363,-0.0142,0.19,0.72,-28.34,0,3.457,1.182,0.628,-0.061,-0.000,-0.013,0.000,0.000,0.000,0.000
18056,-0.2863,0.1520,0.3137,-0.0415,0.1406,-0.0117,0.22,0.71,-28.33,0,3.452,0.505,0.515,1.107,0.001,-0.013,0.000,0.000,0.000,0.000
18107,-0.2873,0.1561,0.3125,-0.0450,0.1350,-0.0115,0.30,0.69,-28.32,0,3.457,3.312,-1.415,0.268,0.002,-0.011,0.000,0.000,0.000,0.000
18158,-0.2927,0.1641,0.3138,-0.0587,0.1381,-0.0004,0.41,0.75,-28.29,0,3.452,0.764,-0.090,1.068,-0.002,-0.009,0.000,0.000,0.000,0.000
18209,-0.2962,0.1703,0.3135,-0.0669,0.1360,0.0018,0.45,0.74,-28.24,0,3.457,-3.261,4.539,3.582,0.004,-0.012,0.000,0.000,0.000,0.000
18260,-0.2994,0.1764,0.3129,-0.0735,0.1341,0.0001,0.43,0.61,-28.13,0,3.452,1.350,3.461,1.707,0.002,-0.012,0.000,0.000,0.000,0.000
18311,-0.3024,0.1839,0.3130,-0.0777,0.1349,0.0017,0.46,0.44,-28.02,0,3.463,-2.336,2.573,3.135,0.002,-0.017,0.000,0.000,0.000,0.000
18362,-0.3071,0.1901,0.3131,-0.0842,0.1321,0.0018,0.45,0.31,-27.90,0,3.452,-0.638,1.731,3.164,0.002,-0.009,0.000,0.000,0.000,0.000
18413,-0.3103,0.1951,0.3126,-0.0855,0.1263,-0.0009,0.37,0.19,-27.69,0,3.457,-1.397,0.645,3.667,0.001,-0.011,0.000,0.000,0.000,0.000
18464,-0.3156,0.2016,0.3137,-0.0906,0.1247,0.0044,0.29,0.18,-27.49,0,3.452,-0.789,1.386,4.546,-0.000,-0.008,0.000,0.000,0.000,0.000
18515,-0.3201,0.2085,0.3135,-0.0928,0.1249,0.0024,0.37,0.20,-27.26,0,3.463,-0.367,1.150,4.409,-0.004,-0.014,0.000,0.000,0.000,0.000
18566,-0.3217,0.2126,0.3139,-0.0881,0.1177,0.0024,0.49,0.20,-27.09,0,3.452,1.442,-1.845,4.767,-0.002,-0.012,0.000,0.000,0.000,0.000
18616,-0.3276,0.2202,0.3114,-0.0949,0.1189,-0.0113,0.56,0.26,-26.89,0,3.457,0.743,1.858,3.006,0.000,-0.014,0.000,0.000,0.000,0.000
18668,-0.3320,0.2259,0.3112,-0.0975,0.1153,-0.0110,0.59,0.15,-26.72,0,3.452,0.587,0.626,3.751,-0.001,-0.011,0.000,0.000,0.000,0.000
18719,-0.3361,0.2313,0.3117,-0.0985,0.1106,-0.0056,0.63,0.07,-26.55,0,3.457,1.736,-0.640,3.622,-0.004,-0.014,0.000,0.000,0.000,0.000
18769,-0.3420,0.2363,0.3121,-0.1037,0.1048,-0.0019,0.77,0.14,-26.37,0,3.452,1.372,-0.463,4.283,0.002,-0.011,0.000,0.000,0.000,0.000
18821,-0.3471,0.2429,0.3139,-0.1074,0.1027,0.0063,0.81,0.20,-26.16,0,3.457,0.325,-1.734,2.424,0.002,-0.012,0.000,0.000,0.000,0.000
18872,-0.3525,0.2494,0.3147,-0.1116,0.1011,0.0059,0.84,0.21,-26.02,0,3.452,-2.690,-0.389,1.730,-0.004,-0.011,0.000,0.000,0.000,0.000
18923,-0.3595,0.2542,0.3130,-0.1193,0.0950,-0.0064,0.85,0.16,-25.91,0,3.457,-1.016,0.444,1.805,0.001,-0.013,0.000,0.000,0.000,0.000
18973,-0.3626,0.2593,0.3126,-0.1163,0.0902,-0.0089,0.81,0.07,-25.85,0,3.447,-0.065,-4.608,1.515,0.002,-0.011,0.000,0.000,0.000,0.000
19025,-0.3687,0.2651,0.3109,-0.1201,0.0879,-0.0166,0.81,0.02,-25.78,0,3.457,0.291,-1.201,2.440,0.002,-0.008,0.000,0.000,0.000,0.000
19075,-0.3755,0.2699,0.3106,-0.1255,0.0832,-0.0151,0.86,0.15,-25.67,0,3.447,0.313,1.301,2.307,0.003,-0.014,0.000,0.000,0.000,0.000
19127,-0.3802,0.2733,0.3088,-0.1257,0.0755,-0.0192,0.88,0.13,-25.57,0,3.452,0.334,1.028,0.917,0.003,-0.010,0.000,0.000,0.000,0.000
19178,-0.3860,0.2776,0.3066,-0.1284,0.0706,-0.0243,0.88,0.02,-25.50,0,3.447,-0.914,1.569,1.574,-0.000,-0.010,0.000,0.000,0.000,0.000
19228,-0.3920,0.2819,0.3063,-0.1304,0.0664,-0.0188,0.86,-0.04,-25.43,0,3.452,-1.751,1.228,0.946,0.001,-0.011,0.000,0.000,0.000,0.000
19279,-0.3980,0.2852,0.3049,-0.1314,0.0597,-0.0185,0.80,-0.08,-25.41,0,3.447,-0.747,0.802,0.646,0.003,-0.008,0.000,0.000,0.000,0.000
19331,-0.4046,0.2883,0.3031,-0.1332,0.0536,-0.0204,0.72,-0.15,-25.36,0,3.452,1.247,0.458,-0.172,0.001,-0.013,0.000,0.000,0.000,0.000
19382,-0.4099,0.2915,0.3017,-0.1310,0.0489,-0.0201,0.77,-0.16,-25.35,0,3.447,-2.916,-1.402,0.673,0.001,-0.014,0.000,0.000,0.000,0.000
19432,-0.4169,0.2942,0.3015,-0.1336,0.0437,-0.0132,0.67,-0.06,-25.33,0,3.452,-2.339,-0.736,0.712,-0.002,-0.011,0.000,0.000,0.000,0.000
19484,-0.4248,0.2965,0.3012,-0.1385,0.0394,-0.0096,0.57,0.03,-25.29,0,3.447,-0.246,2.710,1.640,-0.001,-0.009,0.000,0.000,0.000,0.000
19535,-0.4312,0.2988,0.2997,-0.1393,0.0361,-0.0115,0.52,-0.05,-25.23,0,3.452,0.463,2.679,0.180,-0.004,-0.007,0.000,0.000,0.000,0.000
19586,-0.4373,0.2998,0.2999,-0.1381,0.0300,-0.0063,0.52,-0.22,-25.18,0,3.447,3.209,2.635,0.526,-0.000,-0.009,0.000,0.000,0.000,0.000
19637,-0.4447,0.3019,0.3002,-0.1391,0.0267,-0.0009,0.50,-0.29,-25.13,0,3.452,-0.038,2.802,1.184,0.002,-0.007,0.000,0.000,0.000,0.000
19688,-0.4511,0.3042,0.2996,-0.1377,0.0245,-0.0008,0.51,-0.26,-25.05,0,3.447,0.270,-1.949,2.239,-0.002,-0.006,0.000,0.000,0.000,0.000
19739,-0.4562,0.3038,0.2994,-0.1332,0.0163,0.0013,0.41,-0.13,-24.94,0,3.452,0.454,-0.557,2.392,-0.001,-0.007,0.000,0.000,0.000,0.000
19790,-0.4641,0.3060,0.2993,-0.1375,0.0167,0.0042,0.43,-0.02,-24.80,0,3.447,1.366,2.044,2.689,-0.000,-0.012,0.000,0.000,0.000,0.000
19841,-0.4712,0.3078,0.2994,-0.1394,0.0158,0.0064,0.54,-0.13,-24.70,0,3.452,-1.207,-5.704,2.958,-0.001,-0.011,0.000,0.000,0.000,0.000
19892,-0.4777,0.3097,0.2985,-0.1390,0.0140,0.0032,0.57,-0.07,-24.59,0,3.447,-1.693,-0.331,1.746,0.003,-0.010,0.000,0.000,0.000,0.000
19942,-0.4842,0.3098,0.2990,-0.1393,0.0088,0.0079,0.50,0.03,-24.50,0,3.452,0.539,-0.002,0.190,0.003,-0.009,0.000,0.000,0.000,0.000
19994,-0.4922,0.3100,0.2989,-0.1435,0.0048,0.0094,0.47,0.01,-24.49,0,3.447,-0.398,0.473,-0.785,-0.000,-0.008,0.000,0.000,0.000,0.000
20045,-0.5000,0.3107,0.3015,-0.1466,0.0026,0.0208,0.47,-0.05,-24.53,0,3.457,-1.789,2.978,0.665,-0.005,-0.009,0.000,0.000,0.000,0.000
20096,-0.5078,0.3102,0.3017,-0.1489,-0.0028,0.0174,0.45,-0.21,-24.53,0,3.452,-0.032,2.014,0.353,-0.004,-0.008,0.000,0.000,0.000,0.000
20147,-0.5133,0.3115,0.3031,-0.1442,-0.0033,0.0196,0.54,-0.31,-24.51,0,3.457,6.986,-2.990,0.979,-0.002,-0.010,0.000,0.000,0.000,0.000
20197,-0.5198,0.3120,0.3052,-0.1457,-0.0061,0.0248,0.71,-0.20,-24.49,0,3.447,-0.569,-1.321,0.352,-0.003,-0.006,0.000,0.000,0.000,0.000
20249,-0.5279,0.3113,0.3017,-0.1452,-0.0138,0.0004,0.73,-0.16,-24.48,0,3.452,-1.895,0.948,1.051,0.002,-0.010,0.000,0.000,0.000,0.000
20300,-0.5347,0.3118,0.3029,-0.1455,-0.0168,0.0043,0.71,-0.14,-24.46,0,3.447,0.362,-1.270,1.944,0.000,-0.007,0.000,0.000,0.000,0.000
20351,-0.5422,0.3106,0.3021,-0.1474,-0.0235,0.0006,0.74,-0.08,-24.38,0,3.457,2.138,5.200,3.160,0.001,-0.007,0.000,0.000,0.000,0.000
20402,-0.5480,0.3100,0.3035,-0.1483,-0.0273,0.0070,0.79,-0.11,-24.24,0,3.447,-0.625,1.131,3.351,-0.003,-0.007,0.000,0.000,0.000,0.000
20452,-0.5571,0.3112,0.3031,-0.1546,-0.0271,0.0031,0.77,-0.13,-24.04,0,3.452,0.183,4.683,2.559,0.001,-0.007,0.000,0.000,0.000,0.000
20504,-0.5643,0.3085,0.3027,-0.1548,-0.0362,0.0003,0.67,-0.30,-23.89,0,3.447,-1.338,1.022,1.762,0.002,-0.006,0.000,0.000,0.000,0.000
20555,-0.5703,0.3064,0.3038,-0.1508,-0.0428,0.0068,0.59,-0.44,-23.77,0,3.452,0.645,-0.351,2.649,0.003,-0.009,0.000,0.000,0.000,0.000
20606,-0.5747,0.3057,0.3033,-0.1419,-0.0452,0.0028,0.56,-0.54,-23.60,0,3.447,-2.704,3.384,3.827,0.002,-0.005,0.000,0.000,0.000,0.000
20656,-0.5817,0.3034,0.3038,-0.1389,-0.0511,0.0066,0.51,-0.63,-23.40,0,3.452,1.477,-3.404,2.371,0.008,-0.007,0.000,0.000,0.000,0.000
20708,-0.5903,0.3002,0.3032,-0.1408,-0.0588,0.0020,0.53,-0.63,-23.26,0,3.447,4.253,-1.100,1.858,0.002,-0.007,0.000,0.000,0.000,0.000
20759,-0.5954,0.2973,0.3037,-0.1334,-0.0647,0.0031,0.58,-0.61,-23.16,0,3.452,-6.032,3.274,0.429,0.000,-0.009,0.000,0.000,0.000,0.000
20810,-0.6009,0.2929,0.3044,-0.1275,-0.0735,0.0035,0.48,-0.73,-23.14,0,3.447,-4.370,-1.642,-0.224,0.003,-0.007,0.000,0.000,0.000,0.000
20861,-0.6075,0.2890,0.3038,-0.1248,-0.0799,-0.0018,0.33,-0.74,-23.14,0,3.452,-6.033,-0.703,-0.870,0.002,-0.007,0.000,0.000,0.000,0.000
20912,-0.6110,0.2858,0.3033,-0.1134,-0.0827,-0.0079,0.08,-0.71,-23.19,0,3.442,1.253,-4.144,-2.739,0.005,-0.007,0.000,0.000,0.000,0.000
20963,-0.6166,0.2812,0.3028,-0.1082,-0.0866,-0.0103,-0.01,-0.58,-23.29,0,3.452,-3.335,2.622,-2.932,0.001,-0.007,0.000,0.000,0.000,0.000
21014,-0.6192,0.2781,0.3015,-0.0966,-0.0853,-0.0134,-0.11,-0.62,-23.45,0,3.442,3.759,-5.332,-3.311,0.004,-0.008,0.000,0.000,0.000,0.000
21064,-0.6269,0.2710,0.3012,-0.0985,-0.0931,-0.0101,-0.04,-0.42,-23.62,0,3.447,5.533,-8.030,-2.034,-0.002,-0.008,0.000,0.000,0.000,0.000
21116,-0.6308,0.2669,0.3003,-0.0928,-0.0927,-0.0097,0.14,-0.08,-23.74,0,3.442,-0.812,1.754,0.501,0.001,-0.009,0.000,0.000,0.000,0.000
21167,-0.6339,0.2612,0.2993,-0.0887,-0.0965,-0.0095,0.15,-0.07,-23.72,0,3.452,-0.822,4.551,1.946,0.003,-0.006,0.000,0.000,0.000,0.000
21218,-0.6387,0.2565,0.2989,-0.0897,-0.0977,-0.0053,0.16,-0.19,-23.63,0,3.442,0.238,-0.228,3.196,0.000,-0.004,0.000,0.000,0.000,0.000
21269,-0.6420,0.2508,0.3003,-0.0860,-0.1015,0.0069,0.21,-0.17,-23.48,0,3.452,3.035,-5.056,6.062,0.001,-0.010,0.000,0.000,0.000,0.000
21319,-0.6460,0.2466,0.3015,-0.0847,-0.1015,0.0135,0.29,0.04,-23.16,0,3.447,-1.508,0.290,8.684,-0.000,-0.007,0.000,0.000,0.000,0.000
21371,-0.6493,0.2424,0.3014,-0.0838,-0.1014,0.0125,0.24,0.08,-22.75,0,3.452,2.673,2.868,8.207,0.008,-0.007,0.000,0.000,0.000,0.000
21422,-0.6531,0.2381,0.3008,-0.0840,-0.1015,0.0094,0.30,-0.06,-22.33,0,3.442,1.305,5.478,8.067,0.003,-0.005,0.000,0.000,0.000,0.000
21473,-0.6576,0.2319,0.3009,-0.0852,-0.1066,0.0100,0.37,-0.25,-21.91,0,3.447,-6.559,-2.328,7.182,0.003,-0.006,0.000,0.000,0.000,0.000
21524,-0.6628,0.2251,0.3014,-0.0865,-0.1137,0.0123,0.20,-0.23,-21.52,0,3.442,-0.308,0.308,8.053,-0.000,-0.006,0.000,0.000,0.000,0.000
21575,-0.6661,0.2211,0.3048,-0.0827,-0.1118,0.0265,0.18,-0.20,-21.13,0,3.452,3.106,3.302,8.314,0.002,-0.003,0.000,0.000,0.000,0.000
21626,-0.6698,0.2156,0.3051,-0.0804,-0.1132,0.0219,0.28,-0.38,-20.70,0,3.442,-10.179,1.315,8.844,0.008,-0.004,0.000,0.000,0.000,0.000
21676,-0.6754,0.2095,0.3039,-0.0822,-0.1175,0.0109,0.11,-0.45,-20.27,0,3.447,-0.611,0.428,10.101,0.005,-0.006,0.000,0.000,0.000,0.000
21727,-0.6787,0.2036,0.3030,-0.0771,-0.1196,0.0044,0.14,-0.49,-19.80,0,3.442,-3.506,7.287,10.216,0.009,-0.003,0.000,0.000,0.000,0.000
21779,-0.6845,0.1965,0.3032,-0.0781,-0.1249,0.0051,0.12,-0.81,-19.32,0,3.452,0.973,7.691,7.565,0.011,-0.004,0.000,0.000,0.000,0.000
21830,-0.6865,0.1922,0.3039,-0.0677,-0.1229,0.0104,0.09,-1.16,-18.92,0,3.442,-2.087,5.759,5.478,0.007,-0.007,0.000,0.000,0.000,0.000
21881,-0.6906,0.1851,0.3049,-0.0606,-0.1291,0.0129,0.20,-1.40,-18.66,0,3.452,-3.668,0.881,3.338,0.009,-0.007,0.000,0.000,0.000,0.000
21932,-0.6928,0.1810,0.3055,-0.0487,-0.1289,0.0101,0.22,-1.39,-18.52,0,3.442,2.576,-6.309,-1.476,0.003,-0.005,0.000,0.000,0.000,0.000
21982,-0.6950,0.1748,0.3051,-0.0383,-0.1335,0.0031,0.17,-1.15,-18.58,0,3.447,-0.126,-2.867,-7.006,0.004,-0.007,0.000,0.000,0.000,0.000
22033,-0.6952,0.1677,0.3056,-0.0258,-0.1382,0.0018,0.05,-0.97,-18.93,0,3.442,2.589,-0.598,-8.832,0.005,-0.008,0.000,0.000,0.000,0.000
22085,-0.6937,0.1645,0.3053,-0.0121,-0.1327,-0.0029,0.11,-0.92,-19.37,0,3.447,1.534,-1.501,-11.663,0.006,-0.008,0.000,0.000,0.000,0.000
22135,-0.6939,0.1595,0.3049,-0.0045,-0.1320,-0.0074,0.17,-0.83,-19.94,0,3.442,2.180,-7.059,-13.775,0.002,-0.011,0.000,0.000,0.000,0.000
22187,-0.6937,0.1552,0.3036,0.0023,-0.1305,-0.0136,0.28,-0.45,-20.64,0,3.447,4.074,3.105,-14.166,0.000,-0.008,0.000,0.000,0.000,0.000
22238,-0.6943,0.1474,0.3022,0.0034,-0.1372,-0.0178,0.51,-0.47,-21.35,0,3.436,5.299,0.980,-12.947,0.002,-0.008,0.000,0.000,0.000,0.000
22289,-0.6928,0.1426,0.2999,0.0083,-0.1378,-0.0250,0.64,-0.56,-22.02,0,3.447,-0.883,-2.009,-11.111,-0.001,-0.007,0.000,0.000,0.000,0.000
22340,-0.6919,0.1380,0.2998,0.0114,-0.1390,-0.0192,0.63,-0.43,-22.61,0,3.436,0.889,-6.243,-9.819,0.000,-0.006,0.000,0.000,0.000,0.000
22391,-0.6898,0.1310,0.2997,0.0163,-0.1452,-0.0144,0.75,-0.26,-23.10,0,3.447,2.373,-4.142,-8.548,-0.001,-0.009,0.000,0.000,0.000,0.000
22442,-0.6905,0.1212,0.2987,0.0118,-0.1579,-0.0139,0.89,-0.17,-23.53,0,3.436,-3.109,-3.515,-5.492,-0.002,-0.009,0.000,0.000,0.000,0.000
22493,-0.6895,0.1146,0.2983,0.0113,-0.1616,-0.0116,0.68,-0.16,-23.84,0,3.447,-7.996,-0.832,-3.477,0.000,-0.005,0.000,0.000,0.000,0.000
22544,-0.6889,0.1088,0.2982,0.0102,-0.1614,-0.0083,0.31,-0.11,-24.06,0,3.436,6.947,-1.368,-3.069,0.002,-0.005,0.000,0.000,0.000,0.000
22595,-0.6905,0.1004,0.2983,0.0047,-0.1651,-0.0033,0.41,-0.01,-24.19,0,3.447,-3.842,1.424,0.450,-0.001,-0.010,0.000,0.000,0.000,0.000
22646,-0.6887,0.0971,0.2971,0.0071,-0.1561,-0.0057,0.18,-0.04,-24.17,0,3.436,-4.209,1.733,3.754,0.001,-0.007,0.000,0.000,0.000,0.000
22697,-0.6903,0.0898,0.2980,0.0022,-0.1564,0.0032,-0.05,-0.13,-24.00,0,3.447,-2.953,-0.093,6.826,0.004,-0.006,0.000,0.000,0.000,0.000
22748,-0.6912,0.0806,0.2987,0.0010,-0.1597,0.0094,-0.18,-0.19,-23.68,0,3.436,-5.998,-0.660,8.968,0.002,-0.008,0.000,0.000,0.000,0.000
22799,-0.6920,0.0733,0.2978,0.0007,-0.1574,0.0065,-0.33,-0.20,-23.29,0,3.447,-1.546,2.536,7.694,0.003,-0.003,0.000,0.000,0.000,0.000
22850,-0.6919,0.0667,0.2983,0.0037,-0.1526,0.0101,-0.36,-0.33,-22.93,0,3.436,-3.899,0.828,7.630,0.001,-0.005,0.000,0.000,0.000,0.000
22900,-0.6942,0.0576,0.2986,0.0013,-0.1543,0.0114,-0.44,-0.34,-22.65,0,3.447,2.114,1.810,4.572,0.001,-0.012,0.000,0.000,0.000,0.000
22952,-0.6918,0.0523,0.2989,0.0110,-0.1460,0.0113,-0.57,-0.44,-22.31,0,3.436,-1.026,1.682,5.016,-0.001,-0.004,0.000,0.000,0.000,0.000
23003,-0.6937,0.0442,0.2984,0.0099,-0.1451,0.0089,-0.67,-0.42,-22.09,0,3.442,-1.130,2.273,4.727,0.001,-0.008,0.000,0.000,0.000,0.000
23053,-0.6921,0.0388,0.2992,0.0180,-0.1370,0.0130,-0.67,-0.46,-21.92,0,3.436,0.193,2.908,2.418,-0.003,-0.008,0.000,0.000,0.000,0.000
23104,-0.6908,0.0334,0.2982,0.0243,-0.1300,0.0078,-0.64,-0.58,-21.81,0,3.442,-0.267,1.381,0.714,-0.003,-0.009,0.000,0.000,0.000,0.000
23156,-0.6904,0.0270,0.3009,0.0291,-0.1265,0.0192,-0.74,-0.76,-21.69,0,3.442,-1.458,1.839,1.378,-0.001,-0.010,0.000,0.000,0.000,0.000
23207,-0.6873,0.0236,0.3008,0.0412,-0.1163,0.0156,-0.67,-0.85,-21.64,0,3.447,11.080,0.949,-0.644,0.000,-0.008,0.000,0.000,0.000,0.000
23258,-0.6870,0.0193,0.3016,0.0448,-0.1109,0.0157,-0.23,-0.85,-21.62,0,3.442,1.899,0.337,0.731,-0.002,-0.007,0.000,0.000,0.000,0.000
23309,-0.6826,0.0141,0.3049,0.0572,-0.1104,0.0248,-0.23,-0.83,-21.56,0,3.452,3.195,0.884,0.928,-0.005,-0.007,0.000,0.000,0.000,0.000
23360,-0.6806,0.0111,0.3065,0.0620,-0.1048,0.0228,-0.15,-0.81,-21.51,0,3.442,6.158,0.699,-0.071,-0.004,-0.011,0.000,0.000,0.000,0.000
23411,-0.6769,0.0072,0.3060,0.0694,-0.1032,0.0103,0.17,-0.77,-21.50,0,3.447,-0.395,3.785,-0.035,-0.002,-0.003,0.000,0.000,0.000,0.000
23462,-0.6731,0.0031,0.3058,0.0755,-0.1041,0.0006,0.21,-0.89,-21.50,0,3.442,-1.732,0.934,0.554,-0.002,-0.007,0.000,0.000,0.000,0.000
23512,-0.6703,-0.0008,0.3048,0.0795,-0.1050,-0.0108,0.15,-0.97,-21.49,0,3.442,2.631,-5.484,0.774,-0.002,-0.009,0.000,0.000,0.000,0.000
23564,-0.6668,-0.0057,0.3033,0.0847,-0.1080,-0.0196,0.07,-0.80,-21.44,0,3.436,-12.996,-1.384,2.700,-0.002,-0.009,0.000,0.000,0.000,0.000
23614,-0.6616,-0.0092,0.3032,0.0930,-0.1056,-0.0179,-0.24,-0.70,-21.34,0,3.442,-2.637,-2.355,2.916,0.001,-0.006,0.000,0.000,0.000,0.000
23666,-0.6584,-0.0145,0.3023,0.0951,-0.1052,-0.0187,-0.33,-0.54,-21.21,0,3.436,1.822,-3.984,4.348,0.002,-0.008,0.000,0.000,0.000,0.000
23717,-0.6526,-0.0194,0.3003,0.1024,-0.1036,-0.0221,-0.17,-0.39,-21.04,0,3.442,-7.448,0.479,5.484,-0.002,-0.006,0.000,0.000,0.000,0.000
23768,-0.6460,-0.0253,0.2987,0.1094,-0.1049,-0.0227,-0.32,-0.32,-20.79,0,3.436,-4.741,-0.062,5.067,0.001,-0.006,0.000,0.000,0.000,0.000
23818,-0.6394,-0.0298,0.2969,0.1158,-0.1007,-0.0233,-0.53,-0.35,-20.56,0,3.442,-5.077,1.850,2.364,0.001,-0.006,0.000,0.000,0.000,0.000
23870,-0.6343,-0.0344,0.2979,0.1182,-0.0962,-0.0120,-0.63,-0.36,-20.46,0,3.436,-0.722,-1.946,-1.802,0.000,-0.005,0.000,0.000,0.000,0.000
23921,-0.6284,-0.0396,0.2970,0.1225,-0.0932,-0.0126,-0.76,-0.24,-20.53,0,3.442,-0.631,0.309,-4.071,-0.001,-0.008,0.000,0.000,0.000,0.000
23972,-0.6208,-0.0436,0.2949,0.1299,-0.0863,-0.0183,-0.73,-0.20,-20.70,0,3.431,3.702,0.348,-5.169,0.001,-0.007,0.000,0.000,0.000,0.000
24023,-0.6157,-0.0481,0.2927,0.1301,-0.0823,-0.0230,-0.62,-0.27,-20.95,0,3.436,-0.487,0.091,-6.291,0.002,-0.009,0.000,0.000,0.000,0.000
24074,-0.6093,-0.0507,0.2908,0.1339,-0.0747,-0.0237,-0.65,-0.31,-21.25,0,3.431,1.090,-1.801,-5.903,0.001,-0.007,0.000,0.000,0.000,0.000
24125,-0.6035,-0.0538,0.2884,0.1362,-0.0694,-0.0260,-0.63,-0.34,-21.57,0,3.436,3.613,-3.485,-6.421,0.007,-0.005,0.000,0.000,0.000,0.000
24175,-0.5979,-0.0562,0.2857,0.1373,-0.0633,-0.0267,-0.53,-0.23,-21.87,0,3.426,0.018,0.998,-5.346,0.002,-0.003,0.000,0.000,0.000,0.000
24227,-0.5914,-0.0591,0.2823,0.1392,-0.0592,-0.0283,-0.48,-0.16,-22.13,0,3.431,3.918,-2.530,-6.274,0.004,-0.005,0.000,0.000,0.000,0.000
24277,-0.5841,-0.0615,0.2801,0.1426,-0.0547,-0.0230,-0.35,-0.09,-22.41,0,3.426,-0.671,-3.349,-6.533,0.001,-0.010,0.000,0.000,0.000,0.000
24329,-0.5768,-0.0632,0.2783,0.1449,-0.0497,-0.0165,-0.39,-0.01,-22.72,0,3.431,0.816,0.634,-8.648,0.004,-0.006,0.000,0.000,0.000,0.000
24380,-0.5691,-0.0660,0.2767,0.1476,-0.0473,-0.0086,-0.49,0.08,-23.11,0,3.426,1.877,-0.464,-9.562,0.003,-0.004,0.000,0.000,0.000,0.000
24431,-0.5633,-0.0682,0.2753,0.1450,-0.0432,-0.0005,-0.43,0.09,-23.55,0,3.436,3.449,1.576,-11.178,0.003,-0.004,0.000,0.000,0.000,0.000
24482,-0.5580,-0.0692,0.2763,0.1445,-0.0389,0.0141,-0.17,-0.07,-24.14,0,3.431,1.800,1.535,-15.857,-0.001,-0.007,0.000,0.000,0.000,0.000
24532,-0.5494,-0.0712,0.2773,0.1461,-0.0366,0.0278,-0.21,-0.15,-24.88,0,3.442,4.776,2.330,-19.324,0.001,-0.005,0.000,0.000,0.000,0.000
24584,-0.5427,-0.0733,0.2802,0.1465,-0.0364,0.0434,-0.01,-0.28,-25.80,0,3.436,4.362,1.909,-21.214,-0.003,-0.007,0.000,0.000,0.000,0.000
24634,-0.5354,-0.0753,0.2832,0.1485,-0.0384,0.0517,0.17,-0.42,-26.83,0,3.442,3.357,-3.028,-20.977,-0.002,-0.007,0.000,0.000,0.000,0.000
24685,-0.5270,-0.0777,0.2880,0.1534,-0.0427,0.0634,0.33,-0.35,-27.89,0,3.442,2.842,-2.261,-19.065,-0.003,-0.007,0.000,0.000,0.000,0.000
24737,-0.5213,-0.0802,0.2937,0.1529,-0.0481,0.0765,0.42,-0.37,-28.92,0,3.452,-1.049,0.914,-17.067,-0.005,-0.004,0.000,0.000,0.000,0.000
24788,-0.5127,-0.0832,0.3005,0.1527,-0.0534,0.0808,0.37,-0.37,-29.79,0,3.447,-0.672,-0.900,-15.218,-0.004,-0.005,0.000,0.000,0.000,0.000
24839,-0.5067,-0.0854,0.3050,0.1527,-0.0568,0.0784,0.39,-0.19,-30.60,0,3.457,-2.237,-1.984,-13.767,-0.004,-0.007,0.000,0.000,0.000,0.000
24890,-0.4980,-0.0895,0.3107,0.1552,-0.0637,0.0746,0.43,-0.11,-31.30,0,3.447,-0.564,1.856,-10.389,-0.004,-0.003,0.000,0.000,0.000,0.000
24941,-0.4910,-0.0926,0.3144,0.1520,-0.0667,0.0587,0.25,0.13,-31.84,0,3.452,-5.630,3.462,-8.167,-0.003,-0.008,0.000,0.000,0.000,0.000
24992,-0.4838,-0.0960,0.3161,0.1491,-0.0679,0.0352,-0.01,0.10,-32.26,0,3.447,0.032,-2.047,-5.677,-0.005,-0.008,0.000,0.000,0.000,0.000
25042,-0.4757,-0.1012,0.3175,0.1497,-0.0719,0.0183,-0.17,0.39,-32.57,0,3.447,-2.843,-3.779,-2.633,-0.005,-0.010,0.000,0.000,0.000,0.000
25094,-0.4678,-0.1056,0.3171,0.1491,-0.0714,-0.0016,-0.24,0.52,-32.73,0,3.436,-3.916,-0.495,-0.556,-0.005,-0.005,0.000,0.000,0.000,0.000
25145,-0.4599,-0.1093,0.3143,0.1479,-0.0678,-0.0241,-0.43,0.58,-32.77,0,3.442,-4.958,2.611,3.102,-0.002,-0.006,0.000,0.000,0.000,0.000
25196,-0.4529,-0.1142,0.3121,0.1449,-0.0665,-0.0347,-0.59,0.49,-32.70,0,3.431,-3.524,0.812,4.788,-0.001,-0.010,0.000,0.000,0.000,0.000
25247,-0.4468,-0.1176,0.3082,0.1411,-0.0605,-0.0449,-0.76,0.39,-32.50,0,3.436,-2.789,1.352,5.432,-0.004,-0.008,0.000,0.000,0.000,0.000
25298,-0.4394,-0.1213,0.3049,0.1422,-0.0547,-0.0463,-0.94,0.32,-32.20,0,3.431,-1.560,-0.534,7.422,-0.004,-0.007,0.000,0.000,0.000,0.000
25348,-0.4330,-0.1247,0.3037,0.1425,-0.0486,-0.0354,-1.05,0.27,-31.84,0,3.436,-1.358,-0.504,9.704,-0.004,-0.011,0.000,0.000,0.000,0.000
25400,-0.4268,-0.1268,0.3026,0.1426,-0.0394,-0.0247,-1.19,0.34,-31.37,0,3.431,-2.652,-2.258,11.343,-0.000,-0.009,0.000,0.000,0.000,0.000
25451,-0.4185,-0.1288,0.3020,0.1482,-0.0298,-0.0143,-1.33,0.47,-30.82,0,3.442,5.410,-2.313,12.590,-0.002,-0.010,0.000,0.000,0.000,0.000
25502,-0.4115,-0.1301,0.3011,0.1495,-0.0179,-0.0081,-1.31,0.62,-30.21,0,3.436,0.928,-3.252,11.706,-0.002,-0.007,0.000,0.000,0.000,0.000
25553,-0.4059,-0.1305,0.3000,0.1462,-0.0048,-0.0052,-1.26,0.68,-29.62,0,3.436,-0.943,3.415,9.205,-0.002,-0.008,0.000,0.000,0.000,0.000
25604,-0.3965,-0.1304,0.2994,0.1516,0.0076,0.0001,-1.30,0.53,-29.14,0,3.431,6.942,-1.515,6.535,-0.002,-0.009,0.000,0.000,0.000,0.000
25655,-0.3909,-0.1299,0.2994,0.1478,0.0192,0.0066,-1.04,0.52,-28.82,0,3.442,2.186,-0.402,3.336,0.001,-0.009,0.000,0.000,0.000,0.000
25706,-0.3836,-0.1287,0.2996,0.1478,0.0293,0.0103,-0.89,0.47,-28.62,0,3.431,2.356,4.538,1.046,-0.003,-0.010,0.000,0.000,0.000,0.000
25756,-0.3782,-0.1276,0.2999,0.1428,0.0363,0.0145,-0.62,0.39,-28.58,0,3.442,1.455,2.458,-1.218,-0.004,-0.009,0.000,0.000,0.000,0.000
25808,-0.3724,-0.1248,0.3006,0.1390,0.0447,0.0182,-0.47,0.29,-28.65,0,3.436,2.428,1.787,-4.922,-0.003,-0.010,0.000,0.000,0.000,0.000
25859,-0.3658,-0.1227,0.3011,0.1377,0.0487,0.0193,-0.33,0.20,-28.87,0,3.442,0.822,4.701,-7.297,-0.003,-0.007,0.000,0.000,0.000,0.000
25910,-0.3614,-0.1207,0.3019,0.1314,0.0507,0.0194,-0.13,0.02,-29.24,0,3.436,-1.966,1.390,-9.274,-0.004,-0.011,0.000,0.000,0.000,0.000
25962,-0.3549,-0.1179,0.3022,0.1318,0.0522,0.0158,-0.19,-0.07,-29.67,0,3.442,-0.597,2.379,-10.423,-0.001,-0.007,0.000,0.000,0.000,0.000
26013,-0.3499,-0.1138,0.3022,0.1291,0.0570,0.0105,-0.23,-0.12,-30.19,0,3.436,2.507,-11.005,-10.117,-0.004,-0.013,0.000,0.000,0.000,0.000
26064,-0.3432,-0.1122,0.3025,0.1314,0.0550,0.0075,-0.08,0.02,-30.71,0,3.442,-2.248,-0.925,-8.435,-0.010,-0.015,0.000,0.000,0.000,0.000
26115,-0.3380,-0.1093,0.3054,0.1275,0.0559,0.0173,-0.06,0.25,-31.17,0,3.436,1.240,5.779,-7.131,-0.002,-0.013,0.000,0.000,0.000,0.000
26166,-0.3310,-0.1081,0.3058,0.1275,0.0536,0.0129,-0.14,0.04,-31.51,0,3.442,-0.910,-0.959,-4.919,-0.002,-0.010,0.000,0.000,0.000,0.000
26216,-0.3270,-0.1052,0.3055,0.1216,0.0551,0.0043,-0.22,-0.01,-31.76,0,3.436,-1.036,-3.296,-3.243,-0.002,-0.011,0.000,0.000,0.000,0.000
26268,-0.3211,-0.1025,0.3043,0.1221,0.0563,-0.0048,-0.29,0.15,-31.95,0,3.442,-1.443,0.775,-0.626,-0.004,-0.010,0.000,0.000,0.000,0.000
26319,-0.3164,-0.1005,0.3034,0.1189,0.0566,-0.0104,-0.16,0.14,-32.04,0,3.436,0.132,2.459,0.119,0.000,-0.012,0.000,0.000,0.000,0.000
26369,-0.3123,-0.0975,0.3027,0.1143,0.0586,-0.0142,0.02,0.05,-32.08,0,3.442,-2.779,-1.591,0.572,-0.002,-0.016,0.000,0.000,0.000,0.000
26421,-0.3085,-0.0947,0.3006,0.1091,0.0585,-0.0245,0.03,0.12,-32.06,0,3.431,-6.064,0.178,1.276,-0.004,-0.013,0.000,0.000,0.000,0.000
26472,-0.3037,-0.0922,0.3003,0.1067,0.0577,-0.0230,-0.23,0.16,-31.99,0,3.442,-2.609,2.354,2.773,-0.005,-0.009,0.000,0.000,0.000,0.000
26523,-0.3004,-0.0897,0.3005,0.1016,0.0591,-0.0185,-0.40,0.13,-31.88,0,3.436,-2.946,-1.611,3.295,-0.002,-0.011,0.000,0.000,0.000,0.000
26574,-0.2961,-0.0863,0.3000,0.1005,0.0636,-0.0179,-0.49,0.10,-31.74,0,3.442,3.076,-1.090,1.681,-0.001,-0.015,0.000,0.000,0.000,0.000
26624,-0.2923,-0.0851,0.3006,0.0988,0.0626,-0.0124,-0.47,0.14,-31.63,0,3.431,-1.542,-2.172,3.940,-0.000,-0.013,0.000,0.000,0.000,0.000
26676,-0.2878,-0.0825,0.3013,0.0988,0.0649,-0.0089,-0.45,0.23,-31.49,0,3.442,-3.688,-3.066,3.355,-0.001,-0.012,0.000,0.000,0.000,0.000
26726,-0.2841,-0.0795,0.2997,0.0959,0.0682,-0.0168,-0.52,0.35,-31.35,0,3.431,-2.362,-4.638,2.606,-0.000,-0.010,0.000,0.000,0.000,0.000
26777,-0.2788,-0.0753,0.2991,0.0967,0.0753,-0.0172,-0.66,0.58,-31.22,0,3.436,2.225,-0.893,2.633,-0.006,-0.015,0.000,0.000,0.000,0.000
26829,-0.2744,-0.0722,0.2998,0.0946,0.0804,-0.0106,-0.67,0.60,-31.10,0,3.431,2.838,2.306,3.041,-0.001,-0.017,0.000,0.000,0.000,0.000
26879,-0.2702,-0.0690,0.2990,0.0920,0.0855,-0.0118,-0.44,0.54,-30.99,0,3.442,1.075,-0.108,1.299,0.002,-0.016,0.000,0.000,0.000,0.000
26931,-0.2673,-0.0633,0.2989,0.0862,0.0944,-0.0105,-0.38,0.58,-30.94,0,3.431,4.054,2.883,1.079,0.001,-0.013,0.000,0.000,0.000,0.000
26981,-0.2626,-0.0586,0.2985,0.0846,0.0993,-0.0099,-0.27,0.50,-30.89,0,3.442,3.418,5.744,0.645,0.000,-0.011,0.000,0.000,0.000,0.000
27033,-0.2595,-0.0543,0.2988,0.0792,0.1012,-0.0078,-0.05,0.28,-30.87,0,3.431,0.414,1.094,-0.395,0.001,-0.013,0.000,0.000,0.000,0.000
27084,-0.2562,-0.0503,0.2980,0.0761,0.1004,-0.0112,0.05,0.14,-30.89,0,3.436,-8.106,-3.677,-1.883,-0.003,-0.015,0.000,0.000,0.000,0.000
27135,-0.2534,-0.0465,0.2979,0.0723,0.0979,-0.0115,-0.21,0.25,-30.97,0,3.431,-8.673,-2.245,-1.883,-0.001,-0.012,0.000,0.000,0.000,0.000
27186,-0.2502,-0.0429,0.2965,0.0705,0.0972,-0.0161,-0.47,0.35,-31.08,0,3.431,-0.740,-0.696,-4.197,-0.000,-0.012,0.000,0.000,0.000,0.000
27236,-0.2469,-0.0385,0.2936,0.0695,0.1006,-0.0244,-0.55,0.37,-31.26,0,3.426,-0.011,-0.716,-4.961,-0.002,-0.012,0.000,0.000,0.000,0.000
27288,-0.2434,-0.0338,0.2908,0.0694,0.1052,-0.0287,-0.52,0.44,-31.50,0,3.431,4.664,-1.920,-5.631,-0.002,-0.011,0.000,0.000,0.000,0.000
27339,-0.2398,-0.0268,0.2887,0.0689,0.1149,-0.0279,-0.50,0.57,-31.73,0,3.426,3.995,-1.455,-4.932,-0.002,-0.015,0.000,0.000,0.000,0.000
27390,-0.2366,-0.0228,0.2869,0.0665,0.1164,-0.0252,-0.26,0.56,-31.99,0,3.431,-0.699,3.954,-4.932,-0.002,-0.018,0.000,0.000,0.000,0.000
27440,-0.2336,-0.0172,0.2836,0.0632,0.1206,-0.0274,-0.18,0.49,-32.26,0,3.426,-2.147,0.612,-5.306,0.002,-0.019,0.000,0.000,0.000,0.000
27492,-0.2306,-0.0112,0.2799,0.0599,0.1238,-0.0295,-0.20,0.51,-32.55,0,3.426,-2.931,0.010,-3.302,-0.003,-0.015,0.000,0.000,0.000,0.000
27542,-0.2277,-0.0057,0.2774,0.0572,0.1258,-0.0235,-0.21,0.55,-32.72,0,3.421,5.858,4.996,-3.155,0.004,-0.015,0.000,0.000,0.000,0.000
27594,-0.2263,-0.0032,0.2771,0.0509,0.1200,-0.0068,-0.04,0.36,-32.90,0,3.426,5.469,-1.692,-3.700,0.006,-0.010,0.000,0.000,0.000,0.000
27645,-0.2239,0.0017,0.2766,0.0484,0.1198,0.0032,-0.09,0.45,-33.01,0,3.421,-0.090,-2.899,-4.536,0.001,-0.013,0.000,0.000,0.000,0.000
27695,-0.2219,0.0082,0.2767,0.0448,0.1237,0.0137,-0.08,0.53,-33.19,0,3.431,-4.553,-0.563,-4.151,0.002,-0.014,0.000,0.000,0.000,0.000
27746,-0.2182,0.0140,0.2792,0.0453,0.1260,0.0313,-0.19,0.50,-33.41,0,3.431,3.660,6.484,-6.077,0.000,-0.011,0.000,0.000,0.000,0.000
27798,-0.2199,0.0172,0.2811,0.0335,0.1217,0.0398,-0.20,0.32,-33.66,0,3.436,-7.718,-2.240,-3.146,0.003,-0.014,0.000,0.000,0.000,0.000
27848,-0.2177,0.0232,0.2824,0.0336,0.1242,0.0407,-0.33,0.35,-33.87,0,3.431,-6.096,-2.609,-0.898,-0.001,-0.013,0.000,0.000,0.000,0.000
27900,-0.2160,0.0287,0.2844,0.0327,0.1269,0.0415,-0.58,0.50,-33.96,0,3.436,1.514,0.958,0.912,0.004,-0.017,0.000,0.000,0.000,0.000
27950,-0.2141,0.0339,0.2861,0.0330,0.1303,0.0408,-0.60,0.48,-33.94,0,3.431,-0.321,5.328,1.506,-0.000,-0.017,0.000,0.000,0.000,0.000
28002,-0.2141,0.0375,0.2872,0.0285,0.1286,0.0346,-0.50,0.27,-33.85,0,3.436,0.088,-4.362,3.659,0.002,-0.012,0.000,0.000,0.000,0.000
28052,-0.2102,0.0473,0.2911,0.0353,0.1416,0.0426,-0.56,0.36,-33.69,0,3.431,3.265,-7.865,3.789,0.001,-0.013,0.000,0.000,0.000,0.000
28104,-0.2101,0.0522,0.2929,0.0308,0.1415,0.0373,-0.42,0.64,-33.51,0,3.436,4.500,-0.500,4.565,-0.001,-0.015,0.000,0.000,0.000,0.000
28155,-0.2083,0.0576,0.2950,0.0286,0.1428,0.0329,-0.33,0.80,-33.25,0,3.431,6.318,1.913,5.183,0.001,-0.015,0.000,0.000,0.000,0.000
28205,-0.2088,0.0617,0.2953,0.0197,0.1399,0.0212,-0.09,0.71,-32.97,0,3.436,6.802,-2.332,5.280,0.000,-0.017,0.000,0.000,0.000,0.000
28256,-0.2086,0.0673,0.2960,0.0134,0.1396,0.0131,0.11,0.71,-32.70,0,3.431,-1.426,-3.694,5.117,0.003,-0.015,0.000,0.000,0.000,0.000
28308,-0.2073,0.0739,0.2944,0.0096,0.1415,-0.0010,-0.03,0.87,-32.43,0,3.436,-2.742,2.141,4.239,0.002,-0.016,0.000,0.000,0.000,0.000
28358,-0.2087,0.0787,0.2961,-0.0008,0.1396,0.0047,-0.08,0.87,-32.19,0,3.431,2.076,0.244,6.615,0.000,-0.018,0.000,0.000,0.000,0.000
28410,-0.2087,0.0860,0.2967,-0.0059,0.1452,0.0043,-0.10,0.86,-31.88,0,3.436,4.287,1.856,4.890,0.003,-0.015,0.000,0.000,0.000,0.000
28461,-0.2101,0.0915,0.2975,-0.0142,0.1450,0.0052,-0.03,0.81,-31.57,0,3.431,2.035,-0.639,6.665,0.002,-0.016,0.000,0.000,0.000,0.000
28512,-0.2101,0.0994,0.2969,-0.0180,0.1497,-0.0002,0.07,0.76,-31.21,0,3.436,0.734,1.896,4.509,0.005,-0.013,0.000,0.000,0.000,0.000
28563,-0.2108,0.1055,0.2964,-0.0226,0.1490,-0.0054,0.06,0.63,-30.92,0,3.431,-4.467,7.042,3.929,0.004,-0.015,0.000,0.000,0.000,0.000
28614,-0.2120,0.1114,0.2974,-0.0270,0.1471,-0.0038,-0.05,0.32,-30.73,0,3.436,-0.832,0.677,3.513,0.002,-0.015,0.000,0.000,0.000,0.000
28664,-0.2136,0.1175,0.2959,-0.0295,0.1458,-0.0137,-0.05,0.19,-30.58,0,3.431,3.589,1.400,2.329,0.003,-0.017,0.000,0.000,0.000,0.000
28716,-0.2159,0.1227,0.2942,-0.0324,0.1415,-0.0227,0.01,0.13,-30.42,0,3.431,-4.610,0.061,4.313,0.003,-0.015,0.000,0.000,0.000,0.000
28767,-0.2185,0.1298,0.2899,-0.0357,0.1421,-0.0405,-0.11,0.13,-30.23,0,3.421,-2.558,-1.114,5.436,0.004,-0.013,0.000,0.000,0.000,0.000
28818,-0.2211,0.1370,0.2891,-0.0381,0.1440,-0.0357,-0.22,0.19,-30.01,0,3.431,2.251,-1.519,4.057,0.006,-0.015,0.000,0.000,0.000,0.000
28868,-0.2241,0.1421,0.2870,-0.0415,0.1406,-0.0348,-0.11,0.23,-29.78,0,3.421,-2.342,-1.872,5.222,0.001,-0.015,0.000,0.000,0.000,0.000
28919,-0.2251,0.1490,0.2851,-0.0401,0.1421,-0.0306,-0.16,0.26,-29.52,0,3.431,2.112,-4.556,5.725,-0.000,-0.017,0.000,0.000,0.000,0.000
28971,-0.2269,0.1544,0.2848,-0.0411,0.1397,-0.0177,-0.14,0.39,-29.23,0,3.421,4.237,-5.117,7.272,0.001,-0.016,0.000,0.000,0.000,0.000
29022,-0.2290,0.1603,0.2828,-0.0441,0.1395,-0.0155,0.10,0.64,-28.90,0,3.426,1.072,-1.383,7.667,0.004,-0.016,0.000,0.000,0.000,0.000
29073,-0.2303,0.1643,0.2830,-0.0471,0.1365,-0.0063,0.27,0.72,-28.53,0,3.421,-0.131,-0.964,6.399,0.000,-0.016,0.000,0.000,0.000,0.000
29124,-0.2320,0.1719,0.2829,-0.0519,0.1391,0.0013,0.46,0.80,-28.23,0,3.426,4.326,4.020,3.891,0.002,-0.011,0.000,0.000,0.000,0.000
29174,-0.2355,0.1783,0.2831,-0.0620,0.1375,0.0072,0.61,0.84,-27.98,0,3.426,-0.187,0.450,4.240,0.000,-0.012,0.000,0.000,0.000,0.000
29226,-0.2382,0.1845,0.2840,-0.0691,0.1344,0.0145,0.77,0.79,-27.79,0,3.431,-4.644,-1.552,3.146,0.003,-0.012,0.000,0.000,0.000,0.000
29277,-0.2437,0.1915,0.2832,-0.0832,0.1325,0.0113,0.79,0.76,-27.64,0,3.426,1.933,5.128,0.716,0.001,-0.012,0.000,0.000,0.000,0.000
29328,-0.2481,0.1991,0.2838,-0.0913,0.1282,0.0154,0.72,0.57,-27.58,0,3.431,-2.040,-0.912,0.841,0.004,-0.010,0.000,0.000,0.000,0.000
29379,-0.2498,0.2041,0.2841,-0.0915,0.1255,0.0163,0.69,0.55,-27.56,0,3.426,2.205,11.239,-2.308,0.000,-0.012,0.000,0.000,0.000,0.000
29429,-0.2544,0.2105,0.2855,-0.0962,0.1191,0.0233,0.66,0.35,-27.62,0,3.436,-0.900,3.425,-2.862,0.002,-0.011,0.000,0.000,0.000,0.000
29481,-0.2609,0.2161,0.2871,-0.1066,0.1186,0.0290,0.60,0.16,-27.77,0,3.431,-2.981,0.187,-3.071,0.003,-0.011,0.000,0.000,0.000,0.000
29532,-0.2664,0.2221,0.2893,-0.1105,0.1152,0.0349,0.51,0.19,-27.91,0,3.431,0.063,-2.926,-3.489,0.002,-0.009,0.000,0.000,0.000,0.000
29583,-0.2742,0.2284,0.2895,-0.1196,0.1134,0.0270,0.57,0.19,-28.07,0,3.426,0.838,1.090,-1.491,-0.001,-0.017,0.000,0.000,0.000,0.000
29634,-0.2783,0.2335,0.2899,-0.1184,0.1085,0.0217,0.68,0.10,-28.17,0,3.431,0.449,-0.630,-0.346,0.000,-0.015,0.000,0.000,0.000,0.000
29684,-0.2836,0.2402,0.2918,-0.1202,0.1071,0.0245,0.74,0.09,-28.23,0,3.426,4.020,-2.135,-0.377,0.004,-0.008,0.000,0.000,0.000,0.000
29735,-0.2899,0.2461,0.2914,-0.1248,0.1037,0.0161,0.89,0.09,-28.24,0,3.431,4.032,1.442,-0.848,0.004,-0.013,0.000,0.000,0.000,0.000
29787,-0.2941,0.2517,0.2923,-0.1232,0.0986,0.0151,1.10,0.06,-28.27,0,3.426,-2.485,-4.052,-0.500,0.001,-0.014,0.000,0.000,0.000,0.000
29838,-0.3005,0.2565,0.2932,-0.1284,0.0908,0.0145,1.07,0.18,-28.30,0,3.431,-3.252,-3.909,0.645,-0.000,-0.009,0.000,0.000,0.000,0.000
29888,-0.3074,0.2618,0.2922,-0.1346,0.0857,0.0051,1.04,0.28,-28.31,0,3.426,-0.334,3.115,1.259,0.002,-0.008,0.000,0.000,0.000,0.000
29940,-0.3139,0.2669,0.2928,-0.1400,0.0816,0.0071,1.01,0.19,-28.27,0,3.431,-1.717,2.028,1.397,0.002,-0.008,0.000,0.000,0.000,0.000
29991,-0.3230,0.2717,0.2932,-0.1507,0.0772,0.0068,0.99,0.13,-28.21,0,3.421,-1.998,0.979,1.706,-0.001,-0.012,0.000,0.000,0.000,0.000
